ISO-10303-21;
HEADER;
/* Generated by software containing ST-Developer
 * from STEP Tools, Inc. (www.steptools.com) 
 */

FILE_DESCRIPTION(
/* description */ (''),
/* implementation_level */ '2;1');

FILE_NAME(
/* name */ 'Dropsense Mark-2 reciever part-2 v8.step',
/* time_stamp */ '2026-07-26T12:40:03+05:30',
/* author */ (''),
/* organization */ (''),
/* preprocessor_version */ 'ST-DEVELOPER v20.1',
/* originating_system */ 'Autodesk Translation Framework v15.8.0.0',
/* authorisation */ '');

FILE_SCHEMA (('AUTOMOTIVE_DESIGN { 1 0 10303 214 3 1 1 }'));
ENDSEC;

DATA;
#10=MECHANICAL_DESIGN_GEOMETRIC_PRESENTATION_REPRESENTATION('',(#13),#11350);
#11=SHAPE_REPRESENTATION_RELATIONSHIP('SRR','None',#11357,#12);
#12=ADVANCED_BREP_SHAPE_REPRESENTATION('',(#14),#11349);
#13=STYLED_ITEM('',(#11366),#14);
#14=MANIFOLD_SOLID_BREP('Body1',#5886);
#15=ELLIPSE('',#6080,7.07106781186548,5.);
#16=ELLIPSE('',#6081,7.07106781186547,5.);
#17=ELLIPSE('',#6083,7.07106781186547,5.);
#18=ELLIPSE('',#6085,7.07106781186548,5.);
#19=CIRCLE('',#6036,5.);
#20=CIRCLE('',#6037,5.);
#21=CIRCLE('',#6040,5.);
#22=CIRCLE('',#6041,5.);
#23=CIRCLE('',#6042,5.);
#24=CIRCLE('',#6043,2.65);
#25=CIRCLE('',#6044,2.65);
#26=CIRCLE('',#6045,2.65);
#27=CIRCLE('',#6046,2.65);
#28=CIRCLE('',#6048,5.);
#29=CIRCLE('',#6051,5.);
#30=CIRCLE('',#6053,5.);
#31=CIRCLE('',#6055,1.5);
#32=CIRCLE('',#6056,1.5);
#33=CIRCLE('',#6057,1.5);
#34=CIRCLE('',#6058,1.5);
#35=CIRCLE('',#6060,2.65);
#36=CIRCLE('',#6062,1.5);
#37=CIRCLE('',#6064,2.65);
#38=CIRCLE('',#6066,1.5);
#39=CIRCLE('',#6068,2.65);
#40=CIRCLE('',#6070,1.5);
#41=CIRCLE('',#6072,2.65);
#42=CIRCLE('',#6074,1.5);
#43=CYLINDRICAL_SURFACE('',#6035,5.);
#44=CYLINDRICAL_SURFACE('',#6047,5.);
#45=CYLINDRICAL_SURFACE('',#6050,5.);
#46=CYLINDRICAL_SURFACE('',#6052,5.);
#47=CYLINDRICAL_SURFACE('',#6059,2.65);
#48=CYLINDRICAL_SURFACE('',#6063,2.65);
#49=CYLINDRICAL_SURFACE('',#6067,2.65);
#50=CYLINDRICAL_SURFACE('',#6071,2.65);
#51=CYLINDRICAL_SURFACE('',#6075,1.5);
#52=CYLINDRICAL_SURFACE('',#6076,1.5);
#53=CYLINDRICAL_SURFACE('',#6077,1.5);
#54=CYLINDRICAL_SURFACE('',#6078,1.5);
#55=CYLINDRICAL_SURFACE('',#6079,5.);
#56=CYLINDRICAL_SURFACE('',#6082,5.);
#57=CYLINDRICAL_SURFACE('',#6084,5.);
#58=CYLINDRICAL_SURFACE('',#6086,5.);
#59=FACE_BOUND('',#891,.T.);
#60=FACE_BOUND('',#915,.T.);
#61=FACE_BOUND('',#1025,.T.);
#62=FACE_BOUND('',#1057,.T.);
#63=FACE_BOUND('',#1132,.T.);
#64=FACE_BOUND('',#1159,.T.);
#65=FACE_BOUND('',#1164,.T.);
#66=FACE_BOUND('',#1165,.T.);
#67=FACE_BOUND('',#1166,.T.);
#68=FACE_BOUND('',#1167,.T.);
#69=FACE_BOUND('',#1168,.T.);
#70=FACE_BOUND('',#1169,.T.);
#71=FACE_BOUND('',#1170,.T.);
#72=FACE_BOUND('',#1171,.T.);
#73=FACE_BOUND('',#1172,.T.);
#74=FACE_BOUND('',#1173,.T.);
#75=FACE_BOUND('',#1174,.T.);
#76=FACE_BOUND('',#1175,.T.);
#77=FACE_BOUND('',#1176,.T.);
#78=FACE_BOUND('',#1177,.T.);
#79=FACE_BOUND('',#1178,.T.);
#80=FACE_BOUND('',#1179,.T.);
#81=FACE_BOUND('',#1180,.T.);
#82=FACE_BOUND('',#1181,.T.);
#83=FACE_BOUND('',#1182,.T.);
#84=FACE_BOUND('',#1183,.T.);
#85=FACE_BOUND('',#1189,.T.);
#86=FACE_BOUND('',#1190,.T.);
#87=FACE_BOUND('',#1191,.T.);
#88=FACE_BOUND('',#1192,.T.);
#89=FACE_BOUND('',#1193,.T.);
#90=FACE_BOUND('',#1196,.T.);
#91=FACE_BOUND('',#1199,.T.);
#92=FACE_BOUND('',#1202,.T.);
#93=FACE_BOUND('',#1205,.T.);
#94=B_SPLINE_CURVE_WITH_KNOTS('',3,(#7017,#7018,#7019,#7020,#7021),
 .UNSPECIFIED.,.F.,.F.,(4,1,4),(0.,0.0390768575897546,0.0659749004573885),
 .UNSPECIFIED.);
#95=B_SPLINE_CURVE_WITH_KNOTS('',3,(#7023,#7024,#7025,#7026,#7027),
 .UNSPECIFIED.,.F.,.F.,(4,1,4),(-0.0659749004573885,-0.0390768575897546,
0.),.UNSPECIFIED.);
#96=B_SPLINE_CURVE_WITH_KNOTS('',3,(#7040,#7041,#7042,#7043,#7044),
 .UNSPECIFIED.,.F.,.F.,(4,1,4),(0.,0.0210595939259196,0.0429932236618395),
 .UNSPECIFIED.);
#97=B_SPLINE_CURVE_WITH_KNOTS('',3,(#7046,#7047,#7048,#7049,#7050),
 .UNSPECIFIED.,.F.,.F.,(4,1,4),(-0.0429932236618395,-0.0210595939259196,
0.),.UNSPECIFIED.);
#98=B_SPLINE_CURVE_WITH_KNOTS('',3,(#7063,#7064,#7065,#7066,#7067),
 .UNSPECIFIED.,.F.,.F.,(4,1,4),(0.,0.0341383866895664,0.0721286777088017),
 .UNSPECIFIED.);
#99=B_SPLINE_CURVE_WITH_KNOTS('',3,(#7069,#7070,#7071,#7072,#7073),
 .UNSPECIFIED.,.F.,.F.,(4,1,4),(-0.0721286777088017,-0.0341383866895664,
0.),.UNSPECIFIED.);
#100=B_SPLINE_CURVE_WITH_KNOTS('',3,(#7086,#7087,#7088,#7089,#7090),
 .UNSPECIFIED.,.F.,.F.,(4,1,4),(0.,0.0420067476966004,0.0888494850072511),
 .UNSPECIFIED.);
#101=B_SPLINE_CURVE_WITH_KNOTS('',3,(#7092,#7093,#7094,#7095,#7096),
 .UNSPECIFIED.,.F.,.F.,(4,1,4),(-0.0888494850072511,-0.0420067476966004,
0.),.UNSPECIFIED.);
#102=B_SPLINE_CURVE_WITH_KNOTS('',3,(#7109,#7110,#7111,#7112,#7113),
 .UNSPECIFIED.,.F.,.F.,(4,1,4),(0.,0.0374371722056447,0.0660722551046295),
 .UNSPECIFIED.);
#103=B_SPLINE_CURVE_WITH_KNOTS('',3,(#7115,#7116,#7117,#7118,#7119),
 .UNSPECIFIED.,.F.,.F.,(4,1,4),(-0.0660722551046295,-0.0374371722056447,
0.),.UNSPECIFIED.);
#104=B_SPLINE_CURVE_WITH_KNOTS('',3,(#7132,#7133,#7134,#7135,#7136),
 .UNSPECIFIED.,.F.,.F.,(4,1,4),(0.,0.0235539437657927,0.0449893261055514),
 .UNSPECIFIED.);
#105=B_SPLINE_CURVE_WITH_KNOTS('',3,(#7138,#7139,#7140,#7141,#7142),
 .UNSPECIFIED.,.F.,.F.,(4,1,4),(-0.0449893261055514,-0.0235539437657927,
0.),.UNSPECIFIED.);
#106=B_SPLINE_CURVE_WITH_KNOTS('',3,(#7155,#7156,#7157,#7158,#7159),
 .UNSPECIFIED.,.F.,.F.,(4,1,4),(0.,0.0200546450333013,0.0508431209799306),
 .UNSPECIFIED.);
#107=B_SPLINE_CURVE_WITH_KNOTS('',3,(#7161,#7162,#7163,#7164,#7165),
 .UNSPECIFIED.,.F.,.F.,(4,1,4),(-0.0508431209799306,-0.0200546450333013,
0.),.UNSPECIFIED.);
#108=B_SPLINE_CURVE_WITH_KNOTS('',3,(#7202,#7203,#7204,#7205,#7206),
 .UNSPECIFIED.,.F.,.F.,(4,1,4),(0.,0.036904718918472,0.0575984775615205),
 .UNSPECIFIED.);
#109=B_SPLINE_CURVE_WITH_KNOTS('',3,(#7208,#7209,#7210,#7211,#7212),
 .UNSPECIFIED.,.F.,.F.,(4,1,4),(-0.0575984775615205,-0.036904718918472,
0.),.UNSPECIFIED.);
#110=B_SPLINE_CURVE_WITH_KNOTS('',3,(#7225,#7226,#7227,#7228,#7229),
 .UNSPECIFIED.,.F.,.F.,(4,1,4),(0.,0.0237969706635324,0.045580140456546),
 .UNSPECIFIED.);
#111=B_SPLINE_CURVE_WITH_KNOTS('',3,(#7231,#7232,#7233,#7234,#7235),
 .UNSPECIFIED.,.F.,.F.,(4,1,4),(-0.045580140456546,-0.0237969706635324,
0.),.UNSPECIFIED.);
#112=B_SPLINE_CURVE_WITH_KNOTS('',3,(#7248,#7249,#7250,#7251,#7252),
 .UNSPECIFIED.,.F.,.F.,(4,1,4),(0.,0.0207595376767159,0.0415872871623835),
 .UNSPECIFIED.);
#113=B_SPLINE_CURVE_WITH_KNOTS('',3,(#7254,#7255,#7256,#7257,#7258),
 .UNSPECIFIED.,.F.,.F.,(4,1,4),(-0.0415872871623835,-0.0207595376767159,
0.),.UNSPECIFIED.);
#114=B_SPLINE_CURVE_WITH_KNOTS('',3,(#7271,#7272,#7273,#7274,#7275),
 .UNSPECIFIED.,.F.,.F.,(4,1,4),(0.,0.021248051943093,0.0432490115191169),
 .UNSPECIFIED.);
#115=B_SPLINE_CURVE_WITH_KNOTS('',3,(#7277,#7278,#7279,#7280,#7281),
 .UNSPECIFIED.,.F.,.F.,(4,1,4),(-0.0432490115191169,-0.021248051943093,
0.),.UNSPECIFIED.);
#116=B_SPLINE_CURVE_WITH_KNOTS('',3,(#7294,#7295,#7296,#7297,#7298),
 .UNSPECIFIED.,.F.,.F.,(4,1,4),(0.,0.0232304501500361,0.048189709031452),
 .UNSPECIFIED.);
#117=B_SPLINE_CURVE_WITH_KNOTS('',3,(#7300,#7301,#7302,#7303,#7304),
 .UNSPECIFIED.,.F.,.F.,(4,1,4),(-0.048189709031452,-0.0232304501500361,
0.),.UNSPECIFIED.);
#118=B_SPLINE_CURVE_WITH_KNOTS('',3,(#7317,#7318,#7319,#7320,#7321),
 .UNSPECIFIED.,.F.,.F.,(4,1,4),(0.,0.0268482203931805,0.0557108120895028),
 .UNSPECIFIED.);
#119=B_SPLINE_CURVE_WITH_KNOTS('',3,(#7323,#7324,#7325,#7326,#7327),
 .UNSPECIFIED.,.F.,.F.,(4,1,4),(-0.0557108120895028,-0.0268482203931805,
0.),.UNSPECIFIED.);
#120=B_SPLINE_CURVE_WITH_KNOTS('',3,(#7340,#7341,#7342,#7343,#7344),
 .UNSPECIFIED.,.F.,.F.,(4,1,4),(0.,0.0613278711326807,0.118148320357354),
 .UNSPECIFIED.);
#121=B_SPLINE_CURVE_WITH_KNOTS('',3,(#7346,#7347,#7348,#7349,#7350),
 .UNSPECIFIED.,.F.,.F.,(4,1,4),(-0.118148320357354,-0.0613278711326807,
0.),.UNSPECIFIED.);
#122=B_SPLINE_CURVE_WITH_KNOTS('',3,(#7363,#7364,#7365,#7366,#7367),
 .UNSPECIFIED.,.F.,.F.,(4,1,4),(0.,0.0528591712750372,0.101527882908545),
 .UNSPECIFIED.);
#123=B_SPLINE_CURVE_WITH_KNOTS('',3,(#7369,#7370,#7371,#7372,#7373),
 .UNSPECIFIED.,.F.,.F.,(4,1,4),(-0.101527882908545,-0.0528591712750372,
0.),.UNSPECIFIED.);
#124=B_SPLINE_CURVE_WITH_KNOTS('',3,(#7386,#7387,#7388,#7389,#7390),
 .UNSPECIFIED.,.F.,.F.,(4,1,4),(0.,0.038382992875452,0.0818054242543988),
 .UNSPECIFIED.);
#125=B_SPLINE_CURVE_WITH_KNOTS('',3,(#7392,#7393,#7394,#7395,#7396),
 .UNSPECIFIED.,.F.,.F.,(4,1,4),(-0.0818054242543988,-0.038382992875452,
0.),.UNSPECIFIED.);
#126=B_SPLINE_CURVE_WITH_KNOTS('',3,(#7409,#7410,#7411,#7412,#7413),
 .UNSPECIFIED.,.F.,.F.,(4,1,4),(0.,0.0328474990391401,0.0791883100470182),
 .UNSPECIFIED.);
#127=B_SPLINE_CURVE_WITH_KNOTS('',3,(#7415,#7416,#7417,#7418,#7419),
 .UNSPECIFIED.,.F.,.F.,(4,1,4),(-0.0791883100470182,-0.0328474990391401,
0.),.UNSPECIFIED.);
#128=B_SPLINE_CURVE_WITH_KNOTS('',3,(#7438,#7439,#7440,#7441,#7442),
 .UNSPECIFIED.,.F.,.F.,(4,1,4),(0.,0.0383747537873553,0.0747919986376431),
 .UNSPECIFIED.);
#129=B_SPLINE_CURVE_WITH_KNOTS('',3,(#7446,#7447,#7448,#7449,#7450),
 .UNSPECIFIED.,.F.,.F.,(4,1,4),(-0.0747919986376431,-0.0383747537873553,
0.),.UNSPECIFIED.);
#130=B_SPLINE_CURVE_WITH_KNOTS('',3,(#7463,#7464,#7465,#7466,#7467),
 .UNSPECIFIED.,.F.,.F.,(4,1,4),(0.,0.0357784191291339,0.07339874628087),
 .UNSPECIFIED.);
#131=B_SPLINE_CURVE_WITH_KNOTS('',3,(#7469,#7470,#7471,#7472,#7473),
 .UNSPECIFIED.,.F.,.F.,(4,1,4),(-0.07339874628087,-0.0357784191291339,0.),
 .UNSPECIFIED.);
#132=B_SPLINE_CURVE_WITH_KNOTS('',3,(#7486,#7487,#7488,#7489,#7490),
 .UNSPECIFIED.,.F.,.F.,(4,1,4),(0.,0.0330985266980128,0.0685075757618607),
 .UNSPECIFIED.);
#133=B_SPLINE_CURVE_WITH_KNOTS('',3,(#7492,#7493,#7494,#7495,#7496),
 .UNSPECIFIED.,.F.,.F.,(4,1,4),(-0.0685075757618607,-0.0330985266980128,
0.),.UNSPECIFIED.);
#134=B_SPLINE_CURVE_WITH_KNOTS('',3,(#7509,#7510,#7511,#7512,#7513),
 .UNSPECIFIED.,.F.,.F.,(4,1,4),(0.,0.0393598982812384,0.0844490022802412),
 .UNSPECIFIED.);
#135=B_SPLINE_CURVE_WITH_KNOTS('',3,(#7515,#7516,#7517,#7518,#7519),
 .UNSPECIFIED.,.F.,.F.,(4,1,4),(-0.0844490022802412,-0.0393598982812384,
0.),.UNSPECIFIED.);
#136=B_SPLINE_CURVE_WITH_KNOTS('',3,(#7532,#7533,#7534,#7535,#7536),
 .UNSPECIFIED.,.F.,.F.,(4,1,4),(0.,0.0465294581032856,0.089693344178244),
 .UNSPECIFIED.);
#137=B_SPLINE_CURVE_WITH_KNOTS('',3,(#7538,#7539,#7540,#7541,#7542),
 .UNSPECIFIED.,.F.,.F.,(4,1,4),(-0.089693344178244,-0.0465294581032856,
0.),.UNSPECIFIED.);
#138=B_SPLINE_CURVE_WITH_KNOTS('',3,(#7555,#7556,#7557,#7558,#7559),
 .UNSPECIFIED.,.F.,.F.,(4,1,4),(0.,0.0425964498191275,0.0797917450767559),
 .UNSPECIFIED.);
#139=B_SPLINE_CURVE_WITH_KNOTS('',3,(#7561,#7562,#7563,#7564,#7565),
 .UNSPECIFIED.,.F.,.F.,(4,1,4),(-0.0797917450767559,-0.0425964498191275,
0.),.UNSPECIFIED.);
#140=B_SPLINE_CURVE_WITH_KNOTS('',3,(#7578,#7579,#7580,#7581,#7582),
 .UNSPECIFIED.,.F.,.F.,(4,1,4),(0.,0.0351973615120445,0.0716338768838082),
 .UNSPECIFIED.);
#141=B_SPLINE_CURVE_WITH_KNOTS('',3,(#7584,#7585,#7586,#7587,#7588),
 .UNSPECIFIED.,.F.,.F.,(4,1,4),(-0.0716338768838082,-0.0351973615120445,
0.),.UNSPECIFIED.);
#142=B_SPLINE_CURVE_WITH_KNOTS('',3,(#7601,#7602,#7603,#7604,#7605),
 .UNSPECIFIED.,.F.,.F.,(4,1,4),(0.,0.0564495144512516,0.116965333381364),
 .UNSPECIFIED.);
#143=B_SPLINE_CURVE_WITH_KNOTS('',3,(#7607,#7608,#7609,#7610,#7611),
 .UNSPECIFIED.,.F.,.F.,(4,1,4),(-0.116965333381364,-0.0564495144512516,
0.),.UNSPECIFIED.);
#144=B_SPLINE_CURVE_WITH_KNOTS('',3,(#7623,#7624,#7625,#7626,#7627),
 .UNSPECIFIED.,.F.,.F.,(4,1,4),(0.,0.065396693217748,0.13047897279282),
 .UNSPECIFIED.);
#145=B_SPLINE_CURVE_WITH_KNOTS('',3,(#7628,#7629,#7630,#7631,#7632),
 .UNSPECIFIED.,.F.,.F.,(4,1,4),(-0.13047897279282,-0.065396693217748,0.),
 .UNSPECIFIED.);
#146=B_SPLINE_CURVE_WITH_KNOTS('',3,(#7645,#7646,#7647,#7648,#7649),
 .UNSPECIFIED.,.F.,.F.,(4,1,4),(0.,0.0365226735243608,0.0756802195255029),
 .UNSPECIFIED.);
#147=B_SPLINE_CURVE_WITH_KNOTS('',3,(#7653,#7654,#7655,#7656,#7657),
 .UNSPECIFIED.,.F.,.F.,(4,1,4),(-0.0756802195255029,-0.0365226735243608,
0.),.UNSPECIFIED.);
#148=B_SPLINE_CURVE_WITH_KNOTS('',3,(#7670,#7671,#7672,#7673,#7674),
 .UNSPECIFIED.,.F.,.F.,(4,1,4),(0.,0.0522238599328476,0.101224307235248),
 .UNSPECIFIED.);
#149=B_SPLINE_CURVE_WITH_KNOTS('',3,(#7676,#7677,#7678,#7679,#7680),
 .UNSPECIFIED.,.F.,.F.,(4,1,4),(-0.101224307235248,-0.0522238599328476,
0.),.UNSPECIFIED.);
#150=B_SPLINE_CURVE_WITH_KNOTS('',3,(#7693,#7694,#7695,#7696,#7697),
 .UNSPECIFIED.,.F.,.F.,(4,1,4),(0.,0.0473491878761422,0.0950909261467011),
 .UNSPECIFIED.);
#151=B_SPLINE_CURVE_WITH_KNOTS('',3,(#7699,#7700,#7701,#7702,#7703),
 .UNSPECIFIED.,.F.,.F.,(4,1,4),(-0.0950909261467011,-0.0473491878761422,
0.),.UNSPECIFIED.);
#152=B_SPLINE_CURVE_WITH_KNOTS('',3,(#7716,#7717,#7718,#7719,#7720),
 .UNSPECIFIED.,.F.,.F.,(4,1,4),(0.,0.0493615722738369,0.102050440884392),
 .UNSPECIFIED.);
#153=B_SPLINE_CURVE_WITH_KNOTS('',3,(#7722,#7723,#7724,#7725,#7726),
 .UNSPECIFIED.,.F.,.F.,(4,1,4),(-0.102050440884392,-0.0493615722738369,
0.),.UNSPECIFIED.);
#154=B_SPLINE_CURVE_WITH_KNOTS('',3,(#7739,#7740,#7741,#7742,#7743),
 .UNSPECIFIED.,.F.,.F.,(4,1,4),(0.,0.0680706588154721,0.131214370625479),
 .UNSPECIFIED.);
#155=B_SPLINE_CURVE_WITH_KNOTS('',3,(#7745,#7746,#7747,#7748,#7749),
 .UNSPECIFIED.,.F.,.F.,(4,1,4),(-0.131214370625479,-0.0680706588154721,
0.),.UNSPECIFIED.);
#156=B_SPLINE_CURVE_WITH_KNOTS('',3,(#7762,#7763,#7764,#7765,#7766),
 .UNSPECIFIED.,.F.,.F.,(4,1,4),(0.,0.063635766164613,0.133202502296286),
 .UNSPECIFIED.);
#157=B_SPLINE_CURVE_WITH_KNOTS('',3,(#7768,#7769,#7770,#7771,#7772),
 .UNSPECIFIED.,.F.,.F.,(4,1,4),(-0.133202502296286,-0.063635766164613,0.),
 .UNSPECIFIED.);
#158=B_SPLINE_CURVE_WITH_KNOTS('',3,(#7785,#7786,#7787,#7788,#7789),
 .UNSPECIFIED.,.F.,.F.,(4,1,4),(0.,0.0627205920403035,0.126950020627893),
 .UNSPECIFIED.);
#159=B_SPLINE_CURVE_WITH_KNOTS('',3,(#7791,#7792,#7793,#7794,#7795),
 .UNSPECIFIED.,.F.,.F.,(4,1,4),(-0.126950020627893,-0.0627205920403035,
0.),.UNSPECIFIED.);
#160=B_SPLINE_CURVE_WITH_KNOTS('',3,(#7808,#7809,#7810,#7811,#7812),
 .UNSPECIFIED.,.F.,.F.,(4,1,4),(0.,0.0630376598677215,0.122953443386854),
 .UNSPECIFIED.);
#161=B_SPLINE_CURVE_WITH_KNOTS('',3,(#7814,#7815,#7816,#7817,#7818),
 .UNSPECIFIED.,.F.,.F.,(4,1,4),(-0.122953443386854,-0.0630376598677215,
0.),.UNSPECIFIED.);
#162=B_SPLINE_CURVE_WITH_KNOTS('',3,(#7831,#7832,#7833,#7834,#7835),
 .UNSPECIFIED.,.F.,.F.,(4,1,4),(0.,0.0594043156567806,0.120974183475704),
 .UNSPECIFIED.);
#163=B_SPLINE_CURVE_WITH_KNOTS('',3,(#7837,#7838,#7839,#7840,#7841),
 .UNSPECIFIED.,.F.,.F.,(4,1,4),(-0.120974183475704,-0.0594043156567806,
0.),.UNSPECIFIED.);
#164=B_SPLINE_CURVE_WITH_KNOTS('',3,(#7854,#7855,#7856,#7857,#7858),
 .UNSPECIFIED.,.F.,.F.,(4,1,4),(0.,0.0518222480130614,0.0983234207894126),
 .UNSPECIFIED.);
#165=B_SPLINE_CURVE_WITH_KNOTS('',3,(#7860,#7861,#7862,#7863,#7864),
 .UNSPECIFIED.,.F.,.F.,(4,1,4),(-0.0983234207894126,-0.0518222480130614,
0.),.UNSPECIFIED.);
#166=B_SPLINE_CURVE_WITH_KNOTS('',3,(#7877,#7878,#7879,#7880,#7881),
 .UNSPECIFIED.,.F.,.F.,(4,1,4),(0.,0.0430928839954193,0.0836493219889019),
 .UNSPECIFIED.);
#167=B_SPLINE_CURVE_WITH_KNOTS('',3,(#7883,#7884,#7885,#7886,#7887),
 .UNSPECIFIED.,.F.,.F.,(4,1,4),(-0.0836493219889019,-0.0430928839954193,
0.),.UNSPECIFIED.);
#168=B_SPLINE_CURVE_WITH_KNOTS('',3,(#7899,#7900,#7901,#7902,#7903),
 .UNSPECIFIED.,.F.,.F.,(4,1,4),(0.,0.0395124038739138,0.0777463055549018),
 .UNSPECIFIED.);
#169=B_SPLINE_CURVE_WITH_KNOTS('',3,(#7904,#7905,#7906,#7907,#7908),
 .UNSPECIFIED.,.F.,.F.,(4,1,4),(-0.0777463055549018,-0.0395124038739138,
0.),.UNSPECIFIED.);
#170=B_SPLINE_CURVE_WITH_KNOTS('',3,(#7931,#7932,#7933,#7934,#7935),
 .UNSPECIFIED.,.F.,.F.,(4,1,4),(0.,0.0315673466156964,0.0526583816630109),
 .UNSPECIFIED.);
#171=B_SPLINE_CURVE_WITH_KNOTS('',3,(#7937,#7938,#7939,#7940,#7941),
 .UNSPECIFIED.,.F.,.F.,(4,1,4),(-0.0526583816630109,-0.0315673466156964,
0.),.UNSPECIFIED.);
#172=B_SPLINE_CURVE_WITH_KNOTS('',3,(#7954,#7955,#7956,#7957,#7958),
 .UNSPECIFIED.,.F.,.F.,(4,1,4),(0.,0.0302091635679227,0.0714814400654758),
 .UNSPECIFIED.);
#173=B_SPLINE_CURVE_WITH_KNOTS('',3,(#7960,#7961,#7962,#7963,#7964),
 .UNSPECIFIED.,.F.,.F.,(4,1,4),(-0.0714814400654758,-0.0302091635679227,
0.),.UNSPECIFIED.);
#174=B_SPLINE_CURVE_WITH_KNOTS('',3,(#7977,#7978,#7979,#7980,#7981),
 .UNSPECIFIED.,.F.,.F.,(4,1,4),(0.,0.0349759544642052,0.0609502850553511),
 .UNSPECIFIED.);
#175=B_SPLINE_CURVE_WITH_KNOTS('',3,(#7983,#7984,#7985,#7986,#7987),
 .UNSPECIFIED.,.F.,.F.,(4,1,4),(-0.0609502850553511,-0.0349759544642052,
0.),.UNSPECIFIED.);
#176=B_SPLINE_CURVE_WITH_KNOTS('',3,(#8000,#8001,#8002,#8003,#8004),
 .UNSPECIFIED.,.F.,.F.,(4,1,4),(0.,0.0209092018039447,0.04039951102094),
 .UNSPECIFIED.);
#177=B_SPLINE_CURVE_WITH_KNOTS('',3,(#8006,#8007,#8008,#8009,#8010),
 .UNSPECIFIED.,.F.,.F.,(4,1,4),(-0.04039951102094,-0.0209092018039447,0.),
 .UNSPECIFIED.);
#178=B_SPLINE_CURVE_WITH_KNOTS('',3,(#8023,#8024,#8025,#8026,#8027),
 .UNSPECIFIED.,.F.,.F.,(4,1,4),(0.,0.0167803648043154,0.0343368987347493),
 .UNSPECIFIED.);
#179=B_SPLINE_CURVE_WITH_KNOTS('',3,(#8029,#8030,#8031,#8032,#8033),
 .UNSPECIFIED.,.F.,.F.,(4,1,4),(-0.0343368987347493,-0.0167803648043154,
0.),.UNSPECIFIED.);
#180=B_SPLINE_CURVE_WITH_KNOTS('',3,(#8046,#8047,#8048,#8049,#8050),
 .UNSPECIFIED.,.F.,.F.,(4,1,4),(0.,0.0227128585291368,0.0640351685560993),
 .UNSPECIFIED.);
#181=B_SPLINE_CURVE_WITH_KNOTS('',3,(#8052,#8053,#8054,#8055,#8056),
 .UNSPECIFIED.,.F.,.F.,(4,1,4),(-0.0640351685560993,-0.0227128585291368,
0.),.UNSPECIFIED.);
#182=B_SPLINE_CURVE_WITH_KNOTS('',3,(#8069,#8070,#8071,#8072,#8073),
 .UNSPECIFIED.,.F.,.F.,(4,1,4),(0.,0.0443022190568043,0.0758828437279611),
 .UNSPECIFIED.);
#183=B_SPLINE_CURVE_WITH_KNOTS('',3,(#8075,#8076,#8077,#8078,#8079),
 .UNSPECIFIED.,.F.,.F.,(4,1,4),(-0.0758828437279611,-0.0443022190568043,
0.),.UNSPECIFIED.);
#184=B_SPLINE_CURVE_WITH_KNOTS('',3,(#8092,#8093,#8094,#8095,#8096),
 .UNSPECIFIED.,.F.,.F.,(4,1,4),(0.,0.024635607167368,0.0490082523835212),
 .UNSPECIFIED.);
#185=B_SPLINE_CURVE_WITH_KNOTS('',3,(#8098,#8099,#8100,#8101,#8102),
 .UNSPECIFIED.,.F.,.F.,(4,1,4),(-0.0490082523835212,-0.024635607167368,
0.),.UNSPECIFIED.);
#186=B_SPLINE_CURVE_WITH_KNOTS('',3,(#8115,#8116,#8117,#8118,#8119),
 .UNSPECIFIED.,.F.,.F.,(4,1,4),(0.,0.0251439440734089,0.0523978999123737),
 .UNSPECIFIED.);
#187=B_SPLINE_CURVE_WITH_KNOTS('',3,(#8121,#8122,#8123,#8124,#8125),
 .UNSPECIFIED.,.F.,.F.,(4,1,4),(-0.0523978999123737,-0.0251439440734089,
0.),.UNSPECIFIED.);
#188=B_SPLINE_CURVE_WITH_KNOTS('',3,(#8138,#8139,#8140,#8141,#8142),
 .UNSPECIFIED.,.F.,.F.,(4,1,4),(0.,0.0470760210433138,0.0936011638876384),
 .UNSPECIFIED.);
#189=B_SPLINE_CURVE_WITH_KNOTS('',3,(#8144,#8145,#8146,#8147,#8148),
 .UNSPECIFIED.,.F.,.F.,(4,1,4),(-0.0936011638876384,-0.0470760210433138,
0.),.UNSPECIFIED.);
#190=B_SPLINE_CURVE_WITH_KNOTS('',3,(#8161,#8162,#8163,#8164,#8165),
 .UNSPECIFIED.,.F.,.F.,(4,1,4),(0.,0.0512410204919716,0.112923585279702),
 .UNSPECIFIED.);
#191=B_SPLINE_CURVE_WITH_KNOTS('',3,(#8167,#8168,#8169,#8170,#8171),
 .UNSPECIFIED.,.F.,.F.,(4,1,4),(-0.112923585279702,-0.0512410204919716,
0.),.UNSPECIFIED.);
#192=B_SPLINE_CURVE_WITH_KNOTS('',3,(#8184,#8185,#8186,#8187,#8188),
 .UNSPECIFIED.,.F.,.F.,(4,1,4),(0.,0.0629918214526066,0.115722612588657),
 .UNSPECIFIED.);
#193=B_SPLINE_CURVE_WITH_KNOTS('',3,(#8190,#8191,#8192,#8193,#8194),
 .UNSPECIFIED.,.F.,.F.,(4,1,4),(-0.115722612588657,-0.0629918214526066,
0.),.UNSPECIFIED.);
#194=B_SPLINE_CURVE_WITH_KNOTS('',3,(#8207,#8208,#8209,#8210,#8211),
 .UNSPECIFIED.,.F.,.F.,(4,1,4),(0.,0.0487317297217227,0.0996793496265474),
 .UNSPECIFIED.);
#195=B_SPLINE_CURVE_WITH_KNOTS('',3,(#8213,#8214,#8215,#8216,#8217),
 .UNSPECIFIED.,.F.,.F.,(4,1,4),(-0.0996793496265474,-0.0487317297217227,
0.),.UNSPECIFIED.);
#196=B_SPLINE_CURVE_WITH_KNOTS('',3,(#8236,#8237,#8238,#8239,#8240),
 .UNSPECIFIED.,.F.,.F.,(4,1,4),(0.,0.0261750300369125,0.0495038151372208),
 .UNSPECIFIED.);
#197=B_SPLINE_CURVE_WITH_KNOTS('',3,(#8242,#8243,#8244,#8245,#8246),
 .UNSPECIFIED.,.F.,.F.,(4,1,4),(-0.0495038151372208,-0.0261750300369125,
0.),.UNSPECIFIED.);
#198=B_SPLINE_CURVE_WITH_KNOTS('',3,(#8259,#8260,#8261,#8262,#8263),
 .UNSPECIFIED.,.F.,.F.,(4,1,4),(0.,0.0247743362365103,0.055436139120983),
 .UNSPECIFIED.);
#199=B_SPLINE_CURVE_WITH_KNOTS('',3,(#8265,#8266,#8267,#8268,#8269),
 .UNSPECIFIED.,.F.,.F.,(4,1,4),(-0.055436139120983,-0.0247743362365103,
0.),.UNSPECIFIED.);
#200=B_SPLINE_CURVE_WITH_KNOTS('',3,(#8282,#8283,#8284,#8285,#8286),
 .UNSPECIFIED.,.F.,.F.,(4,1,4),(0.,0.0293828557109054,0.0508383862541216),
 .UNSPECIFIED.);
#201=B_SPLINE_CURVE_WITH_KNOTS('',3,(#8288,#8289,#8290,#8291,#8292),
 .UNSPECIFIED.,.F.,.F.,(4,1,4),(-0.0508383862541216,-0.0293828557109054,
0.),.UNSPECIFIED.);
#202=B_SPLINE_CURVE_WITH_KNOTS('',3,(#8305,#8306,#8307,#8308,#8309),
 .UNSPECIFIED.,.F.,.F.,(4,1,4),(0.,0.0174393574827004,0.0345452970982961),
 .UNSPECIFIED.);
#203=B_SPLINE_CURVE_WITH_KNOTS('',3,(#8311,#8312,#8313,#8314,#8315),
 .UNSPECIFIED.,.F.,.F.,(4,1,4),(-0.0345452970982961,-0.0174393574827004,
0.),.UNSPECIFIED.);
#204=B_SPLINE_CURVE_WITH_KNOTS('',3,(#8328,#8329,#8330,#8331,#8332),
 .UNSPECIFIED.,.F.,.F.,(4,1,4),(0.,0.0160409798527932,0.0322126588271003),
 .UNSPECIFIED.);
#205=B_SPLINE_CURVE_WITH_KNOTS('',3,(#8334,#8335,#8336,#8337,#8338),
 .UNSPECIFIED.,.F.,.F.,(4,1,4),(-0.0322126588271003,-0.0160409798527932,
0.),.UNSPECIFIED.);
#206=B_SPLINE_CURVE_WITH_KNOTS('',3,(#8351,#8352,#8353,#8354,#8355),
 .UNSPECIFIED.,.F.,.F.,(4,1,4),(0.,0.0254156322832752,0.0671275975835965),
 .UNSPECIFIED.);
#207=B_SPLINE_CURVE_WITH_KNOTS('',3,(#8357,#8358,#8359,#8360,#8361),
 .UNSPECIFIED.,.F.,.F.,(4,1,4),(-0.0671275975835965,-0.0254156322832752,
0.),.UNSPECIFIED.);
#208=B_SPLINE_CURVE_WITH_KNOTS('',3,(#8374,#8375,#8376,#8377,#8378),
 .UNSPECIFIED.,.F.,.F.,(4,1,4),(0.,0.0625781193918079,0.100530917979489),
 .UNSPECIFIED.);
#209=B_SPLINE_CURVE_WITH_KNOTS('',3,(#8380,#8381,#8382,#8383,#8384),
 .UNSPECIFIED.,.F.,.F.,(4,1,4),(-0.100530917979489,-0.0625781193918079,
0.),.UNSPECIFIED.);
#210=B_SPLINE_CURVE_WITH_KNOTS('',3,(#8397,#8398,#8399,#8400,#8401),
 .UNSPECIFIED.,.F.,.F.,(4,1,4),(0.,0.0376304477183584,0.0772085579924944),
 .UNSPECIFIED.);
#211=B_SPLINE_CURVE_WITH_KNOTS('',3,(#8403,#8404,#8405,#8406,#8407),
 .UNSPECIFIED.,.F.,.F.,(4,1,4),(-0.0772085579924944,-0.0376304477183584,
0.),.UNSPECIFIED.);
#212=B_SPLINE_CURVE_WITH_KNOTS('',3,(#8420,#8421,#8422,#8423,#8424),
 .UNSPECIFIED.,.F.,.F.,(4,1,4),(0.,0.0501836039137653,0.102128624319872),
 .UNSPECIFIED.);
#213=B_SPLINE_CURVE_WITH_KNOTS('',3,(#8426,#8427,#8428,#8429,#8430),
 .UNSPECIFIED.,.F.,.F.,(4,1,4),(-0.102128624319872,-0.0501836039137653,
0.),.UNSPECIFIED.);
#214=B_SPLINE_CURVE_WITH_KNOTS('',3,(#8443,#8444,#8445,#8446,#8447),
 .UNSPECIFIED.,.F.,.F.,(4,1,4),(0.,0.0574629767166863,0.124662180675057),
 .UNSPECIFIED.);
#215=B_SPLINE_CURVE_WITH_KNOTS('',3,(#8449,#8450,#8451,#8452,#8453),
 .UNSPECIFIED.,.F.,.F.,(4,1,4),(-0.124662180675057,-0.0574629767166863,
0.),.UNSPECIFIED.);
#216=B_SPLINE_CURVE_WITH_KNOTS('',3,(#8466,#8467,#8468,#8469,#8470),
 .UNSPECIFIED.,.F.,.F.,(4,1,4),(0.,0.048318616837945,0.091552409748395),
 .UNSPECIFIED.);
#217=B_SPLINE_CURVE_WITH_KNOTS('',3,(#8472,#8473,#8474,#8475,#8476),
 .UNSPECIFIED.,.F.,.F.,(4,1,4),(-0.091552409748395,-0.048318616837945,0.),
 .UNSPECIFIED.);
#218=B_SPLINE_CURVE_WITH_KNOTS('',3,(#8489,#8490,#8491,#8492,#8493),
 .UNSPECIFIED.,.F.,.F.,(4,1,4),(0.,0.0383067911678157,0.0729409733888969),
 .UNSPECIFIED.);
#219=B_SPLINE_CURVE_WITH_KNOTS('',3,(#8495,#8496,#8497,#8498,#8499),
 .UNSPECIFIED.,.F.,.F.,(4,1,4),(-0.0729409733888969,-0.0383067911678157,
0.),.UNSPECIFIED.);
#220=B_SPLINE_CURVE_WITH_KNOTS('',3,(#8511,#8512,#8513,#8514,#8515),
 .UNSPECIFIED.,.F.,.F.,(4,1,4),(0.,0.0350541280975455,0.0729683977018023),
 .UNSPECIFIED.);
#221=B_SPLINE_CURVE_WITH_KNOTS('',3,(#8516,#8517,#8518,#8519,#8520),
 .UNSPECIFIED.,.F.,.F.,(4,1,4),(-0.0729683977018023,-0.0350541280975455,
0.),.UNSPECIFIED.);
#222=B_SPLINE_CURVE_WITH_KNOTS('',3,(#8603,#8604,#8605,#8606,#8607),
 .UNSPECIFIED.,.F.,.F.,(4,1,4),(0.,0.0315673162189131,0.0526583512662276),
 .UNSPECIFIED.);
#223=B_SPLINE_CURVE_WITH_KNOTS('',3,(#8609,#8610,#8611,#8612,#8613),
 .UNSPECIFIED.,.F.,.F.,(4,1,4),(-0.0526583512662276,-0.0315673162189131,
0.),.UNSPECIFIED.);
#224=B_SPLINE_CURVE_WITH_KNOTS('',3,(#8626,#8627,#8628,#8629,#8630),
 .UNSPECIFIED.,.F.,.F.,(4,1,4),(0.,0.030209365987917,0.0714814060563461),
 .UNSPECIFIED.);
#225=B_SPLINE_CURVE_WITH_KNOTS('',3,(#8632,#8633,#8634,#8635,#8636),
 .UNSPECIFIED.,.F.,.F.,(4,1,4),(-0.0714814060563461,-0.030209365987917,
0.),.UNSPECIFIED.);
#226=B_SPLINE_CURVE_WITH_KNOTS('',3,(#8649,#8650,#8651,#8652,#8653),
 .UNSPECIFIED.,.F.,.F.,(4,1,4),(0.,0.0349759544642052,0.0609502850553511),
 .UNSPECIFIED.);
#227=B_SPLINE_CURVE_WITH_KNOTS('',3,(#8655,#8656,#8657,#8658,#8659),
 .UNSPECIFIED.,.F.,.F.,(4,1,4),(-0.0609502850553511,-0.0349759544642052,
0.),.UNSPECIFIED.);
#228=B_SPLINE_CURVE_WITH_KNOTS('',3,(#8672,#8673,#8674,#8675,#8676),
 .UNSPECIFIED.,.F.,.F.,(4,1,4),(0.,0.0209093558097947,0.0403996099559669),
 .UNSPECIFIED.);
#229=B_SPLINE_CURVE_WITH_KNOTS('',3,(#8678,#8679,#8680,#8681,#8682),
 .UNSPECIFIED.,.F.,.F.,(4,1,4),(-0.0403996099559669,-0.0209093558097947,
0.),.UNSPECIFIED.);
#230=B_SPLINE_CURVE_WITH_KNOTS('',3,(#8695,#8696,#8697,#8698,#8699),
 .UNSPECIFIED.,.F.,.F.,(4,1,4),(0.,0.0167803648043154,0.0343368987347493),
 .UNSPECIFIED.);
#231=B_SPLINE_CURVE_WITH_KNOTS('',3,(#8701,#8702,#8703,#8704,#8705),
 .UNSPECIFIED.,.F.,.F.,(4,1,4),(-0.0343368987347493,-0.0167803648043154,
0.),.UNSPECIFIED.);
#232=B_SPLINE_CURVE_WITH_KNOTS('',3,(#8718,#8719,#8720,#8721,#8722),
 .UNSPECIFIED.,.F.,.F.,(4,1,4),(0.,0.0227128585291368,0.0640349522895582),
 .UNSPECIFIED.);
#233=B_SPLINE_CURVE_WITH_KNOTS('',3,(#8724,#8725,#8726,#8727,#8728),
 .UNSPECIFIED.,.F.,.F.,(4,1,4),(-0.0640349522895582,-0.0227128585291368,
0.),.UNSPECIFIED.);
#234=B_SPLINE_CURVE_WITH_KNOTS('',3,(#8741,#8742,#8743,#8744,#8745),
 .UNSPECIFIED.,.F.,.F.,(4,1,4),(0.,0.0443022190568043,0.0758828437279611),
 .UNSPECIFIED.);
#235=B_SPLINE_CURVE_WITH_KNOTS('',3,(#8747,#8748,#8749,#8750,#8751),
 .UNSPECIFIED.,.F.,.F.,(4,1,4),(-0.0758828437279611,-0.0443022190568043,
0.),.UNSPECIFIED.);
#236=B_SPLINE_CURVE_WITH_KNOTS('',3,(#8764,#8765,#8766,#8767,#8768),
 .UNSPECIFIED.,.F.,.F.,(4,1,4),(0.,0.024635607167368,0.0490082523835212),
 .UNSPECIFIED.);
#237=B_SPLINE_CURVE_WITH_KNOTS('',3,(#8770,#8771,#8772,#8773,#8774),
 .UNSPECIFIED.,.F.,.F.,(4,1,4),(-0.0490082523835212,-0.024635607167368,
0.),.UNSPECIFIED.);
#238=B_SPLINE_CURVE_WITH_KNOTS('',3,(#8787,#8788,#8789,#8790,#8791),
 .UNSPECIFIED.,.F.,.F.,(4,1,4),(0.,0.0251439440734089,0.0523978999123737),
 .UNSPECIFIED.);
#239=B_SPLINE_CURVE_WITH_KNOTS('',3,(#8793,#8794,#8795,#8796,#8797),
 .UNSPECIFIED.,.F.,.F.,(4,1,4),(-0.0523978999123737,-0.0251439440734089,
0.),.UNSPECIFIED.);
#240=B_SPLINE_CURVE_WITH_KNOTS('',3,(#8810,#8811,#8812,#8813,#8814),
 .UNSPECIFIED.,.F.,.F.,(4,1,4),(0.,0.0470759747502661,0.0936011175945907),
 .UNSPECIFIED.);
#241=B_SPLINE_CURVE_WITH_KNOTS('',3,(#8816,#8817,#8818,#8819,#8820),
 .UNSPECIFIED.,.F.,.F.,(4,1,4),(-0.0936011175945907,-0.0470759747502661,
0.),.UNSPECIFIED.);
#242=B_SPLINE_CURVE_WITH_KNOTS('',3,(#8833,#8834,#8835,#8836,#8837),
 .UNSPECIFIED.,.F.,.F.,(4,1,4),(0.,0.0512410204919716,0.112923821518434),
 .UNSPECIFIED.);
#243=B_SPLINE_CURVE_WITH_KNOTS('',3,(#8839,#8840,#8841,#8842,#8843),
 .UNSPECIFIED.,.F.,.F.,(4,1,4),(-0.112923821518434,-0.0512410204919716,
0.),.UNSPECIFIED.);
#244=B_SPLINE_CURVE_WITH_KNOTS('',3,(#8856,#8857,#8858,#8859,#8860),
 .UNSPECIFIED.,.F.,.F.,(4,1,4),(0.,0.0629918214526066,0.115722402091257),
 .UNSPECIFIED.);
#245=B_SPLINE_CURVE_WITH_KNOTS('',3,(#8862,#8863,#8864,#8865,#8866),
 .UNSPECIFIED.,.F.,.F.,(4,1,4),(-0.115722402091257,-0.0629918214526066,
0.),.UNSPECIFIED.);
#246=B_SPLINE_CURVE_WITH_KNOTS('',3,(#8879,#8880,#8881,#8882,#8883),
 .UNSPECIFIED.,.F.,.F.,(4,1,4),(0.,0.0487317297217227,0.0996793496265474),
 .UNSPECIFIED.);
#247=B_SPLINE_CURVE_WITH_KNOTS('',3,(#8885,#8886,#8887,#8888,#8889),
 .UNSPECIFIED.,.F.,.F.,(4,1,4),(-0.0996793496265474,-0.0487317297217227,
0.),.UNSPECIFIED.);
#248=B_SPLINE_CURVE_WITH_KNOTS('',3,(#8908,#8909,#8910,#8911,#8912),
 .UNSPECIFIED.,.F.,.F.,(4,1,4),(0.,0.0261750300369125,0.0495038151372208),
 .UNSPECIFIED.);
#249=B_SPLINE_CURVE_WITH_KNOTS('',3,(#8914,#8915,#8916,#8917,#8918),
 .UNSPECIFIED.,.F.,.F.,(4,1,4),(-0.0495038151372208,-0.0261750300369125,
0.),.UNSPECIFIED.);
#250=B_SPLINE_CURVE_WITH_KNOTS('',3,(#8931,#8932,#8933,#8934,#8935),
 .UNSPECIFIED.,.F.,.F.,(4,1,4),(0.,0.0247743362365103,0.055436139120983),
 .UNSPECIFIED.);
#251=B_SPLINE_CURVE_WITH_KNOTS('',3,(#8937,#8938,#8939,#8940,#8941),
 .UNSPECIFIED.,.F.,.F.,(4,1,4),(-0.055436139120983,-0.0247743362365103,
0.),.UNSPECIFIED.);
#252=B_SPLINE_CURVE_WITH_KNOTS('',3,(#8954,#8955,#8956,#8957,#8958),
 .UNSPECIFIED.,.F.,.F.,(4,1,4),(0.,0.0293828557109054,0.0508383862541216),
 .UNSPECIFIED.);
#253=B_SPLINE_CURVE_WITH_KNOTS('',3,(#8960,#8961,#8962,#8963,#8964),
 .UNSPECIFIED.,.F.,.F.,(4,1,4),(-0.0508383862541216,-0.0293828557109054,
0.),.UNSPECIFIED.);
#254=B_SPLINE_CURVE_WITH_KNOTS('',3,(#8977,#8978,#8979,#8980,#8981),
 .UNSPECIFIED.,.F.,.F.,(4,1,4),(0.,0.0174392078046277,0.0345451982839886),
 .UNSPECIFIED.);
#255=B_SPLINE_CURVE_WITH_KNOTS('',3,(#8983,#8984,#8985,#8986,#8987),
 .UNSPECIFIED.,.F.,.F.,(4,1,4),(-0.0345451982839886,-0.0174392078046277,
0.),.UNSPECIFIED.);
#256=B_SPLINE_CURVE_WITH_KNOTS('',3,(#9000,#9001,#9002,#9003,#9004),
 .UNSPECIFIED.,.F.,.F.,(4,1,4),(0.,0.0160409798527932,0.0322126588271003),
 .UNSPECIFIED.);
#257=B_SPLINE_CURVE_WITH_KNOTS('',3,(#9006,#9007,#9008,#9009,#9010),
 .UNSPECIFIED.,.F.,.F.,(4,1,4),(-0.0322126588271003,-0.0160409798527932,
0.),.UNSPECIFIED.);
#258=B_SPLINE_CURVE_WITH_KNOTS('',3,(#9023,#9024,#9025,#9026,#9027),
 .UNSPECIFIED.,.F.,.F.,(4,1,4),(0.,0.0254154307186919,0.0671276116296532),
 .UNSPECIFIED.);
#259=B_SPLINE_CURVE_WITH_KNOTS('',3,(#9029,#9030,#9031,#9032,#9033),
 .UNSPECIFIED.,.F.,.F.,(4,1,4),(-0.0671276116296532,-0.0254154307186919,
0.),.UNSPECIFIED.);
#260=B_SPLINE_CURVE_WITH_KNOTS('',3,(#9046,#9047,#9048,#9049,#9050),
 .UNSPECIFIED.,.F.,.F.,(4,1,4),(0.,0.0625779042051993,0.100530899907663),
 .UNSPECIFIED.);
#261=B_SPLINE_CURVE_WITH_KNOTS('',3,(#9052,#9053,#9054,#9055,#9056),
 .UNSPECIFIED.,.F.,.F.,(4,1,4),(-0.100530899907663,-0.0625779042051993,
0.),.UNSPECIFIED.);
#262=B_SPLINE_CURVE_WITH_KNOTS('',3,(#9069,#9070,#9071,#9072,#9073),
 .UNSPECIFIED.,.F.,.F.,(4,1,4),(0.,0.0376303141739302,0.0772084244480662),
 .UNSPECIFIED.);
#263=B_SPLINE_CURVE_WITH_KNOTS('',3,(#9075,#9076,#9077,#9078,#9079),
 .UNSPECIFIED.,.F.,.F.,(4,1,4),(-0.0772084244480662,-0.0376303141739302,
0.),.UNSPECIFIED.);
#264=B_SPLINE_CURVE_WITH_KNOTS('',3,(#9092,#9093,#9094,#9095,#9096),
 .UNSPECIFIED.,.F.,.F.,(4,1,4),(0.,0.0501836039137653,0.102128624319872),
 .UNSPECIFIED.);
#265=B_SPLINE_CURVE_WITH_KNOTS('',3,(#9098,#9099,#9100,#9101,#9102),
 .UNSPECIFIED.,.F.,.F.,(4,1,4),(-0.102128624319872,-0.0501836039137653,
0.),.UNSPECIFIED.);
#266=B_SPLINE_CURVE_WITH_KNOTS('',3,(#9115,#9116,#9117,#9118,#9119),
 .UNSPECIFIED.,.F.,.F.,(4,1,4),(0.,0.0574627688375592,0.124662208880788),
 .UNSPECIFIED.);
#267=B_SPLINE_CURVE_WITH_KNOTS('',3,(#9121,#9122,#9123,#9124,#9125),
 .UNSPECIFIED.,.F.,.F.,(4,1,4),(-0.124662208880788,-0.0574627688375592,
0.),.UNSPECIFIED.);
#268=B_SPLINE_CURVE_WITH_KNOTS('',3,(#9138,#9139,#9140,#9141,#9142),
 .UNSPECIFIED.,.F.,.F.,(4,1,4),(0.,0.048318616837945,0.091552409748395),
 .UNSPECIFIED.);
#269=B_SPLINE_CURVE_WITH_KNOTS('',3,(#9144,#9145,#9146,#9147,#9148),
 .UNSPECIFIED.,.F.,.F.,(4,1,4),(-0.091552409748395,-0.048318616837945,0.),
 .UNSPECIFIED.);
#270=B_SPLINE_CURVE_WITH_KNOTS('',3,(#9161,#9162,#9163,#9164,#9165),
 .UNSPECIFIED.,.F.,.F.,(4,1,4),(0.,0.0383065905671117,0.0729407727881928),
 .UNSPECIFIED.);
#271=B_SPLINE_CURVE_WITH_KNOTS('',3,(#9167,#9168,#9169,#9170,#9171),
 .UNSPECIFIED.,.F.,.F.,(4,1,4),(-0.0729407727881928,-0.0383065905671117,
0.),.UNSPECIFIED.);
#272=B_SPLINE_CURVE_WITH_KNOTS('',3,(#9183,#9184,#9185,#9186,#9187),
 .UNSPECIFIED.,.F.,.F.,(4,1,4),(0.,0.0350541280975455,0.0729683977018023),
 .UNSPECIFIED.);
#273=B_SPLINE_CURVE_WITH_KNOTS('',3,(#9188,#9189,#9190,#9191,#9192),
 .UNSPECIFIED.,.F.,.F.,(4,1,4),(-0.0729683977018023,-0.0350541280975455,
0.),.UNSPECIFIED.);
#274=B_SPLINE_CURVE_WITH_KNOTS('',3,(#9293,#9294,#9295,#9296,#9297),
 .UNSPECIFIED.,.F.,.F.,(4,1,4),(0.,0.0551854976169373,0.0885618672579376),
 .UNSPECIFIED.);
#275=B_SPLINE_CURVE_WITH_KNOTS('',3,(#9299,#9300,#9301,#9302,#9303),
 .UNSPECIFIED.,.F.,.F.,(4,1,4),(-0.0885618672579376,-0.0551854976169373,
0.),.UNSPECIFIED.);
#276=B_SPLINE_CURVE_WITH_KNOTS('',3,(#9316,#9317,#9318,#9319,#9320),
 .UNSPECIFIED.,.F.,.F.,(4,1,4),(0.,0.0218463864932129,0.0425628830669826),
 .UNSPECIFIED.);
#277=B_SPLINE_CURVE_WITH_KNOTS('',3,(#9322,#9323,#9324,#9325,#9326),
 .UNSPECIFIED.,.F.,.F.,(4,1,4),(-0.0425628830669826,-0.0218463864932129,
0.),.UNSPECIFIED.);
#278=B_SPLINE_CURVE_WITH_KNOTS('',3,(#9339,#9340,#9341,#9342,#9343),
 .UNSPECIFIED.,.F.,.F.,(4,1,4),(0.,0.0196209897922187,0.0380233810530631),
 .UNSPECIFIED.);
#279=B_SPLINE_CURVE_WITH_KNOTS('',3,(#9345,#9346,#9347,#9348,#9349),
 .UNSPECIFIED.,.F.,.F.,(4,1,4),(-0.0380233810530631,-0.0196209897922187,
0.),.UNSPECIFIED.);
#280=B_SPLINE_CURVE_WITH_KNOTS('',3,(#9362,#9363,#9364,#9365,#9366),
 .UNSPECIFIED.,.F.,.F.,(4,1,4),(0.,0.0196074361090957,0.0386608605636037),
 .UNSPECIFIED.);
#281=B_SPLINE_CURVE_WITH_KNOTS('',3,(#9368,#9369,#9370,#9371,#9372),
 .UNSPECIFIED.,.F.,.F.,(4,1,4),(-0.0386608605636037,-0.0196074361090957,
0.),.UNSPECIFIED.);
#282=B_SPLINE_CURVE_WITH_KNOTS('',3,(#9385,#9386,#9387,#9388,#9389),
 .UNSPECIFIED.,.F.,.F.,(4,1,4),(0.,0.0179438566454821,0.047933946615537),
 .UNSPECIFIED.);
#283=B_SPLINE_CURVE_WITH_KNOTS('',3,(#9391,#9392,#9393,#9394,#9395),
 .UNSPECIFIED.,.F.,.F.,(4,1,4),(-0.047933946615537,-0.0179438566454821,
0.),.UNSPECIFIED.);
#284=B_SPLINE_CURVE_WITH_KNOTS('',3,(#9438,#9439,#9440,#9441,#9442),
 .UNSPECIFIED.,.F.,.F.,(4,1,4),(0.,0.040825064264875,0.0722220541779762),
 .UNSPECIFIED.);
#285=B_SPLINE_CURVE_WITH_KNOTS('',3,(#9444,#9445,#9446,#9447,#9448),
 .UNSPECIFIED.,.F.,.F.,(4,1,4),(-0.0722220541779762,-0.040825064264875,
0.),.UNSPECIFIED.);
#286=B_SPLINE_CURVE_WITH_KNOTS('',3,(#9461,#9462,#9463,#9464,#9465),
 .UNSPECIFIED.,.F.,.F.,(4,1,4),(0.,0.0266349089562794,0.0545243896726721),
 .UNSPECIFIED.);
#287=B_SPLINE_CURVE_WITH_KNOTS('',3,(#9467,#9468,#9469,#9470,#9471),
 .UNSPECIFIED.,.F.,.F.,(4,1,4),(-0.0545243896726721,-0.0266349089562794,
0.),.UNSPECIFIED.);
#288=B_SPLINE_CURVE_WITH_KNOTS('',3,(#9484,#9485,#9486,#9487,#9488),
 .UNSPECIFIED.,.F.,.F.,(4,1,4),(0.,0.0301531719320047,0.0634680914742048),
 .UNSPECIFIED.);
#289=B_SPLINE_CURVE_WITH_KNOTS('',3,(#9490,#9491,#9492,#9493,#9494),
 .UNSPECIFIED.,.F.,.F.,(4,1,4),(-0.0634680914742048,-0.0301531719320047,
0.),.UNSPECIFIED.);
#290=B_SPLINE_CURVE_WITH_KNOTS('',3,(#9507,#9508,#9509,#9510,#9511),
 .UNSPECIFIED.,.F.,.F.,(4,1,4),(0.,0.0471779233530912,0.0912293279709026),
 .UNSPECIFIED.);
#291=B_SPLINE_CURVE_WITH_KNOTS('',3,(#9513,#9514,#9515,#9516,#9517),
 .UNSPECIFIED.,.F.,.F.,(4,1,4),(-0.0912293279709026,-0.0471779233530912,
0.),.UNSPECIFIED.);
#292=B_SPLINE_CURVE_WITH_KNOTS('',3,(#9530,#9531,#9532,#9533,#9534),
 .UNSPECIFIED.,.F.,.F.,(4,1,4),(0.,0.0468541324065997,0.102785024693073),
 .UNSPECIFIED.);
#293=B_SPLINE_CURVE_WITH_KNOTS('',3,(#9536,#9537,#9538,#9539,#9540),
 .UNSPECIFIED.,.F.,.F.,(4,1,4),(-0.102785024693073,-0.0468541324065997,
0.),.UNSPECIFIED.);
#294=B_SPLINE_CURVE_WITH_KNOTS('',3,(#9553,#9554,#9555,#9556,#9557),
 .UNSPECIFIED.,.F.,.F.,(4,1,4),(0.,0.0224899169409277,0.0479004063566167),
 .UNSPECIFIED.);
#295=B_SPLINE_CURVE_WITH_KNOTS('',3,(#9559,#9560,#9561,#9562,#9563),
 .UNSPECIFIED.,.F.,.F.,(4,1,4),(-0.0479004063566167,-0.0224899169409277,
0.),.UNSPECIFIED.);
#296=B_SPLINE_CURVE_WITH_KNOTS('',3,(#9576,#9577,#9578,#9579,#9580),
 .UNSPECIFIED.,.F.,.F.,(4,1,4),(0.,0.0636696871497715,0.146224874290009),
 .UNSPECIFIED.);
#297=B_SPLINE_CURVE_WITH_KNOTS('',3,(#9582,#9583,#9584,#9585,#9586),
 .UNSPECIFIED.,.F.,.F.,(4,1,4),(-0.146224874290009,-0.0636696871497715,
0.),.UNSPECIFIED.);
#298=B_SPLINE_CURVE_WITH_KNOTS('',3,(#9605,#9606,#9607,#9608,#9609),
 .UNSPECIFIED.,.F.,.F.,(4,1,4),(0.,0.0460921884393179,0.113575623568066),
 .UNSPECIFIED.);
#299=B_SPLINE_CURVE_WITH_KNOTS('',3,(#9611,#9612,#9613,#9614,#9615),
 .UNSPECIFIED.,.F.,.F.,(4,1,4),(-0.113575623568066,-0.0460921884393179,
0.),.UNSPECIFIED.);
#300=B_SPLINE_CURVE_WITH_KNOTS('',3,(#9628,#9629,#9630,#9631,#9632),
 .UNSPECIFIED.,.F.,.F.,(4,1,4),(0.,0.036807351419208,0.0638787680649484),
 .UNSPECIFIED.);
#301=B_SPLINE_CURVE_WITH_KNOTS('',3,(#9634,#9635,#9636,#9637,#9638),
 .UNSPECIFIED.,.F.,.F.,(4,1,4),(-0.0638787680649484,-0.036807351419208,
0.),.UNSPECIFIED.);
#302=B_SPLINE_CURVE_WITH_KNOTS('',3,(#9651,#9652,#9653,#9654,#9655),
 .UNSPECIFIED.,.F.,.F.,(4,1,4),(0.,0.0171575173790086,0.0420655804238004),
 .UNSPECIFIED.);
#303=B_SPLINE_CURVE_WITH_KNOTS('',3,(#9657,#9658,#9659,#9660,#9661),
 .UNSPECIFIED.,.F.,.F.,(4,1,4),(-0.0420655804238004,-0.0171575173790086,
0.),.UNSPECIFIED.);
#304=B_SPLINE_CURVE_WITH_KNOTS('',3,(#9933,#9934,#9935,#9936,#9937),
 .UNSPECIFIED.,.F.,.F.,(4,1,4),(0.,0.051518715615016,0.0970952286677364),
 .UNSPECIFIED.);
#305=B_SPLINE_CURVE_WITH_KNOTS('',3,(#9939,#9940,#9941,#9942,#9943),
 .UNSPECIFIED.,.F.,.F.,(4,1,4),(-0.0970952286677364,-0.051518715615016,
0.),.UNSPECIFIED.);
#306=B_SPLINE_CURVE_WITH_KNOTS('',3,(#9956,#9957,#9958,#9959,#9960),
 .UNSPECIFIED.,.F.,.F.,(4,1,4),(0.,0.0442123546107147,0.0915550023637871),
 .UNSPECIFIED.);
#307=B_SPLINE_CURVE_WITH_KNOTS('',3,(#9962,#9963,#9964,#9965,#9966),
 .UNSPECIFIED.,.F.,.F.,(4,1,4),(-0.0915550023637871,-0.0442123546107147,
0.),.UNSPECIFIED.);
#308=B_SPLINE_CURVE_WITH_KNOTS('',3,(#9979,#9980,#9981,#9982,#9983),
 .UNSPECIFIED.,.F.,.F.,(4,1,4),(0.,0.0505018705989006,0.0947100410719839),
 .UNSPECIFIED.);
#309=B_SPLINE_CURVE_WITH_KNOTS('',3,(#9985,#9986,#9987,#9988,#9989),
 .UNSPECIFIED.,.F.,.F.,(4,1,4),(-0.0947100410719839,-0.0505018705989006,
0.),.UNSPECIFIED.);
#310=B_SPLINE_CURVE_WITH_KNOTS('',3,(#10002,#10003,#10004,#10005,#10006),
 .UNSPECIFIED.,.F.,.F.,(4,1,4),(0.,0.0418950974043491,0.0852017267812637),
 .UNSPECIFIED.);
#311=B_SPLINE_CURVE_WITH_KNOTS('',3,(#10008,#10009,#10010,#10011,#10012),
 .UNSPECIFIED.,.F.,.F.,(4,1,4),(-0.0852017267812637,-0.0418950974043491,
0.),.UNSPECIFIED.);
#312=B_SPLINE_CURVE_WITH_KNOTS('',3,(#10025,#10026,#10027,#10028,#10029),
 .UNSPECIFIED.,.F.,.F.,(4,1,4),(0.,0.0238986240236006,0.0488513922731215),
 .UNSPECIFIED.);
#313=B_SPLINE_CURVE_WITH_KNOTS('',3,(#10031,#10032,#10033,#10034,#10035),
 .UNSPECIFIED.,.F.,.F.,(4,1,4),(-0.0488513922731215,-0.0238986240236006,
0.),.UNSPECIFIED.);
#314=B_SPLINE_CURVE_WITH_KNOTS('',3,(#10048,#10049,#10050,#10051,#10052),
 .UNSPECIFIED.,.F.,.F.,(4,1,4),(0.,0.0276764416687806,0.0597089377807749),
 .UNSPECIFIED.);
#315=B_SPLINE_CURVE_WITH_KNOTS('',3,(#10054,#10055,#10056,#10057,#10058),
 .UNSPECIFIED.,.F.,.F.,(4,1,4),(-0.0597089377807749,-0.0276764416687806,
0.),.UNSPECIFIED.);
#316=B_SPLINE_CURVE_WITH_KNOTS('',3,(#10071,#10072,#10073,#10074,#10075),
 .UNSPECIFIED.,.F.,.F.,(4,1,4),(0.,0.0308575888555382,0.0743986135517053),
 .UNSPECIFIED.);
#317=B_SPLINE_CURVE_WITH_KNOTS('',3,(#10077,#10078,#10079,#10080,#10081),
 .UNSPECIFIED.,.F.,.F.,(4,1,4),(-0.0743986135517053,-0.0308575888555382,
0.),.UNSPECIFIED.);
#318=B_SPLINE_CURVE_WITH_KNOTS('',3,(#10094,#10095,#10096,#10097,#10098),
 .UNSPECIFIED.,.F.,.F.,(4,1,4),(0.,0.0417176559538277,0.0670645709846823),
 .UNSPECIFIED.);
#319=B_SPLINE_CURVE_WITH_KNOTS('',3,(#10100,#10101,#10102,#10103,#10104),
 .UNSPECIFIED.,.F.,.F.,(4,1,4),(-0.0670645709846823,-0.0417176559538277,
0.),.UNSPECIFIED.);
#320=B_SPLINE_CURVE_WITH_KNOTS('',3,(#10117,#10118,#10119,#10120,#10121),
 .UNSPECIFIED.,.F.,.F.,(4,1,4),(0.,0.0172876288429822,0.0348293024032107),
 .UNSPECIFIED.);
#321=B_SPLINE_CURVE_WITH_KNOTS('',3,(#10123,#10124,#10125,#10126,#10127),
 .UNSPECIFIED.,.F.,.F.,(4,1,4),(-0.0348293024032107,-0.0172876288429822,
0.),.UNSPECIFIED.);
#322=B_SPLINE_CURVE_WITH_KNOTS('',3,(#10158,#10159,#10160,#10161,#10162),
 .UNSPECIFIED.,.F.,.F.,(4,1,4),(0.,0.0294212537756804,0.0589035483696883),
 .UNSPECIFIED.);
#323=B_SPLINE_CURVE_WITH_KNOTS('',3,(#10164,#10165,#10166,#10167,#10168),
 .UNSPECIFIED.,.F.,.F.,(4,1,4),(-0.0589035483696883,-0.0294212537756804,
0.),.UNSPECIFIED.);
#324=B_SPLINE_CURVE_WITH_KNOTS('',3,(#10181,#10182,#10183,#10184,#10185),
 .UNSPECIFIED.,.F.,.F.,(4,1,4),(0.,0.0298317485896608,0.0600200611018368),
 .UNSPECIFIED.);
#325=B_SPLINE_CURVE_WITH_KNOTS('',3,(#10187,#10188,#10189,#10190,#10191),
 .UNSPECIFIED.,.F.,.F.,(4,1,4),(-0.0600200611018368,-0.0298317485896608,
0.),.UNSPECIFIED.);
#326=B_SPLINE_CURVE_WITH_KNOTS('',3,(#10204,#10205,#10206,#10207,#10208),
 .UNSPECIFIED.,.F.,.F.,(4,1,4),(0.,0.0413961100299046,0.104589691370508),
 .UNSPECIFIED.);
#327=B_SPLINE_CURVE_WITH_KNOTS('',3,(#10210,#10211,#10212,#10213,#10214),
 .UNSPECIFIED.,.F.,.F.,(4,1,4),(-0.104589691370508,-0.0413961100299046,
0.),.UNSPECIFIED.);
#328=B_SPLINE_CURVE_WITH_KNOTS('',3,(#10227,#10228,#10229,#10230,#10231),
 .UNSPECIFIED.,.F.,.F.,(4,1,4),(0.,0.0459240066387463,0.0717785910961512),
 .UNSPECIFIED.);
#329=B_SPLINE_CURVE_WITH_KNOTS('',3,(#10233,#10234,#10235,#10236,#10237),
 .UNSPECIFIED.,.F.,.F.,(4,1,4),(-0.0717785910961512,-0.0459240066387463,
0.),.UNSPECIFIED.);
#330=B_SPLINE_CURVE_WITH_KNOTS('',3,(#10250,#10251,#10252,#10253,#10254),
 .UNSPECIFIED.,.F.,.F.,(4,1,4),(0.,0.0255571336766989,0.0453159611232821),
 .UNSPECIFIED.);
#331=B_SPLINE_CURVE_WITH_KNOTS('',3,(#10256,#10257,#10258,#10259,#10260),
 .UNSPECIFIED.,.F.,.F.,(4,1,4),(-0.0453159611232821,-0.0255571336766989,
0.),.UNSPECIFIED.);
#332=B_SPLINE_CURVE_WITH_KNOTS('',3,(#10273,#10274,#10275,#10276,#10277),
 .UNSPECIFIED.,.F.,.F.,(4,1,4),(0.,0.0157293955449771,0.0291486418095578),
 .UNSPECIFIED.);
#333=B_SPLINE_CURVE_WITH_KNOTS('',3,(#10279,#10280,#10281,#10282,#10283),
 .UNSPECIFIED.,.F.,.F.,(4,1,4),(-0.0291486418095578,-0.0157293955449771,
0.),.UNSPECIFIED.);
#334=B_SPLINE_CURVE_WITH_KNOTS('',3,(#10296,#10297,#10298,#10299,#10300),
 .UNSPECIFIED.,.F.,.F.,(4,1,4),(0.,0.0185202764386043,0.0355017716650832),
 .UNSPECIFIED.);
#335=B_SPLINE_CURVE_WITH_KNOTS('',3,(#10302,#10303,#10304,#10305,#10306),
 .UNSPECIFIED.,.F.,.F.,(4,1,4),(-0.0355017716650832,-0.0185202764386043,
0.),.UNSPECIFIED.);
#336=B_SPLINE_CURVE_WITH_KNOTS('',3,(#10319,#10320,#10321,#10322,#10323),
 .UNSPECIFIED.,.F.,.F.,(4,1,4),(0.,0.0164353633852842,0.0334058279151481),
 .UNSPECIFIED.);
#337=B_SPLINE_CURVE_WITH_KNOTS('',3,(#10325,#10326,#10327,#10328,#10329),
 .UNSPECIFIED.,.F.,.F.,(4,1,4),(-0.0334058279151481,-0.0164353633852842,
0.),.UNSPECIFIED.);
#338=B_SPLINE_CURVE_WITH_KNOTS('',3,(#10342,#10343,#10344,#10345,#10346),
 .UNSPECIFIED.,.F.,.F.,(4,1,4),(0.,0.01774526825254,0.0361386200591505),
 .UNSPECIFIED.);
#339=B_SPLINE_CURVE_WITH_KNOTS('',3,(#10348,#10349,#10350,#10351,#10352),
 .UNSPECIFIED.,.F.,.F.,(4,1,4),(-0.0361386200591505,-0.01774526825254,0.),
 .UNSPECIFIED.);
#340=B_SPLINE_CURVE_WITH_KNOTS('',3,(#10364,#10365,#10366,#10367,#10368),
 .UNSPECIFIED.,.F.,.F.,(4,1,4),(0.,0.0232174452082273,0.0555760567142643),
 .UNSPECIFIED.);
#341=B_SPLINE_CURVE_WITH_KNOTS('',3,(#10369,#10370,#10371,#10372,#10373),
 .UNSPECIFIED.,.F.,.F.,(4,1,4),(-0.0555760567142643,-0.0232174452082273,
0.),.UNSPECIFIED.);
#342=B_SPLINE_CURVE_WITH_KNOTS('',3,(#10468,#10469,#10470,#10471,#10472),
 .UNSPECIFIED.,.F.,.F.,(4,1,4),(0.,0.0544041339856764,0.0876497174309961),
 .UNSPECIFIED.);
#343=B_SPLINE_CURVE_WITH_KNOTS('',3,(#10474,#10475,#10476,#10477,#10478),
 .UNSPECIFIED.,.F.,.F.,(4,1,4),(-0.0876497174309961,-0.0544041339856764,
0.),.UNSPECIFIED.);
#344=B_SPLINE_CURVE_WITH_KNOTS('',3,(#10491,#10492,#10493,#10494,#10495),
 .UNSPECIFIED.,.F.,.F.,(4,1,4),(0.,0.0222222926311421,0.0437399563627643),
 .UNSPECIFIED.);
#345=B_SPLINE_CURVE_WITH_KNOTS('',3,(#10497,#10498,#10499,#10500,#10501),
 .UNSPECIFIED.,.F.,.F.,(4,1,4),(-0.0437399563627643,-0.0222222926311421,
0.),.UNSPECIFIED.);
#346=B_SPLINE_CURVE_WITH_KNOTS('',3,(#10514,#10515,#10516,#10517,#10518),
 .UNSPECIFIED.,.F.,.F.,(4,1,4),(0.,0.0211099804500504,0.0420152818733286),
 .UNSPECIFIED.);
#347=B_SPLINE_CURVE_WITH_KNOTS('',3,(#10520,#10521,#10522,#10523,#10524),
 .UNSPECIFIED.,.F.,.F.,(4,1,4),(-0.0420152818733286,-0.0211099804500504,
0.),.UNSPECIFIED.);
#348=B_SPLINE_CURVE_WITH_KNOTS('',3,(#10537,#10538,#10539,#10540,#10541),
 .UNSPECIFIED.,.F.,.F.,(4,1,4),(0.,0.0132622761373337,0.0248775190774446),
 .UNSPECIFIED.);
#349=B_SPLINE_CURVE_WITH_KNOTS('',3,(#10543,#10544,#10545,#10546,#10547),
 .UNSPECIFIED.,.F.,.F.,(4,1,4),(-0.0248775190774446,-0.0132622761373337,
0.),.UNSPECIFIED.);
#350=B_SPLINE_CURVE_WITH_KNOTS('',3,(#10560,#10561,#10562,#10563,#10564),
 .UNSPECIFIED.,.F.,.F.,(4,1,4),(0.,0.0111200142923279,0.022792455162991),
 .UNSPECIFIED.);
#351=B_SPLINE_CURVE_WITH_KNOTS('',3,(#10566,#10567,#10568,#10569,#10570),
 .UNSPECIFIED.,.F.,.F.,(4,1,4),(-0.022792455162991,-0.0111200142923279,
0.),.UNSPECIFIED.);
#352=B_SPLINE_CURVE_WITH_KNOTS('',3,(#10583,#10584,#10585,#10586,#10587),
 .UNSPECIFIED.,.F.,.F.,(4,1,4),(0.,0.0189911980374781,0.0519890598981987),
 .UNSPECIFIED.);
#353=B_SPLINE_CURVE_WITH_KNOTS('',3,(#10589,#10590,#10591,#10592,#10593),
 .UNSPECIFIED.,.F.,.F.,(4,1,4),(-0.0519890598981987,-0.0189911980374781,
0.),.UNSPECIFIED.);
#354=B_SPLINE_CURVE_WITH_KNOTS('',3,(#10636,#10637,#10638,#10639,#10640),
 .UNSPECIFIED.,.F.,.F.,(4,1,4),(0.,0.0389310958340682,0.0696792514162746),
 .UNSPECIFIED.);
#355=B_SPLINE_CURVE_WITH_KNOTS('',3,(#10642,#10643,#10644,#10645,#10646),
 .UNSPECIFIED.,.F.,.F.,(4,1,4),(-0.0696792514162746,-0.0389310958340682,
0.),.UNSPECIFIED.);
#356=B_SPLINE_CURVE_WITH_KNOTS('',3,(#10659,#10660,#10661,#10662,#10663),
 .UNSPECIFIED.,.F.,.F.,(4,1,4),(0.,0.0263738680416062,0.0530536759921644),
 .UNSPECIFIED.);
#357=B_SPLINE_CURVE_WITH_KNOTS('',3,(#10665,#10666,#10667,#10668,#10669),
 .UNSPECIFIED.,.F.,.F.,(4,1,4),(-0.0530536759921644,-0.0263738680416062,
0.),.UNSPECIFIED.);
#358=B_SPLINE_CURVE_WITH_KNOTS('',3,(#10682,#10683,#10684,#10685,#10686),
 .UNSPECIFIED.,.F.,.F.,(4,1,4),(0.,0.028146719129981,0.05882568132964),
 .UNSPECIFIED.);
#359=B_SPLINE_CURVE_WITH_KNOTS('',3,(#10688,#10689,#10690,#10691,#10692),
 .UNSPECIFIED.,.F.,.F.,(4,1,4),(-0.05882568132964,-0.028146719129981,0.),
 .UNSPECIFIED.);
#360=B_SPLINE_CURVE_WITH_KNOTS('',3,(#10705,#10706,#10707,#10708,#10709),
 .UNSPECIFIED.,.F.,.F.,(4,1,4),(0.,0.0300208072905686,0.0603826233976696),
 .UNSPECIFIED.);
#361=B_SPLINE_CURVE_WITH_KNOTS('',3,(#10711,#10712,#10713,#10714,#10715),
 .UNSPECIFIED.,.F.,.F.,(4,1,4),(-0.0603826233976696,-0.0300208072905686,
0.),.UNSPECIFIED.);
#362=B_SPLINE_CURVE_WITH_KNOTS('',3,(#10728,#10729,#10730,#10731,#10732),
 .UNSPECIFIED.,.F.,.F.,(4,1,4),(0.,0.0289045241508213,0.0543879706038364),
 .UNSPECIFIED.);
#363=B_SPLINE_CURVE_WITH_KNOTS('',3,(#10734,#10735,#10736,#10737,#10738),
 .UNSPECIFIED.,.F.,.F.,(4,1,4),(-0.0543879706038364,-0.0289045241508213,
0.),.UNSPECIFIED.);
#364=B_SPLINE_CURVE_WITH_KNOTS('',3,(#10751,#10752,#10753,#10754,#10755),
 .UNSPECIFIED.,.F.,.F.,(4,1,4),(0.,0.0232728313195254,0.0451989798407346),
 .UNSPECIFIED.);
#365=B_SPLINE_CURVE_WITH_KNOTS('',3,(#10757,#10758,#10759,#10760,#10761),
 .UNSPECIFIED.,.F.,.F.,(4,1,4),(-0.0451989798407346,-0.0232728313195254,
0.),.UNSPECIFIED.);
#366=B_SPLINE_CURVE_WITH_KNOTS('',3,(#10774,#10775,#10776,#10777,#10778),
 .UNSPECIFIED.,.F.,.F.,(4,1,4),(0.,0.0243427847892591,0.054758042760234),
 .UNSPECIFIED.);
#367=B_SPLINE_CURVE_WITH_KNOTS('',3,(#10780,#10781,#10782,#10783,#10784),
 .UNSPECIFIED.,.F.,.F.,(4,1,4),(-0.054758042760234,-0.0243427847892591,
0.),.UNSPECIFIED.);
#368=B_SPLINE_CURVE_WITH_KNOTS('',3,(#10797,#10798,#10799,#10800,#10801),
 .UNSPECIFIED.,.F.,.F.,(4,1,4),(0.,0.0279059740343663,0.0726587637083617),
 .UNSPECIFIED.);
#369=B_SPLINE_CURVE_WITH_KNOTS('',3,(#10803,#10804,#10805,#10806,#10807),
 .UNSPECIFIED.,.F.,.F.,(4,1,4),(-0.0726587637083617,-0.0279059740343663,
0.),.UNSPECIFIED.);
#370=B_SPLINE_CURVE_WITH_KNOTS('',3,(#10840,#10841,#10842,#10843,#10844),
 .UNSPECIFIED.,.F.,.F.,(4,1,4),(0.,0.0551856167496158,0.0885617517710764),
 .UNSPECIFIED.);
#371=B_SPLINE_CURVE_WITH_KNOTS('',3,(#10846,#10847,#10848,#10849,#10850),
 .UNSPECIFIED.,.F.,.F.,(4,1,4),(-0.0885617517710764,-0.0551856167496158,
0.),.UNSPECIFIED.);
#372=B_SPLINE_CURVE_WITH_KNOTS('',3,(#10863,#10864,#10865,#10866,#10867),
 .UNSPECIFIED.,.F.,.F.,(4,1,4),(0.,0.0218465975384517,0.0425630099166752),
 .UNSPECIFIED.);
#373=B_SPLINE_CURVE_WITH_KNOTS('',3,(#10869,#10870,#10871,#10872,#10873),
 .UNSPECIFIED.,.F.,.F.,(4,1,4),(-0.0425630099166752,-0.0218465975384517,
0.),.UNSPECIFIED.);
#374=B_SPLINE_CURVE_WITH_KNOTS('',3,(#10886,#10887,#10888,#10889,#10890),
 .UNSPECIFIED.,.F.,.F.,(4,1,4),(0.,0.0196212135781612,0.0380236446071964),
 .UNSPECIFIED.);
#375=B_SPLINE_CURVE_WITH_KNOTS('',3,(#10892,#10893,#10894,#10895,#10896),
 .UNSPECIFIED.,.F.,.F.,(4,1,4),(-0.0380236446071964,-0.0196212135781612,
0.),.UNSPECIFIED.);
#376=B_SPLINE_CURVE_WITH_KNOTS('',3,(#10909,#10910,#10911,#10912,#10913),
 .UNSPECIFIED.,.F.,.F.,(4,1,4),(0.,0.0196074630650346,0.0386613868351966),
 .UNSPECIFIED.);
#377=B_SPLINE_CURVE_WITH_KNOTS('',3,(#10915,#10916,#10917,#10918,#10919),
 .UNSPECIFIED.,.F.,.F.,(4,1,4),(-0.0386613868351966,-0.0196074630650346,
0.),.UNSPECIFIED.);
#378=B_SPLINE_CURVE_WITH_KNOTS('',3,(#10932,#10933,#10934,#10935,#10936),
 .UNSPECIFIED.,.F.,.F.,(4,1,4),(0.,0.0179430540471825,0.0479331440172374),
 .UNSPECIFIED.);
#379=B_SPLINE_CURVE_WITH_KNOTS('',3,(#10938,#10939,#10940,#10941,#10942),
 .UNSPECIFIED.,.F.,.F.,(4,1,4),(-0.0479331440172374,-0.0179430540471825,
0.),.UNSPECIFIED.);
#380=B_SPLINE_CURVE_WITH_KNOTS('',3,(#10985,#10986,#10987,#10988,#10989),
 .UNSPECIFIED.,.F.,.F.,(4,1,4),(0.,0.040825064264875,0.0722225188035998),
 .UNSPECIFIED.);
#381=B_SPLINE_CURVE_WITH_KNOTS('',3,(#10991,#10992,#10993,#10994,#10995),
 .UNSPECIFIED.,.F.,.F.,(4,1,4),(-0.0722225188035998,-0.040825064264875,
0.),.UNSPECIFIED.);
#382=B_SPLINE_CURVE_WITH_KNOTS('',3,(#11008,#11009,#11010,#11011,#11012),
 .UNSPECIFIED.,.F.,.F.,(4,1,4),(0.,0.0266348057649672,0.0545242864813598),
 .UNSPECIFIED.);
#383=B_SPLINE_CURVE_WITH_KNOTS('',3,(#11014,#11015,#11016,#11017,#11018),
 .UNSPECIFIED.,.F.,.F.,(4,1,4),(-0.0545242864813598,-0.0266348057649672,
0.),.UNSPECIFIED.);
#384=B_SPLINE_CURVE_WITH_KNOTS('',3,(#11031,#11032,#11033,#11034,#11035),
 .UNSPECIFIED.,.F.,.F.,(4,1,4),(0.,0.0301533114880962,0.0634682029599929),
 .UNSPECIFIED.);
#385=B_SPLINE_CURVE_WITH_KNOTS('',3,(#11037,#11038,#11039,#11040,#11041),
 .UNSPECIFIED.,.F.,.F.,(4,1,4),(-0.0634682029599929,-0.0301533114880962,
0.),.UNSPECIFIED.);
#386=B_SPLINE_CURVE_WITH_KNOTS('',3,(#11054,#11055,#11056,#11057,#11058),
 .UNSPECIFIED.,.F.,.F.,(4,1,4),(0.,0.0471779233530912,0.0912292659472143),
 .UNSPECIFIED.);
#387=B_SPLINE_CURVE_WITH_KNOTS('',3,(#11060,#11061,#11062,#11063,#11064),
 .UNSPECIFIED.,.F.,.F.,(4,1,4),(-0.0912292659472143,-0.0471779233530912,
0.),.UNSPECIFIED.);
#388=B_SPLINE_CURVE_WITH_KNOTS('',3,(#11077,#11078,#11079,#11080,#11081),
 .UNSPECIFIED.,.F.,.F.,(4,1,4),(0.,0.0468543278241519,0.102785565983105),
 .UNSPECIFIED.);
#389=B_SPLINE_CURVE_WITH_KNOTS('',3,(#11083,#11084,#11085,#11086,#11087),
 .UNSPECIFIED.,.F.,.F.,(4,1,4),(-0.102785565983105,-0.0468543278241519,
0.),.UNSPECIFIED.);
#390=B_SPLINE_CURVE_WITH_KNOTS('',3,(#11100,#11101,#11102,#11103,#11104),
 .UNSPECIFIED.,.F.,.F.,(4,1,4),(0.,0.0224902423449689,0.047900731760658),
 .UNSPECIFIED.);
#391=B_SPLINE_CURVE_WITH_KNOTS('',3,(#11106,#11107,#11108,#11109,#11110),
 .UNSPECIFIED.,.F.,.F.,(4,1,4),(-0.047900731760658,-0.0224902423449689,
0.),.UNSPECIFIED.);
#392=B_SPLINE_CURVE_WITH_KNOTS('',3,(#11123,#11124,#11125,#11126,#11127),
 .UNSPECIFIED.,.F.,.F.,(4,1,4),(0.,0.0636695780802184,0.146224718630445),
 .UNSPECIFIED.);
#393=B_SPLINE_CURVE_WITH_KNOTS('',3,(#11129,#11130,#11131,#11132,#11133),
 .UNSPECIFIED.,.F.,.F.,(4,1,4),(-0.146224718630445,-0.0636695780802184,
0.),.UNSPECIFIED.);
#394=B_SPLINE_CURVE_WITH_KNOTS('',3,(#11152,#11153,#11154,#11155,#11156),
 .UNSPECIFIED.,.F.,.F.,(4,1,4),(0.,0.0460922291923633,0.113575664321111),
 .UNSPECIFIED.);
#395=B_SPLINE_CURVE_WITH_KNOTS('',3,(#11158,#11159,#11160,#11161,#11162),
 .UNSPECIFIED.,.F.,.F.,(4,1,4),(-0.113575664321111,-0.0460922291923633,
0.),.UNSPECIFIED.);
#396=B_SPLINE_CURVE_WITH_KNOTS('',3,(#11175,#11176,#11177,#11178,#11179),
 .UNSPECIFIED.,.F.,.F.,(4,1,4),(0.,0.0368072383054634,0.0638787366529198),
 .UNSPECIFIED.);
#397=B_SPLINE_CURVE_WITH_KNOTS('',3,(#11181,#11182,#11183,#11184,#11185),
 .UNSPECIFIED.,.F.,.F.,(4,1,4),(-0.0638787366529198,-0.0368072383054634,
0.),.UNSPECIFIED.);
#398=B_SPLINE_CURVE_WITH_KNOTS('',3,(#11198,#11199,#11200,#11201,#11202),
 .UNSPECIFIED.,.F.,.F.,(4,1,4),(0.,0.0171572936766021,0.0420653567213939),
 .UNSPECIFIED.);
#399=B_SPLINE_CURVE_WITH_KNOTS('',3,(#11204,#11205,#11206,#11207,#11208),
 .UNSPECIFIED.,.F.,.F.,(4,1,4),(-0.0420653567213939,-0.0171572936766021,
0.),.UNSPECIFIED.);
#400=B_SPLINE_SURFACE_WITH_KNOTS('',3,1,((#7006,#7007),(#7008,#7009),(#7010,
#7011),(#7012,#7013),(#7014,#7015)),.UNSPECIFIED.,.F.,.F.,.F.,(4,1,4),(2,
2),(-0.0659749004573885,-0.0390768575897546,0.),(0.,0.1),.UNSPECIFIED.);
#401=B_SPLINE_SURFACE_WITH_KNOTS('',3,1,((#7029,#7030),(#7031,#7032),(#7033,
#7034),(#7035,#7036),(#7037,#7038)),.UNSPECIFIED.,.F.,.F.,.F.,(4,1,4),(2,
2),(-0.0429932236618395,-0.0210595939259196,0.),(0.,0.1),.UNSPECIFIED.);
#402=B_SPLINE_SURFACE_WITH_KNOTS('',3,1,((#7052,#7053),(#7054,#7055),(#7056,
#7057),(#7058,#7059),(#7060,#7061)),.UNSPECIFIED.,.F.,.F.,.F.,(4,1,4),(2,
2),(-0.0721286777088017,-0.0341383866895664,0.),(0.,0.1),.UNSPECIFIED.);
#403=B_SPLINE_SURFACE_WITH_KNOTS('',3,1,((#7075,#7076),(#7077,#7078),(#7079,
#7080),(#7081,#7082),(#7083,#7084)),.UNSPECIFIED.,.F.,.F.,.F.,(4,1,4),(2,
2),(-0.0888494850072511,-0.0420067476966004,0.),(0.,0.1),.UNSPECIFIED.);
#404=B_SPLINE_SURFACE_WITH_KNOTS('',3,1,((#7098,#7099),(#7100,#7101),(#7102,
#7103),(#7104,#7105),(#7106,#7107)),.UNSPECIFIED.,.F.,.F.,.F.,(4,1,4),(2,
2),(-0.0660722551046295,-0.0374371722056447,0.),(0.,0.1),.UNSPECIFIED.);
#405=B_SPLINE_SURFACE_WITH_KNOTS('',3,1,((#7121,#7122),(#7123,#7124),(#7125,
#7126),(#7127,#7128),(#7129,#7130)),.UNSPECIFIED.,.F.,.F.,.F.,(4,1,4),(2,
2),(-0.0449893261055514,-0.0235539437657927,0.),(0.,0.1),.UNSPECIFIED.);
#406=B_SPLINE_SURFACE_WITH_KNOTS('',3,1,((#7144,#7145),(#7146,#7147),(#7148,
#7149),(#7150,#7151),(#7152,#7153)),.UNSPECIFIED.,.F.,.F.,.F.,(4,1,4),(2,
2),(-0.0508431209799306,-0.0200546450333013,0.),(0.,0.1),.UNSPECIFIED.);
#407=B_SPLINE_SURFACE_WITH_KNOTS('',3,1,((#7191,#7192),(#7193,#7194),(#7195,
#7196),(#7197,#7198),(#7199,#7200)),.UNSPECIFIED.,.F.,.F.,.F.,(4,1,4),(2,
2),(-0.0575984775615205,-0.036904718918472,0.),(0.,0.1),.UNSPECIFIED.);
#408=B_SPLINE_SURFACE_WITH_KNOTS('',3,1,((#7214,#7215),(#7216,#7217),(#7218,
#7219),(#7220,#7221),(#7222,#7223)),.UNSPECIFIED.,.F.,.F.,.F.,(4,1,4),(2,
2),(-0.045580140456546,-0.0237969706635324,0.),(0.,0.1),.UNSPECIFIED.);
#409=B_SPLINE_SURFACE_WITH_KNOTS('',3,1,((#7237,#7238),(#7239,#7240),(#7241,
#7242),(#7243,#7244),(#7245,#7246)),.UNSPECIFIED.,.F.,.F.,.F.,(4,1,4),(2,
2),(-0.0415872871623835,-0.0207595376767159,0.),(0.,0.1),.UNSPECIFIED.);
#410=B_SPLINE_SURFACE_WITH_KNOTS('',3,1,((#7260,#7261),(#7262,#7263),(#7264,
#7265),(#7266,#7267),(#7268,#7269)),.UNSPECIFIED.,.F.,.F.,.F.,(4,1,4),(2,
2),(-0.0432490115191169,-0.021248051943093,0.),(0.,0.1),.UNSPECIFIED.);
#411=B_SPLINE_SURFACE_WITH_KNOTS('',3,1,((#7283,#7284),(#7285,#7286),(#7287,
#7288),(#7289,#7290),(#7291,#7292)),.UNSPECIFIED.,.F.,.F.,.F.,(4,1,4),(2,
2),(-0.048189709031452,-0.0232304501500361,0.),(0.,0.1),.UNSPECIFIED.);
#412=B_SPLINE_SURFACE_WITH_KNOTS('',3,1,((#7306,#7307),(#7308,#7309),(#7310,
#7311),(#7312,#7313),(#7314,#7315)),.UNSPECIFIED.,.F.,.F.,.F.,(4,1,4),(2,
2),(-0.0557108120895028,-0.0268482203931805,0.),(0.,0.1),.UNSPECIFIED.);
#413=B_SPLINE_SURFACE_WITH_KNOTS('',3,1,((#7329,#7330),(#7331,#7332),(#7333,
#7334),(#7335,#7336),(#7337,#7338)),.UNSPECIFIED.,.F.,.F.,.F.,(4,1,4),(2,
2),(-0.118148320357354,-0.0613278711326807,0.),(0.,0.1),.UNSPECIFIED.);
#414=B_SPLINE_SURFACE_WITH_KNOTS('',3,1,((#7352,#7353),(#7354,#7355),(#7356,
#7357),(#7358,#7359),(#7360,#7361)),.UNSPECIFIED.,.F.,.F.,.F.,(4,1,4),(2,
2),(-0.101527882908545,-0.0528591712750372,0.),(0.,0.1),.UNSPECIFIED.);
#415=B_SPLINE_SURFACE_WITH_KNOTS('',3,1,((#7375,#7376),(#7377,#7378),(#7379,
#7380),(#7381,#7382),(#7383,#7384)),.UNSPECIFIED.,.F.,.F.,.F.,(4,1,4),(2,
2),(-0.0818054242543988,-0.038382992875452,0.),(0.,0.1),.UNSPECIFIED.);
#416=B_SPLINE_SURFACE_WITH_KNOTS('',3,1,((#7398,#7399),(#7400,#7401),(#7402,
#7403),(#7404,#7405),(#7406,#7407)),.UNSPECIFIED.,.F.,.F.,.F.,(4,1,4),(2,
2),(-0.0791883100470182,-0.0328474990391401,0.),(0.,0.1),.UNSPECIFIED.);
#417=B_SPLINE_SURFACE_WITH_KNOTS('',3,1,((#7426,#7427),(#7428,#7429),(#7430,
#7431),(#7432,#7433),(#7434,#7435)),.UNSPECIFIED.,.F.,.F.,.F.,(4,1,4),(2,
2),(-0.0747919986376431,-0.0383747537873553,0.),(0.,0.1),.UNSPECIFIED.);
#418=B_SPLINE_SURFACE_WITH_KNOTS('',3,1,((#7452,#7453),(#7454,#7455),(#7456,
#7457),(#7458,#7459),(#7460,#7461)),.UNSPECIFIED.,.F.,.F.,.F.,(4,1,4),(2,
2),(-0.07339874628087,-0.0357784191291339,0.),(0.,0.1),.UNSPECIFIED.);
#419=B_SPLINE_SURFACE_WITH_KNOTS('',3,1,((#7475,#7476),(#7477,#7478),(#7479,
#7480),(#7481,#7482),(#7483,#7484)),.UNSPECIFIED.,.F.,.F.,.F.,(4,1,4),(2,
2),(-0.0685075757618607,-0.0330985266980128,0.),(0.,0.1),.UNSPECIFIED.);
#420=B_SPLINE_SURFACE_WITH_KNOTS('',3,1,((#7498,#7499),(#7500,#7501),(#7502,
#7503),(#7504,#7505),(#7506,#7507)),.UNSPECIFIED.,.F.,.F.,.F.,(4,1,4),(2,
2),(-0.0844490022802412,-0.0393598982812384,0.),(0.,0.1),.UNSPECIFIED.);
#421=B_SPLINE_SURFACE_WITH_KNOTS('',3,1,((#7521,#7522),(#7523,#7524),(#7525,
#7526),(#7527,#7528),(#7529,#7530)),.UNSPECIFIED.,.F.,.F.,.F.,(4,1,4),(2,
2),(-0.089693344178244,-0.0465294581032856,0.),(0.,0.1),.UNSPECIFIED.);
#422=B_SPLINE_SURFACE_WITH_KNOTS('',3,1,((#7544,#7545),(#7546,#7547),(#7548,
#7549),(#7550,#7551),(#7552,#7553)),.UNSPECIFIED.,.F.,.F.,.F.,(4,1,4),(2,
2),(-0.0797917450767559,-0.0425964498191275,0.),(0.,0.1),.UNSPECIFIED.);
#423=B_SPLINE_SURFACE_WITH_KNOTS('',3,1,((#7567,#7568),(#7569,#7570),(#7571,
#7572),(#7573,#7574),(#7575,#7576)),.UNSPECIFIED.,.F.,.F.,.F.,(4,1,4),(2,
2),(-0.0716338768838082,-0.0351973615120445,0.),(0.,0.1),.UNSPECIFIED.);
#424=B_SPLINE_SURFACE_WITH_KNOTS('',3,1,((#7590,#7591),(#7592,#7593),(#7594,
#7595),(#7596,#7597),(#7598,#7599)),.UNSPECIFIED.,.F.,.F.,.F.,(4,1,4),(2,
2),(-0.116965333381364,-0.0564495144512516,0.),(0.,0.1),.UNSPECIFIED.);
#425=B_SPLINE_SURFACE_WITH_KNOTS('',3,1,((#7613,#7614),(#7615,#7616),(#7617,
#7618),(#7619,#7620),(#7621,#7622)),.UNSPECIFIED.,.F.,.F.,.F.,(4,1,4),(2,
2),(-0.13047897279282,-0.065396693217748,0.),(0.,0.1),.UNSPECIFIED.);
#426=B_SPLINE_SURFACE_WITH_KNOTS('',3,1,((#7633,#7634),(#7635,#7636),(#7637,
#7638),(#7639,#7640),(#7641,#7642)),.UNSPECIFIED.,.F.,.F.,.F.,(4,1,4),(2,
2),(-0.0756802195255029,-0.0365226735243608,0.),(0.,0.1),.UNSPECIFIED.);
#427=B_SPLINE_SURFACE_WITH_KNOTS('',3,1,((#7659,#7660),(#7661,#7662),(#7663,
#7664),(#7665,#7666),(#7667,#7668)),.UNSPECIFIED.,.F.,.F.,.F.,(4,1,4),(2,
2),(-0.101224307235248,-0.0522238599328476,0.),(0.,0.1),.UNSPECIFIED.);
#428=B_SPLINE_SURFACE_WITH_KNOTS('',3,1,((#7682,#7683),(#7684,#7685),(#7686,
#7687),(#7688,#7689),(#7690,#7691)),.UNSPECIFIED.,.F.,.F.,.F.,(4,1,4),(2,
2),(-0.0950909261467011,-0.0473491878761422,0.),(0.,0.1),.UNSPECIFIED.);
#429=B_SPLINE_SURFACE_WITH_KNOTS('',3,1,((#7705,#7706),(#7707,#7708),(#7709,
#7710),(#7711,#7712),(#7713,#7714)),.UNSPECIFIED.,.F.,.F.,.F.,(4,1,4),(2,
2),(-0.102050440884392,-0.0493615722738369,0.),(0.,0.1),.UNSPECIFIED.);
#430=B_SPLINE_SURFACE_WITH_KNOTS('',3,1,((#7728,#7729),(#7730,#7731),(#7732,
#7733),(#7734,#7735),(#7736,#7737)),.UNSPECIFIED.,.F.,.F.,.F.,(4,1,4),(2,
2),(-0.131214370625479,-0.0680706588154721,0.),(0.,0.1),.UNSPECIFIED.);
#431=B_SPLINE_SURFACE_WITH_KNOTS('',3,1,((#7751,#7752),(#7753,#7754),(#7755,
#7756),(#7757,#7758),(#7759,#7760)),.UNSPECIFIED.,.F.,.F.,.F.,(4,1,4),(2,
2),(-0.133202502296286,-0.063635766164613,0.),(0.,0.1),.UNSPECIFIED.);
#432=B_SPLINE_SURFACE_WITH_KNOTS('',3,1,((#7774,#7775),(#7776,#7777),(#7778,
#7779),(#7780,#7781),(#7782,#7783)),.UNSPECIFIED.,.F.,.F.,.F.,(4,1,4),(2,
2),(-0.126950020627893,-0.0627205920403035,0.),(0.,0.1),.UNSPECIFIED.);
#433=B_SPLINE_SURFACE_WITH_KNOTS('',3,1,((#7797,#7798),(#7799,#7800),(#7801,
#7802),(#7803,#7804),(#7805,#7806)),.UNSPECIFIED.,.F.,.F.,.F.,(4,1,4),(2,
2),(-0.122953443386854,-0.0630376598677215,0.),(0.,0.1),.UNSPECIFIED.);
#434=B_SPLINE_SURFACE_WITH_KNOTS('',3,1,((#7820,#7821),(#7822,#7823),(#7824,
#7825),(#7826,#7827),(#7828,#7829)),.UNSPECIFIED.,.F.,.F.,.F.,(4,1,4),(2,
2),(-0.120974183475704,-0.0594043156567806,0.),(0.,0.1),.UNSPECIFIED.);
#435=B_SPLINE_SURFACE_WITH_KNOTS('',3,1,((#7843,#7844),(#7845,#7846),(#7847,
#7848),(#7849,#7850),(#7851,#7852)),.UNSPECIFIED.,.F.,.F.,.F.,(4,1,4),(2,
2),(-0.0983234207894126,-0.0518222480130614,0.),(0.,0.1),.UNSPECIFIED.);
#436=B_SPLINE_SURFACE_WITH_KNOTS('',3,1,((#7866,#7867),(#7868,#7869),(#7870,
#7871),(#7872,#7873),(#7874,#7875)),.UNSPECIFIED.,.F.,.F.,.F.,(4,1,4),(2,
2),(-0.0836493219889019,-0.0430928839954193,0.),(0.,0.1),.UNSPECIFIED.);
#437=B_SPLINE_SURFACE_WITH_KNOTS('',3,1,((#7889,#7890),(#7891,#7892),(#7893,
#7894),(#7895,#7896),(#7897,#7898)),.UNSPECIFIED.,.F.,.F.,.F.,(4,1,4),(2,
2),(-0.0777463055549018,-0.0395124038739138,0.),(0.,0.1),.UNSPECIFIED.);
#438=B_SPLINE_SURFACE_WITH_KNOTS('',3,1,((#7920,#7921),(#7922,#7923),(#7924,
#7925),(#7926,#7927),(#7928,#7929)),.UNSPECIFIED.,.F.,.F.,.F.,(4,1,4),(2,
2),(-0.0526583816630109,-0.0315673466156964,0.),(0.,0.1),.UNSPECIFIED.);
#439=B_SPLINE_SURFACE_WITH_KNOTS('',3,1,((#7943,#7944),(#7945,#7946),(#7947,
#7948),(#7949,#7950),(#7951,#7952)),.UNSPECIFIED.,.F.,.F.,.F.,(4,1,4),(2,
2),(-0.0714814400654758,-0.0302091635679227,0.),(0.,0.1),.UNSPECIFIED.);
#440=B_SPLINE_SURFACE_WITH_KNOTS('',3,1,((#7966,#7967),(#7968,#7969),(#7970,
#7971),(#7972,#7973),(#7974,#7975)),.UNSPECIFIED.,.F.,.F.,.F.,(4,1,4),(2,
2),(-0.0609502850553511,-0.0349759544642052,0.),(0.,0.1),.UNSPECIFIED.);
#441=B_SPLINE_SURFACE_WITH_KNOTS('',3,1,((#7989,#7990),(#7991,#7992),(#7993,
#7994),(#7995,#7996),(#7997,#7998)),.UNSPECIFIED.,.F.,.F.,.F.,(4,1,4),(2,
2),(-0.04039951102094,-0.0209092018039447,0.),(0.,0.1),.UNSPECIFIED.);
#442=B_SPLINE_SURFACE_WITH_KNOTS('',3,1,((#8012,#8013),(#8014,#8015),(#8016,
#8017),(#8018,#8019),(#8020,#8021)),.UNSPECIFIED.,.F.,.F.,.F.,(4,1,4),(2,
2),(-0.0343368987347493,-0.0167803648043154,0.),(0.,0.1),.UNSPECIFIED.);
#443=B_SPLINE_SURFACE_WITH_KNOTS('',3,1,((#8035,#8036),(#8037,#8038),(#8039,
#8040),(#8041,#8042),(#8043,#8044)),.UNSPECIFIED.,.F.,.F.,.F.,(4,1,4),(2,
2),(-0.0640351685560993,-0.0227128585291368,0.),(0.,0.1),.UNSPECIFIED.);
#444=B_SPLINE_SURFACE_WITH_KNOTS('',3,1,((#8058,#8059),(#8060,#8061),(#8062,
#8063),(#8064,#8065),(#8066,#8067)),.UNSPECIFIED.,.F.,.F.,.F.,(4,1,4),(2,
2),(-0.0758828437279611,-0.0443022190568043,0.),(0.,0.1),.UNSPECIFIED.);
#445=B_SPLINE_SURFACE_WITH_KNOTS('',3,1,((#8081,#8082),(#8083,#8084),(#8085,
#8086),(#8087,#8088),(#8089,#8090)),.UNSPECIFIED.,.F.,.F.,.F.,(4,1,4),(2,
2),(-0.0490082523835212,-0.024635607167368,0.),(0.,0.1),.UNSPECIFIED.);
#446=B_SPLINE_SURFACE_WITH_KNOTS('',3,1,((#8104,#8105),(#8106,#8107),(#8108,
#8109),(#8110,#8111),(#8112,#8113)),.UNSPECIFIED.,.F.,.F.,.F.,(4,1,4),(2,
2),(-0.0523978999123737,-0.0251439440734089,0.),(0.,0.1),.UNSPECIFIED.);
#447=B_SPLINE_SURFACE_WITH_KNOTS('',3,1,((#8127,#8128),(#8129,#8130),(#8131,
#8132),(#8133,#8134),(#8135,#8136)),.UNSPECIFIED.,.F.,.F.,.F.,(4,1,4),(2,
2),(-0.0936011638876384,-0.0470760210433138,0.),(0.,0.1),.UNSPECIFIED.);
#448=B_SPLINE_SURFACE_WITH_KNOTS('',3,1,((#8150,#8151),(#8152,#8153),(#8154,
#8155),(#8156,#8157),(#8158,#8159)),.UNSPECIFIED.,.F.,.F.,.F.,(4,1,4),(2,
2),(-0.112923585279702,-0.0512410204919716,0.),(0.,0.1),.UNSPECIFIED.);
#449=B_SPLINE_SURFACE_WITH_KNOTS('',3,1,((#8173,#8174),(#8175,#8176),(#8177,
#8178),(#8179,#8180),(#8181,#8182)),.UNSPECIFIED.,.F.,.F.,.F.,(4,1,4),(2,
2),(-0.115722612588657,-0.0629918214526066,0.),(0.,0.1),.UNSPECIFIED.);
#450=B_SPLINE_SURFACE_WITH_KNOTS('',3,1,((#8196,#8197),(#8198,#8199),(#8200,
#8201),(#8202,#8203),(#8204,#8205)),.UNSPECIFIED.,.F.,.F.,.F.,(4,1,4),(2,
2),(-0.0996793496265474,-0.0487317297217227,0.),(0.,0.1),.UNSPECIFIED.);
#451=B_SPLINE_SURFACE_WITH_KNOTS('',3,1,((#8225,#8226),(#8227,#8228),(#8229,
#8230),(#8231,#8232),(#8233,#8234)),.UNSPECIFIED.,.F.,.F.,.F.,(4,1,4),(2,
2),(-0.0495038151372208,-0.0261750300369125,0.),(0.,0.1),.UNSPECIFIED.);
#452=B_SPLINE_SURFACE_WITH_KNOTS('',3,1,((#8248,#8249),(#8250,#8251),(#8252,
#8253),(#8254,#8255),(#8256,#8257)),.UNSPECIFIED.,.F.,.F.,.F.,(4,1,4),(2,
2),(-0.055436139120983,-0.0247743362365103,0.),(0.,0.1),.UNSPECIFIED.);
#453=B_SPLINE_SURFACE_WITH_KNOTS('',3,1,((#8271,#8272),(#8273,#8274),(#8275,
#8276),(#8277,#8278),(#8279,#8280)),.UNSPECIFIED.,.F.,.F.,.F.,(4,1,4),(2,
2),(-0.0508383862541216,-0.0293828557109054,0.),(0.,0.1),.UNSPECIFIED.);
#454=B_SPLINE_SURFACE_WITH_KNOTS('',3,1,((#8294,#8295),(#8296,#8297),(#8298,
#8299),(#8300,#8301),(#8302,#8303)),.UNSPECIFIED.,.F.,.F.,.F.,(4,1,4),(2,
2),(-0.0345452970982961,-0.0174393574827004,0.),(0.,0.1),.UNSPECIFIED.);
#455=B_SPLINE_SURFACE_WITH_KNOTS('',3,1,((#8317,#8318),(#8319,#8320),(#8321,
#8322),(#8323,#8324),(#8325,#8326)),.UNSPECIFIED.,.F.,.F.,.F.,(4,1,4),(2,
2),(-0.0322126588271003,-0.0160409798527932,0.),(0.,0.1),.UNSPECIFIED.);
#456=B_SPLINE_SURFACE_WITH_KNOTS('',3,1,((#8340,#8341),(#8342,#8343),(#8344,
#8345),(#8346,#8347),(#8348,#8349)),.UNSPECIFIED.,.F.,.F.,.F.,(4,1,4),(2,
2),(-0.0671275975835965,-0.0254156322832752,0.),(0.,0.1),.UNSPECIFIED.);
#457=B_SPLINE_SURFACE_WITH_KNOTS('',3,1,((#8363,#8364),(#8365,#8366),(#8367,
#8368),(#8369,#8370),(#8371,#8372)),.UNSPECIFIED.,.F.,.F.,.F.,(4,1,4),(2,
2),(-0.100530917979489,-0.0625781193918079,0.),(0.,0.1),.UNSPECIFIED.);
#458=B_SPLINE_SURFACE_WITH_KNOTS('',3,1,((#8386,#8387),(#8388,#8389),(#8390,
#8391),(#8392,#8393),(#8394,#8395)),.UNSPECIFIED.,.F.,.F.,.F.,(4,1,4),(2,
2),(-0.0772085579924944,-0.0376304477183584,0.),(0.,0.1),.UNSPECIFIED.);
#459=B_SPLINE_SURFACE_WITH_KNOTS('',3,1,((#8409,#8410),(#8411,#8412),(#8413,
#8414),(#8415,#8416),(#8417,#8418)),.UNSPECIFIED.,.F.,.F.,.F.,(4,1,4),(2,
2),(-0.102128624319872,-0.0501836039137653,0.),(0.,0.1),.UNSPECIFIED.);
#460=B_SPLINE_SURFACE_WITH_KNOTS('',3,1,((#8432,#8433),(#8434,#8435),(#8436,
#8437),(#8438,#8439),(#8440,#8441)),.UNSPECIFIED.,.F.,.F.,.F.,(4,1,4),(2,
2),(-0.124662180675057,-0.0574629767166863,0.),(0.,0.1),.UNSPECIFIED.);
#461=B_SPLINE_SURFACE_WITH_KNOTS('',3,1,((#8455,#8456),(#8457,#8458),(#8459,
#8460),(#8461,#8462),(#8463,#8464)),.UNSPECIFIED.,.F.,.F.,.F.,(4,1,4),(2,
2),(-0.091552409748395,-0.048318616837945,0.),(0.,0.1),.UNSPECIFIED.);
#462=B_SPLINE_SURFACE_WITH_KNOTS('',3,1,((#8478,#8479),(#8480,#8481),(#8482,
#8483),(#8484,#8485),(#8486,#8487)),.UNSPECIFIED.,.F.,.F.,.F.,(4,1,4),(2,
2),(-0.0729409733888969,-0.0383067911678157,0.),(0.,0.1),.UNSPECIFIED.);
#463=B_SPLINE_SURFACE_WITH_KNOTS('',3,1,((#8501,#8502),(#8503,#8504),(#8505,
#8506),(#8507,#8508),(#8509,#8510)),.UNSPECIFIED.,.F.,.F.,.F.,(4,1,4),(2,
2),(-0.0729683977018023,-0.0350541280975455,0.),(0.,0.1),.UNSPECIFIED.);
#464=B_SPLINE_SURFACE_WITH_KNOTS('',3,1,((#8592,#8593),(#8594,#8595),(#8596,
#8597),(#8598,#8599),(#8600,#8601)),.UNSPECIFIED.,.F.,.F.,.F.,(4,1,4),(2,
2),(-0.0526583512662276,-0.0315673162189131,0.),(0.,0.1),.UNSPECIFIED.);
#465=B_SPLINE_SURFACE_WITH_KNOTS('',3,1,((#8615,#8616),(#8617,#8618),(#8619,
#8620),(#8621,#8622),(#8623,#8624)),.UNSPECIFIED.,.F.,.F.,.F.,(4,1,4),(2,
2),(-0.0714814060563461,-0.030209365987917,0.),(0.,0.1),.UNSPECIFIED.);
#466=B_SPLINE_SURFACE_WITH_KNOTS('',3,1,((#8638,#8639),(#8640,#8641),(#8642,
#8643),(#8644,#8645),(#8646,#8647)),.UNSPECIFIED.,.F.,.F.,.F.,(4,1,4),(2,
2),(-0.0609502850553511,-0.0349759544642052,0.),(0.,0.1),.UNSPECIFIED.);
#467=B_SPLINE_SURFACE_WITH_KNOTS('',3,1,((#8661,#8662),(#8663,#8664),(#8665,
#8666),(#8667,#8668),(#8669,#8670)),.UNSPECIFIED.,.F.,.F.,.F.,(4,1,4),(2,
2),(-0.0403996099559669,-0.0209093558097947,0.),(0.,0.1),.UNSPECIFIED.);
#468=B_SPLINE_SURFACE_WITH_KNOTS('',3,1,((#8684,#8685),(#8686,#8687),(#8688,
#8689),(#8690,#8691),(#8692,#8693)),.UNSPECIFIED.,.F.,.F.,.F.,(4,1,4),(2,
2),(-0.0343368987347493,-0.0167803648043154,0.),(0.,0.1),.UNSPECIFIED.);
#469=B_SPLINE_SURFACE_WITH_KNOTS('',3,1,((#8707,#8708),(#8709,#8710),(#8711,
#8712),(#8713,#8714),(#8715,#8716)),.UNSPECIFIED.,.F.,.F.,.F.,(4,1,4),(2,
2),(-0.0640349522895582,-0.0227128585291368,0.),(0.,0.1),.UNSPECIFIED.);
#470=B_SPLINE_SURFACE_WITH_KNOTS('',3,1,((#8730,#8731),(#8732,#8733),(#8734,
#8735),(#8736,#8737),(#8738,#8739)),.UNSPECIFIED.,.F.,.F.,.F.,(4,1,4),(2,
2),(-0.0758828437279611,-0.0443022190568043,0.),(0.,0.1),.UNSPECIFIED.);
#471=B_SPLINE_SURFACE_WITH_KNOTS('',3,1,((#8753,#8754),(#8755,#8756),(#8757,
#8758),(#8759,#8760),(#8761,#8762)),.UNSPECIFIED.,.F.,.F.,.F.,(4,1,4),(2,
2),(-0.0490082523835212,-0.024635607167368,0.),(0.,0.1),.UNSPECIFIED.);
#472=B_SPLINE_SURFACE_WITH_KNOTS('',3,1,((#8776,#8777),(#8778,#8779),(#8780,
#8781),(#8782,#8783),(#8784,#8785)),.UNSPECIFIED.,.F.,.F.,.F.,(4,1,4),(2,
2),(-0.0523978999123737,-0.0251439440734089,0.),(0.,0.1),.UNSPECIFIED.);
#473=B_SPLINE_SURFACE_WITH_KNOTS('',3,1,((#8799,#8800),(#8801,#8802),(#8803,
#8804),(#8805,#8806),(#8807,#8808)),.UNSPECIFIED.,.F.,.F.,.F.,(4,1,4),(2,
2),(-0.0936011175945907,-0.0470759747502661,0.),(0.,0.1),.UNSPECIFIED.);
#474=B_SPLINE_SURFACE_WITH_KNOTS('',3,1,((#8822,#8823),(#8824,#8825),(#8826,
#8827),(#8828,#8829),(#8830,#8831)),.UNSPECIFIED.,.F.,.F.,.F.,(4,1,4),(2,
2),(-0.112923821518434,-0.0512410204919716,0.),(0.,0.1),.UNSPECIFIED.);
#475=B_SPLINE_SURFACE_WITH_KNOTS('',3,1,((#8845,#8846),(#8847,#8848),(#8849,
#8850),(#8851,#8852),(#8853,#8854)),.UNSPECIFIED.,.F.,.F.,.F.,(4,1,4),(2,
2),(-0.115722402091257,-0.0629918214526066,0.),(0.,0.1),.UNSPECIFIED.);
#476=B_SPLINE_SURFACE_WITH_KNOTS('',3,1,((#8868,#8869),(#8870,#8871),(#8872,
#8873),(#8874,#8875),(#8876,#8877)),.UNSPECIFIED.,.F.,.F.,.F.,(4,1,4),(2,
2),(-0.0996793496265474,-0.0487317297217227,0.),(0.,0.1),.UNSPECIFIED.);
#477=B_SPLINE_SURFACE_WITH_KNOTS('',3,1,((#8897,#8898),(#8899,#8900),(#8901,
#8902),(#8903,#8904),(#8905,#8906)),.UNSPECIFIED.,.F.,.F.,.F.,(4,1,4),(2,
2),(-0.0495038151372208,-0.0261750300369125,0.),(0.,0.1),.UNSPECIFIED.);
#478=B_SPLINE_SURFACE_WITH_KNOTS('',3,1,((#8920,#8921),(#8922,#8923),(#8924,
#8925),(#8926,#8927),(#8928,#8929)),.UNSPECIFIED.,.F.,.F.,.F.,(4,1,4),(2,
2),(-0.055436139120983,-0.0247743362365103,0.),(0.,0.1),.UNSPECIFIED.);
#479=B_SPLINE_SURFACE_WITH_KNOTS('',3,1,((#8943,#8944),(#8945,#8946),(#8947,
#8948),(#8949,#8950),(#8951,#8952)),.UNSPECIFIED.,.F.,.F.,.F.,(4,1,4),(2,
2),(-0.0508383862541216,-0.0293828557109054,0.),(0.,0.1),.UNSPECIFIED.);
#480=B_SPLINE_SURFACE_WITH_KNOTS('',3,1,((#8966,#8967),(#8968,#8969),(#8970,
#8971),(#8972,#8973),(#8974,#8975)),.UNSPECIFIED.,.F.,.F.,.F.,(4,1,4),(2,
2),(-0.0345451982839886,-0.0174392078046277,0.),(0.,0.1),.UNSPECIFIED.);
#481=B_SPLINE_SURFACE_WITH_KNOTS('',3,1,((#8989,#8990),(#8991,#8992),(#8993,
#8994),(#8995,#8996),(#8997,#8998)),.UNSPECIFIED.,.F.,.F.,.F.,(4,1,4),(2,
2),(-0.0322126588271003,-0.0160409798527932,0.),(0.,0.1),.UNSPECIFIED.);
#482=B_SPLINE_SURFACE_WITH_KNOTS('',3,1,((#9012,#9013),(#9014,#9015),(#9016,
#9017),(#9018,#9019),(#9020,#9021)),.UNSPECIFIED.,.F.,.F.,.F.,(4,1,4),(2,
2),(-0.0671276116296532,-0.0254154307186919,0.),(0.,0.1),.UNSPECIFIED.);
#483=B_SPLINE_SURFACE_WITH_KNOTS('',3,1,((#9035,#9036),(#9037,#9038),(#9039,
#9040),(#9041,#9042),(#9043,#9044)),.UNSPECIFIED.,.F.,.F.,.F.,(4,1,4),(2,
2),(-0.100530899907663,-0.0625779042051993,0.),(0.,0.1),.UNSPECIFIED.);
#484=B_SPLINE_SURFACE_WITH_KNOTS('',3,1,((#9058,#9059),(#9060,#9061),(#9062,
#9063),(#9064,#9065),(#9066,#9067)),.UNSPECIFIED.,.F.,.F.,.F.,(4,1,4),(2,
2),(-0.0772084244480662,-0.0376303141739302,0.),(0.,0.1),.UNSPECIFIED.);
#485=B_SPLINE_SURFACE_WITH_KNOTS('',3,1,((#9081,#9082),(#9083,#9084),(#9085,
#9086),(#9087,#9088),(#9089,#9090)),.UNSPECIFIED.,.F.,.F.,.F.,(4,1,4),(2,
2),(-0.102128624319872,-0.0501836039137653,0.),(0.,0.1),.UNSPECIFIED.);
#486=B_SPLINE_SURFACE_WITH_KNOTS('',3,1,((#9104,#9105),(#9106,#9107),(#9108,
#9109),(#9110,#9111),(#9112,#9113)),.UNSPECIFIED.,.F.,.F.,.F.,(4,1,4),(2,
2),(-0.124662208880788,-0.0574627688375592,0.),(0.,0.1),.UNSPECIFIED.);
#487=B_SPLINE_SURFACE_WITH_KNOTS('',3,1,((#9127,#9128),(#9129,#9130),(#9131,
#9132),(#9133,#9134),(#9135,#9136)),.UNSPECIFIED.,.F.,.F.,.F.,(4,1,4),(2,
2),(-0.091552409748395,-0.048318616837945,0.),(0.,0.1),.UNSPECIFIED.);
#488=B_SPLINE_SURFACE_WITH_KNOTS('',3,1,((#9150,#9151),(#9152,#9153),(#9154,
#9155),(#9156,#9157),(#9158,#9159)),.UNSPECIFIED.,.F.,.F.,.F.,(4,1,4),(2,
2),(-0.0729407727881928,-0.0383065905671117,0.),(0.,0.1),.UNSPECIFIED.);
#489=B_SPLINE_SURFACE_WITH_KNOTS('',3,1,((#9173,#9174),(#9175,#9176),(#9177,
#9178),(#9179,#9180),(#9181,#9182)),.UNSPECIFIED.,.F.,.F.,.F.,(4,1,4),(2,
2),(-0.0729683977018023,-0.0350541280975455,0.),(0.,0.1),.UNSPECIFIED.);
#490=B_SPLINE_SURFACE_WITH_KNOTS('',3,1,((#9282,#9283),(#9284,#9285),(#9286,
#9287),(#9288,#9289),(#9290,#9291)),.UNSPECIFIED.,.F.,.F.,.F.,(4,1,4),(2,
2),(-0.0885618672579376,-0.0551854976169373,0.),(0.,0.1),.UNSPECIFIED.);
#491=B_SPLINE_SURFACE_WITH_KNOTS('',3,1,((#9305,#9306),(#9307,#9308),(#9309,
#9310),(#9311,#9312),(#9313,#9314)),.UNSPECIFIED.,.F.,.F.,.F.,(4,1,4),(2,
2),(-0.0425628830669826,-0.0218463864932129,0.),(0.,0.1),.UNSPECIFIED.);
#492=B_SPLINE_SURFACE_WITH_KNOTS('',3,1,((#9328,#9329),(#9330,#9331),(#9332,
#9333),(#9334,#9335),(#9336,#9337)),.UNSPECIFIED.,.F.,.F.,.F.,(4,1,4),(2,
2),(-0.0380233810530631,-0.0196209897922187,0.),(0.,0.1),.UNSPECIFIED.);
#493=B_SPLINE_SURFACE_WITH_KNOTS('',3,1,((#9351,#9352),(#9353,#9354),(#9355,
#9356),(#9357,#9358),(#9359,#9360)),.UNSPECIFIED.,.F.,.F.,.F.,(4,1,4),(2,
2),(-0.0386608605636037,-0.0196074361090957,0.),(0.,0.1),.UNSPECIFIED.);
#494=B_SPLINE_SURFACE_WITH_KNOTS('',3,1,((#9374,#9375),(#9376,#9377),(#9378,
#9379),(#9380,#9381),(#9382,#9383)),.UNSPECIFIED.,.F.,.F.,.F.,(4,1,4),(2,
2),(-0.047933946615537,-0.0179438566454821,0.),(0.,0.1),.UNSPECIFIED.);
#495=B_SPLINE_SURFACE_WITH_KNOTS('',3,1,((#9427,#9428),(#9429,#9430),(#9431,
#9432),(#9433,#9434),(#9435,#9436)),.UNSPECIFIED.,.F.,.F.,.F.,(4,1,4),(2,
2),(-0.0722220541779762,-0.040825064264875,0.),(0.,0.1),.UNSPECIFIED.);
#496=B_SPLINE_SURFACE_WITH_KNOTS('',3,1,((#9450,#9451),(#9452,#9453),(#9454,
#9455),(#9456,#9457),(#9458,#9459)),.UNSPECIFIED.,.F.,.F.,.F.,(4,1,4),(2,
2),(-0.0545243896726721,-0.0266349089562794,0.),(0.,0.1),.UNSPECIFIED.);
#497=B_SPLINE_SURFACE_WITH_KNOTS('',3,1,((#9473,#9474),(#9475,#9476),(#9477,
#9478),(#9479,#9480),(#9481,#9482)),.UNSPECIFIED.,.F.,.F.,.F.,(4,1,4),(2,
2),(-0.0634680914742048,-0.0301531719320047,0.),(0.,0.1),.UNSPECIFIED.);
#498=B_SPLINE_SURFACE_WITH_KNOTS('',3,1,((#9496,#9497),(#9498,#9499),(#9500,
#9501),(#9502,#9503),(#9504,#9505)),.UNSPECIFIED.,.F.,.F.,.F.,(4,1,4),(2,
2),(-0.0912293279709026,-0.0471779233530912,0.),(0.,0.1),.UNSPECIFIED.);
#499=B_SPLINE_SURFACE_WITH_KNOTS('',3,1,((#9519,#9520),(#9521,#9522),(#9523,
#9524),(#9525,#9526),(#9527,#9528)),.UNSPECIFIED.,.F.,.F.,.F.,(4,1,4),(2,
2),(-0.102785024693073,-0.0468541324065997,0.),(0.,0.1),.UNSPECIFIED.);
#500=B_SPLINE_SURFACE_WITH_KNOTS('',3,1,((#9542,#9543),(#9544,#9545),(#9546,
#9547),(#9548,#9549),(#9550,#9551)),.UNSPECIFIED.,.F.,.F.,.F.,(4,1,4),(2,
2),(-0.0479004063566167,-0.0224899169409277,0.),(0.,0.1),.UNSPECIFIED.);
#501=B_SPLINE_SURFACE_WITH_KNOTS('',3,1,((#9565,#9566),(#9567,#9568),(#9569,
#9570),(#9571,#9572),(#9573,#9574)),.UNSPECIFIED.,.F.,.F.,.F.,(4,1,4),(2,
2),(-0.146224874290009,-0.0636696871497715,0.),(0.,0.1),.UNSPECIFIED.);
#502=B_SPLINE_SURFACE_WITH_KNOTS('',3,1,((#9594,#9595),(#9596,#9597),(#9598,
#9599),(#9600,#9601),(#9602,#9603)),.UNSPECIFIED.,.F.,.F.,.F.,(4,1,4),(2,
2),(-0.113575623568066,-0.0460921884393179,0.),(0.,0.1),.UNSPECIFIED.);
#503=B_SPLINE_SURFACE_WITH_KNOTS('',3,1,((#9617,#9618),(#9619,#9620),(#9621,
#9622),(#9623,#9624),(#9625,#9626)),.UNSPECIFIED.,.F.,.F.,.F.,(4,1,4),(2,
2),(-0.0638787680649484,-0.036807351419208,0.),(0.,0.1),.UNSPECIFIED.);
#504=B_SPLINE_SURFACE_WITH_KNOTS('',3,1,((#9640,#9641),(#9642,#9643),(#9644,
#9645),(#9646,#9647),(#9648,#9649)),.UNSPECIFIED.,.F.,.F.,.F.,(4,1,4),(2,
2),(-0.0420655804238004,-0.0171575173790086,0.),(0.,0.1),.UNSPECIFIED.);
#505=B_SPLINE_SURFACE_WITH_KNOTS('',3,1,((#9922,#9923),(#9924,#9925),(#9926,
#9927),(#9928,#9929),(#9930,#9931)),.UNSPECIFIED.,.F.,.F.,.F.,(4,1,4),(2,
2),(-0.0970952286677364,-0.051518715615016,0.),(0.,0.1),.UNSPECIFIED.);
#506=B_SPLINE_SURFACE_WITH_KNOTS('',3,1,((#9945,#9946),(#9947,#9948),(#9949,
#9950),(#9951,#9952),(#9953,#9954)),.UNSPECIFIED.,.F.,.F.,.F.,(4,1,4),(2,
2),(-0.0915550023637871,-0.0442123546107147,0.),(0.,0.1),.UNSPECIFIED.);
#507=B_SPLINE_SURFACE_WITH_KNOTS('',3,1,((#9968,#9969),(#9970,#9971),(#9972,
#9973),(#9974,#9975),(#9976,#9977)),.UNSPECIFIED.,.F.,.F.,.F.,(4,1,4),(2,
2),(-0.0947100410719839,-0.0505018705989006,0.),(0.,0.1),.UNSPECIFIED.);
#508=B_SPLINE_SURFACE_WITH_KNOTS('',3,1,((#9991,#9992),(#9993,#9994),(#9995,
#9996),(#9997,#9998),(#9999,#10000)),.UNSPECIFIED.,.F.,.F.,.F.,(4,1,4),
(2,2),(-0.0852017267812637,-0.0418950974043491,0.),(0.,0.1),
 .UNSPECIFIED.);
#509=B_SPLINE_SURFACE_WITH_KNOTS('',3,1,((#10014,#10015),(#10016,#10017),
(#10018,#10019),(#10020,#10021),(#10022,#10023)),.UNSPECIFIED.,.F.,.F.,
 .F.,(4,1,4),(2,2),(-0.0488513922731215,-0.0238986240236006,0.),(0.,0.1),
 .UNSPECIFIED.);
#510=B_SPLINE_SURFACE_WITH_KNOTS('',3,1,((#10037,#10038),(#10039,#10040),
(#10041,#10042),(#10043,#10044),(#10045,#10046)),.UNSPECIFIED.,.F.,.F.,
 .F.,(4,1,4),(2,2),(-0.0597089377807749,-0.0276764416687806,0.),(0.,0.1),
 .UNSPECIFIED.);
#511=B_SPLINE_SURFACE_WITH_KNOTS('',3,1,((#10060,#10061),(#10062,#10063),
(#10064,#10065),(#10066,#10067),(#10068,#10069)),.UNSPECIFIED.,.F.,.F.,
 .F.,(4,1,4),(2,2),(-0.0743986135517053,-0.0308575888555382,0.),(0.,0.1),
 .UNSPECIFIED.);
#512=B_SPLINE_SURFACE_WITH_KNOTS('',3,1,((#10083,#10084),(#10085,#10086),
(#10087,#10088),(#10089,#10090),(#10091,#10092)),.UNSPECIFIED.,.F.,.F.,
 .F.,(4,1,4),(2,2),(-0.0670645709846823,-0.0417176559538277,0.),(0.,0.1),
 .UNSPECIFIED.);
#513=B_SPLINE_SURFACE_WITH_KNOTS('',3,1,((#10106,#10107),(#10108,#10109),
(#10110,#10111),(#10112,#10113),(#10114,#10115)),.UNSPECIFIED.,.F.,.F.,
 .F.,(4,1,4),(2,2),(-0.0348293024032107,-0.0172876288429822,0.),(0.,0.1),
 .UNSPECIFIED.);
#514=B_SPLINE_SURFACE_WITH_KNOTS('',3,1,((#10147,#10148),(#10149,#10150),
(#10151,#10152),(#10153,#10154),(#10155,#10156)),.UNSPECIFIED.,.F.,.F.,
 .F.,(4,1,4),(2,2),(-0.0589035483696883,-0.0294212537756804,0.),(0.,0.1),
 .UNSPECIFIED.);
#515=B_SPLINE_SURFACE_WITH_KNOTS('',3,1,((#10170,#10171),(#10172,#10173),
(#10174,#10175),(#10176,#10177),(#10178,#10179)),.UNSPECIFIED.,.F.,.F.,
 .F.,(4,1,4),(2,2),(-0.0600200611018368,-0.0298317485896608,0.),(0.,0.1),
 .UNSPECIFIED.);
#516=B_SPLINE_SURFACE_WITH_KNOTS('',3,1,((#10193,#10194),(#10195,#10196),
(#10197,#10198),(#10199,#10200),(#10201,#10202)),.UNSPECIFIED.,.F.,.F.,
 .F.,(4,1,4),(2,2),(-0.104589691370508,-0.0413961100299046,0.),(0.,0.1),
 .UNSPECIFIED.);
#517=B_SPLINE_SURFACE_WITH_KNOTS('',3,1,((#10216,#10217),(#10218,#10219),
(#10220,#10221),(#10222,#10223),(#10224,#10225)),.UNSPECIFIED.,.F.,.F.,
 .F.,(4,1,4),(2,2),(-0.0717785910961512,-0.0459240066387463,0.),(0.,0.1),
 .UNSPECIFIED.);
#518=B_SPLINE_SURFACE_WITH_KNOTS('',3,1,((#10239,#10240),(#10241,#10242),
(#10243,#10244),(#10245,#10246),(#10247,#10248)),.UNSPECIFIED.,.F.,.F.,
 .F.,(4,1,4),(2,2),(-0.0453159611232821,-0.0255571336766989,0.),(0.,0.1),
 .UNSPECIFIED.);
#519=B_SPLINE_SURFACE_WITH_KNOTS('',3,1,((#10262,#10263),(#10264,#10265),
(#10266,#10267),(#10268,#10269),(#10270,#10271)),.UNSPECIFIED.,.F.,.F.,
 .F.,(4,1,4),(2,2),(-0.0291486418095578,-0.0157293955449771,0.),(0.,0.1),
 .UNSPECIFIED.);
#520=B_SPLINE_SURFACE_WITH_KNOTS('',3,1,((#10285,#10286),(#10287,#10288),
(#10289,#10290),(#10291,#10292),(#10293,#10294)),.UNSPECIFIED.,.F.,.F.,
 .F.,(4,1,4),(2,2),(-0.0355017716650832,-0.0185202764386043,0.),(0.,0.1),
 .UNSPECIFIED.);
#521=B_SPLINE_SURFACE_WITH_KNOTS('',3,1,((#10308,#10309),(#10310,#10311),
(#10312,#10313),(#10314,#10315),(#10316,#10317)),.UNSPECIFIED.,.F.,.F.,
 .F.,(4,1,4),(2,2),(-0.0334058279151481,-0.0164353633852842,0.),(0.,0.1),
 .UNSPECIFIED.);
#522=B_SPLINE_SURFACE_WITH_KNOTS('',3,1,((#10331,#10332),(#10333,#10334),
(#10335,#10336),(#10337,#10338),(#10339,#10340)),.UNSPECIFIED.,.F.,.F.,
 .F.,(4,1,4),(2,2),(-0.0361386200591505,-0.01774526825254,0.),(0.,0.1),
 .UNSPECIFIED.);
#523=B_SPLINE_SURFACE_WITH_KNOTS('',3,1,((#10354,#10355),(#10356,#10357),
(#10358,#10359),(#10360,#10361),(#10362,#10363)),.UNSPECIFIED.,.F.,.F.,
 .F.,(4,1,4),(2,2),(-0.0555760567142643,-0.0232174452082273,0.),(0.,0.1),
 .UNSPECIFIED.);
#524=B_SPLINE_SURFACE_WITH_KNOTS('',3,1,((#10457,#10458),(#10459,#10460),
(#10461,#10462),(#10463,#10464),(#10465,#10466)),.UNSPECIFIED.,.F.,.F.,
 .F.,(4,1,4),(2,2),(-0.0876497174309961,-0.0544041339856764,0.),(0.,0.1),
 .UNSPECIFIED.);
#525=B_SPLINE_SURFACE_WITH_KNOTS('',3,1,((#10480,#10481),(#10482,#10483),
(#10484,#10485),(#10486,#10487),(#10488,#10489)),.UNSPECIFIED.,.F.,.F.,
 .F.,(4,1,4),(2,2),(-0.0437399563627643,-0.0222222926311421,0.),(0.,0.1),
 .UNSPECIFIED.);
#526=B_SPLINE_SURFACE_WITH_KNOTS('',3,1,((#10503,#10504),(#10505,#10506),
(#10507,#10508),(#10509,#10510),(#10511,#10512)),.UNSPECIFIED.,.F.,.F.,
 .F.,(4,1,4),(2,2),(-0.0420152818733286,-0.0211099804500504,0.),(0.,0.1),
 .UNSPECIFIED.);
#527=B_SPLINE_SURFACE_WITH_KNOTS('',3,1,((#10526,#10527),(#10528,#10529),
(#10530,#10531),(#10532,#10533),(#10534,#10535)),.UNSPECIFIED.,.F.,.F.,
 .F.,(4,1,4),(2,2),(-0.0248775190774446,-0.0132622761373337,0.),(0.,0.1),
 .UNSPECIFIED.);
#528=B_SPLINE_SURFACE_WITH_KNOTS('',3,1,((#10549,#10550),(#10551,#10552),
(#10553,#10554),(#10555,#10556),(#10557,#10558)),.UNSPECIFIED.,.F.,.F.,
 .F.,(4,1,4),(2,2),(-0.022792455162991,-0.0111200142923279,0.),(0.,0.1),
 .UNSPECIFIED.);
#529=B_SPLINE_SURFACE_WITH_KNOTS('',3,1,((#10572,#10573),(#10574,#10575),
(#10576,#10577),(#10578,#10579),(#10580,#10581)),.UNSPECIFIED.,.F.,.F.,
 .F.,(4,1,4),(2,2),(-0.0519890598981987,-0.0189911980374781,0.),(0.,0.1),
 .UNSPECIFIED.);
#530=B_SPLINE_SURFACE_WITH_KNOTS('',3,1,((#10625,#10626),(#10627,#10628),
(#10629,#10630),(#10631,#10632),(#10633,#10634)),.UNSPECIFIED.,.F.,.F.,
 .F.,(4,1,4),(2,2),(-0.0696792514162746,-0.0389310958340682,0.),(0.,0.1),
 .UNSPECIFIED.);
#531=B_SPLINE_SURFACE_WITH_KNOTS('',3,1,((#10648,#10649),(#10650,#10651),
(#10652,#10653),(#10654,#10655),(#10656,#10657)),.UNSPECIFIED.,.F.,.F.,
 .F.,(4,1,4),(2,2),(-0.0530536759921644,-0.0263738680416062,0.),(0.,0.1),
 .UNSPECIFIED.);
#532=B_SPLINE_SURFACE_WITH_KNOTS('',3,1,((#10671,#10672),(#10673,#10674),
(#10675,#10676),(#10677,#10678),(#10679,#10680)),.UNSPECIFIED.,.F.,.F.,
 .F.,(4,1,4),(2,2),(-0.05882568132964,-0.028146719129981,0.),(0.,0.1),
 .UNSPECIFIED.);
#533=B_SPLINE_SURFACE_WITH_KNOTS('',3,1,((#10694,#10695),(#10696,#10697),
(#10698,#10699),(#10700,#10701),(#10702,#10703)),.UNSPECIFIED.,.F.,.F.,
 .F.,(4,1,4),(2,2),(-0.0603826233976696,-0.0300208072905686,0.),(0.,0.1),
 .UNSPECIFIED.);
#534=B_SPLINE_SURFACE_WITH_KNOTS('',3,1,((#10717,#10718),(#10719,#10720),
(#10721,#10722),(#10723,#10724),(#10725,#10726)),.UNSPECIFIED.,.F.,.F.,
 .F.,(4,1,4),(2,2),(-0.0543879706038364,-0.0289045241508213,0.),(0.,0.1),
 .UNSPECIFIED.);
#535=B_SPLINE_SURFACE_WITH_KNOTS('',3,1,((#10740,#10741),(#10742,#10743),
(#10744,#10745),(#10746,#10747),(#10748,#10749)),.UNSPECIFIED.,.F.,.F.,
 .F.,(4,1,4),(2,2),(-0.0451989798407346,-0.0232728313195254,0.),(0.,0.1),
 .UNSPECIFIED.);
#536=B_SPLINE_SURFACE_WITH_KNOTS('',3,1,((#10763,#10764),(#10765,#10766),
(#10767,#10768),(#10769,#10770),(#10771,#10772)),.UNSPECIFIED.,.F.,.F.,
 .F.,(4,1,4),(2,2),(-0.054758042760234,-0.0243427847892591,0.),(0.,0.1),
 .UNSPECIFIED.);
#537=B_SPLINE_SURFACE_WITH_KNOTS('',3,1,((#10786,#10787),(#10788,#10789),
(#10790,#10791),(#10792,#10793),(#10794,#10795)),.UNSPECIFIED.,.F.,.F.,
 .F.,(4,1,4),(2,2),(-0.0726587637083617,-0.0279059740343663,0.),(0.,0.1),
 .UNSPECIFIED.);
#538=B_SPLINE_SURFACE_WITH_KNOTS('',3,1,((#10829,#10830),(#10831,#10832),
(#10833,#10834),(#10835,#10836),(#10837,#10838)),.UNSPECIFIED.,.F.,.F.,
 .F.,(4,1,4),(2,2),(-0.0885617517710764,-0.0551856167496158,0.),(0.,0.1),
 .UNSPECIFIED.);
#539=B_SPLINE_SURFACE_WITH_KNOTS('',3,1,((#10852,#10853),(#10854,#10855),
(#10856,#10857),(#10858,#10859),(#10860,#10861)),.UNSPECIFIED.,.F.,.F.,
 .F.,(4,1,4),(2,2),(-0.0425630099166752,-0.0218465975384517,0.),(0.,0.1),
 .UNSPECIFIED.);
#540=B_SPLINE_SURFACE_WITH_KNOTS('',3,1,((#10875,#10876),(#10877,#10878),
(#10879,#10880),(#10881,#10882),(#10883,#10884)),.UNSPECIFIED.,.F.,.F.,
 .F.,(4,1,4),(2,2),(-0.0380236446071964,-0.0196212135781612,0.),(0.,0.1),
 .UNSPECIFIED.);
#541=B_SPLINE_SURFACE_WITH_KNOTS('',3,1,((#10898,#10899),(#10900,#10901),
(#10902,#10903),(#10904,#10905),(#10906,#10907)),.UNSPECIFIED.,.F.,.F.,
 .F.,(4,1,4),(2,2),(-0.0386613868351966,-0.0196074630650346,0.),(0.,0.1),
 .UNSPECIFIED.);
#542=B_SPLINE_SURFACE_WITH_KNOTS('',3,1,((#10921,#10922),(#10923,#10924),
(#10925,#10926),(#10927,#10928),(#10929,#10930)),.UNSPECIFIED.,.F.,.F.,
 .F.,(4,1,4),(2,2),(-0.0479331440172374,-0.0179430540471825,0.),(0.,0.1),
 .UNSPECIFIED.);
#543=B_SPLINE_SURFACE_WITH_KNOTS('',3,1,((#10974,#10975),(#10976,#10977),
(#10978,#10979),(#10980,#10981),(#10982,#10983)),.UNSPECIFIED.,.F.,.F.,
 .F.,(4,1,4),(2,2),(-0.0722225188035998,-0.040825064264875,0.),(0.,0.1),
 .UNSPECIFIED.);
#544=B_SPLINE_SURFACE_WITH_KNOTS('',3,1,((#10997,#10998),(#10999,#11000),
(#11001,#11002),(#11003,#11004),(#11005,#11006)),.UNSPECIFIED.,.F.,.F.,
 .F.,(4,1,4),(2,2),(-0.0545242864813598,-0.0266348057649672,0.),(0.,0.1),
 .UNSPECIFIED.);
#545=B_SPLINE_SURFACE_WITH_KNOTS('',3,1,((#11020,#11021),(#11022,#11023),
(#11024,#11025),(#11026,#11027),(#11028,#11029)),.UNSPECIFIED.,.F.,.F.,
 .F.,(4,1,4),(2,2),(-0.0634682029599929,-0.0301533114880962,0.),(0.,0.1),
 .UNSPECIFIED.);
#546=B_SPLINE_SURFACE_WITH_KNOTS('',3,1,((#11043,#11044),(#11045,#11046),
(#11047,#11048),(#11049,#11050),(#11051,#11052)),.UNSPECIFIED.,.F.,.F.,
 .F.,(4,1,4),(2,2),(-0.0912292659472143,-0.0471779233530912,0.),(0.,0.1),
 .UNSPECIFIED.);
#547=B_SPLINE_SURFACE_WITH_KNOTS('',3,1,((#11066,#11067),(#11068,#11069),
(#11070,#11071),(#11072,#11073),(#11074,#11075)),.UNSPECIFIED.,.F.,.F.,
 .F.,(4,1,4),(2,2),(-0.102785565983105,-0.0468543278241519,0.),(0.,0.1),
 .UNSPECIFIED.);
#548=B_SPLINE_SURFACE_WITH_KNOTS('',3,1,((#11089,#11090),(#11091,#11092),
(#11093,#11094),(#11095,#11096),(#11097,#11098)),.UNSPECIFIED.,.F.,.F.,
 .F.,(4,1,4),(2,2),(-0.047900731760658,-0.0224902423449689,0.),(0.,0.1),
 .UNSPECIFIED.);
#549=B_SPLINE_SURFACE_WITH_KNOTS('',3,1,((#11112,#11113),(#11114,#11115),
(#11116,#11117),(#11118,#11119),(#11120,#11121)),.UNSPECIFIED.,.F.,.F.,
 .F.,(4,1,4),(2,2),(-0.146224718630445,-0.0636695780802184,0.),(0.,0.1),
 .UNSPECIFIED.);
#550=B_SPLINE_SURFACE_WITH_KNOTS('',3,1,((#11141,#11142),(#11143,#11144),
(#11145,#11146),(#11147,#11148),(#11149,#11150)),.UNSPECIFIED.,.F.,.F.,
 .F.,(4,1,4),(2,2),(-0.113575664321111,-0.0460922291923633,0.),(0.,0.1),
 .UNSPECIFIED.);
#551=B_SPLINE_SURFACE_WITH_KNOTS('',3,1,((#11164,#11165),(#11166,#11167),
(#11168,#11169),(#11170,#11171),(#11172,#11173)),.UNSPECIFIED.,.F.,.F.,
 .F.,(4,1,4),(2,2),(-0.0638787366529198,-0.0368072383054634,0.),(0.,0.1),
 .UNSPECIFIED.);
#552=B_SPLINE_SURFACE_WITH_KNOTS('',3,1,((#11187,#11188),(#11189,#11190),
(#11191,#11192),(#11193,#11194),(#11195,#11196)),.UNSPECIFIED.,.F.,.F.,
 .F.,(4,1,4),(2,2),(-0.0420653567213939,-0.0171572936766021,0.),(0.,0.1),
 .UNSPECIFIED.);
#553=FACE_OUTER_BOUND('',#867,.T.);
#554=FACE_OUTER_BOUND('',#868,.T.);
#555=FACE_OUTER_BOUND('',#869,.T.);
#556=FACE_OUTER_BOUND('',#870,.T.);
#557=FACE_OUTER_BOUND('',#871,.T.);
#558=FACE_OUTER_BOUND('',#872,.T.);
#559=FACE_OUTER_BOUND('',#873,.T.);
#560=FACE_OUTER_BOUND('',#874,.T.);
#561=FACE_OUTER_BOUND('',#875,.T.);
#562=FACE_OUTER_BOUND('',#876,.T.);
#563=FACE_OUTER_BOUND('',#877,.T.);
#564=FACE_OUTER_BOUND('',#878,.T.);
#565=FACE_OUTER_BOUND('',#879,.T.);
#566=FACE_OUTER_BOUND('',#880,.T.);
#567=FACE_OUTER_BOUND('',#881,.T.);
#568=FACE_OUTER_BOUND('',#882,.T.);
#569=FACE_OUTER_BOUND('',#883,.T.);
#570=FACE_OUTER_BOUND('',#884,.T.);
#571=FACE_OUTER_BOUND('',#885,.T.);
#572=FACE_OUTER_BOUND('',#886,.T.);
#573=FACE_OUTER_BOUND('',#887,.T.);
#574=FACE_OUTER_BOUND('',#888,.T.);
#575=FACE_OUTER_BOUND('',#889,.T.);
#576=FACE_OUTER_BOUND('',#890,.T.);
#577=FACE_OUTER_BOUND('',#892,.T.);
#578=FACE_OUTER_BOUND('',#893,.T.);
#579=FACE_OUTER_BOUND('',#894,.T.);
#580=FACE_OUTER_BOUND('',#895,.T.);
#581=FACE_OUTER_BOUND('',#896,.T.);
#582=FACE_OUTER_BOUND('',#897,.T.);
#583=FACE_OUTER_BOUND('',#898,.T.);
#584=FACE_OUTER_BOUND('',#899,.T.);
#585=FACE_OUTER_BOUND('',#900,.T.);
#586=FACE_OUTER_BOUND('',#901,.T.);
#587=FACE_OUTER_BOUND('',#902,.T.);
#588=FACE_OUTER_BOUND('',#903,.T.);
#589=FACE_OUTER_BOUND('',#904,.T.);
#590=FACE_OUTER_BOUND('',#905,.T.);
#591=FACE_OUTER_BOUND('',#906,.T.);
#592=FACE_OUTER_BOUND('',#907,.T.);
#593=FACE_OUTER_BOUND('',#908,.T.);
#594=FACE_OUTER_BOUND('',#909,.T.);
#595=FACE_OUTER_BOUND('',#910,.T.);
#596=FACE_OUTER_BOUND('',#911,.T.);
#597=FACE_OUTER_BOUND('',#912,.T.);
#598=FACE_OUTER_BOUND('',#913,.T.);
#599=FACE_OUTER_BOUND('',#914,.T.);
#600=FACE_OUTER_BOUND('',#916,.T.);
#601=FACE_OUTER_BOUND('',#917,.T.);
#602=FACE_OUTER_BOUND('',#918,.T.);
#603=FACE_OUTER_BOUND('',#919,.T.);
#604=FACE_OUTER_BOUND('',#920,.T.);
#605=FACE_OUTER_BOUND('',#921,.T.);
#606=FACE_OUTER_BOUND('',#922,.T.);
#607=FACE_OUTER_BOUND('',#923,.T.);
#608=FACE_OUTER_BOUND('',#924,.T.);
#609=FACE_OUTER_BOUND('',#925,.T.);
#610=FACE_OUTER_BOUND('',#926,.T.);
#611=FACE_OUTER_BOUND('',#927,.T.);
#612=FACE_OUTER_BOUND('',#928,.T.);
#613=FACE_OUTER_BOUND('',#929,.T.);
#614=FACE_OUTER_BOUND('',#930,.T.);
#615=FACE_OUTER_BOUND('',#931,.T.);
#616=FACE_OUTER_BOUND('',#932,.T.);
#617=FACE_OUTER_BOUND('',#933,.T.);
#618=FACE_OUTER_BOUND('',#934,.T.);
#619=FACE_OUTER_BOUND('',#935,.T.);
#620=FACE_OUTER_BOUND('',#936,.T.);
#621=FACE_OUTER_BOUND('',#937,.T.);
#622=FACE_OUTER_BOUND('',#938,.T.);
#623=FACE_OUTER_BOUND('',#939,.T.);
#624=FACE_OUTER_BOUND('',#940,.T.);
#625=FACE_OUTER_BOUND('',#941,.T.);
#626=FACE_OUTER_BOUND('',#942,.T.);
#627=FACE_OUTER_BOUND('',#943,.T.);
#628=FACE_OUTER_BOUND('',#944,.T.);
#629=FACE_OUTER_BOUND('',#945,.T.);
#630=FACE_OUTER_BOUND('',#946,.T.);
#631=FACE_OUTER_BOUND('',#947,.T.);
#632=FACE_OUTER_BOUND('',#948,.T.);
#633=FACE_OUTER_BOUND('',#949,.T.);
#634=FACE_OUTER_BOUND('',#950,.T.);
#635=FACE_OUTER_BOUND('',#951,.T.);
#636=FACE_OUTER_BOUND('',#952,.T.);
#637=FACE_OUTER_BOUND('',#953,.T.);
#638=FACE_OUTER_BOUND('',#954,.T.);
#639=FACE_OUTER_BOUND('',#955,.T.);
#640=FACE_OUTER_BOUND('',#956,.T.);
#641=FACE_OUTER_BOUND('',#957,.T.);
#642=FACE_OUTER_BOUND('',#958,.T.);
#643=FACE_OUTER_BOUND('',#959,.T.);
#644=FACE_OUTER_BOUND('',#960,.T.);
#645=FACE_OUTER_BOUND('',#961,.T.);
#646=FACE_OUTER_BOUND('',#962,.T.);
#647=FACE_OUTER_BOUND('',#963,.T.);
#648=FACE_OUTER_BOUND('',#964,.T.);
#649=FACE_OUTER_BOUND('',#965,.T.);
#650=FACE_OUTER_BOUND('',#966,.T.);
#651=FACE_OUTER_BOUND('',#967,.T.);
#652=FACE_OUTER_BOUND('',#968,.T.);
#653=FACE_OUTER_BOUND('',#969,.T.);
#654=FACE_OUTER_BOUND('',#970,.T.);
#655=FACE_OUTER_BOUND('',#971,.T.);
#656=FACE_OUTER_BOUND('',#972,.T.);
#657=FACE_OUTER_BOUND('',#973,.T.);
#658=FACE_OUTER_BOUND('',#974,.T.);
#659=FACE_OUTER_BOUND('',#975,.T.);
#660=FACE_OUTER_BOUND('',#976,.T.);
#661=FACE_OUTER_BOUND('',#977,.T.);
#662=FACE_OUTER_BOUND('',#978,.T.);
#663=FACE_OUTER_BOUND('',#979,.T.);
#664=FACE_OUTER_BOUND('',#980,.T.);
#665=FACE_OUTER_BOUND('',#981,.T.);
#666=FACE_OUTER_BOUND('',#982,.T.);
#667=FACE_OUTER_BOUND('',#983,.T.);
#668=FACE_OUTER_BOUND('',#984,.T.);
#669=FACE_OUTER_BOUND('',#985,.T.);
#670=FACE_OUTER_BOUND('',#986,.T.);
#671=FACE_OUTER_BOUND('',#987,.T.);
#672=FACE_OUTER_BOUND('',#988,.T.);
#673=FACE_OUTER_BOUND('',#989,.T.);
#674=FACE_OUTER_BOUND('',#990,.T.);
#675=FACE_OUTER_BOUND('',#991,.T.);
#676=FACE_OUTER_BOUND('',#992,.T.);
#677=FACE_OUTER_BOUND('',#993,.T.);
#678=FACE_OUTER_BOUND('',#994,.T.);
#679=FACE_OUTER_BOUND('',#995,.T.);
#680=FACE_OUTER_BOUND('',#996,.T.);
#681=FACE_OUTER_BOUND('',#997,.T.);
#682=FACE_OUTER_BOUND('',#998,.T.);
#683=FACE_OUTER_BOUND('',#999,.T.);
#684=FACE_OUTER_BOUND('',#1000,.T.);
#685=FACE_OUTER_BOUND('',#1001,.T.);
#686=FACE_OUTER_BOUND('',#1002,.T.);
#687=FACE_OUTER_BOUND('',#1003,.T.);
#688=FACE_OUTER_BOUND('',#1004,.T.);
#689=FACE_OUTER_BOUND('',#1005,.T.);
#690=FACE_OUTER_BOUND('',#1006,.T.);
#691=FACE_OUTER_BOUND('',#1007,.T.);
#692=FACE_OUTER_BOUND('',#1008,.T.);
#693=FACE_OUTER_BOUND('',#1009,.T.);
#694=FACE_OUTER_BOUND('',#1010,.T.);
#695=FACE_OUTER_BOUND('',#1011,.T.);
#696=FACE_OUTER_BOUND('',#1012,.T.);
#697=FACE_OUTER_BOUND('',#1013,.T.);
#698=FACE_OUTER_BOUND('',#1014,.T.);
#699=FACE_OUTER_BOUND('',#1015,.T.);
#700=FACE_OUTER_BOUND('',#1016,.T.);
#701=FACE_OUTER_BOUND('',#1017,.T.);
#702=FACE_OUTER_BOUND('',#1018,.T.);
#703=FACE_OUTER_BOUND('',#1019,.T.);
#704=FACE_OUTER_BOUND('',#1020,.T.);
#705=FACE_OUTER_BOUND('',#1021,.T.);
#706=FACE_OUTER_BOUND('',#1022,.T.);
#707=FACE_OUTER_BOUND('',#1023,.T.);
#708=FACE_OUTER_BOUND('',#1024,.T.);
#709=FACE_OUTER_BOUND('',#1026,.T.);
#710=FACE_OUTER_BOUND('',#1027,.T.);
#711=FACE_OUTER_BOUND('',#1028,.T.);
#712=FACE_OUTER_BOUND('',#1029,.T.);
#713=FACE_OUTER_BOUND('',#1030,.T.);
#714=FACE_OUTER_BOUND('',#1031,.T.);
#715=FACE_OUTER_BOUND('',#1032,.T.);
#716=FACE_OUTER_BOUND('',#1033,.T.);
#717=FACE_OUTER_BOUND('',#1034,.T.);
#718=FACE_OUTER_BOUND('',#1035,.T.);
#719=FACE_OUTER_BOUND('',#1036,.T.);
#720=FACE_OUTER_BOUND('',#1037,.T.);
#721=FACE_OUTER_BOUND('',#1038,.T.);
#722=FACE_OUTER_BOUND('',#1039,.T.);
#723=FACE_OUTER_BOUND('',#1040,.T.);
#724=FACE_OUTER_BOUND('',#1041,.T.);
#725=FACE_OUTER_BOUND('',#1042,.T.);
#726=FACE_OUTER_BOUND('',#1043,.T.);
#727=FACE_OUTER_BOUND('',#1044,.T.);
#728=FACE_OUTER_BOUND('',#1045,.T.);
#729=FACE_OUTER_BOUND('',#1046,.T.);
#730=FACE_OUTER_BOUND('',#1047,.T.);
#731=FACE_OUTER_BOUND('',#1048,.T.);
#732=FACE_OUTER_BOUND('',#1049,.T.);
#733=FACE_OUTER_BOUND('',#1050,.T.);
#734=FACE_OUTER_BOUND('',#1051,.T.);
#735=FACE_OUTER_BOUND('',#1052,.T.);
#736=FACE_OUTER_BOUND('',#1053,.T.);
#737=FACE_OUTER_BOUND('',#1054,.T.);
#738=FACE_OUTER_BOUND('',#1055,.T.);
#739=FACE_OUTER_BOUND('',#1056,.T.);
#740=FACE_OUTER_BOUND('',#1058,.T.);
#741=FACE_OUTER_BOUND('',#1059,.T.);
#742=FACE_OUTER_BOUND('',#1060,.T.);
#743=FACE_OUTER_BOUND('',#1061,.T.);
#744=FACE_OUTER_BOUND('',#1062,.T.);
#745=FACE_OUTER_BOUND('',#1063,.T.);
#746=FACE_OUTER_BOUND('',#1064,.T.);
#747=FACE_OUTER_BOUND('',#1065,.T.);
#748=FACE_OUTER_BOUND('',#1066,.T.);
#749=FACE_OUTER_BOUND('',#1067,.T.);
#750=FACE_OUTER_BOUND('',#1068,.T.);
#751=FACE_OUTER_BOUND('',#1069,.T.);
#752=FACE_OUTER_BOUND('',#1070,.T.);
#753=FACE_OUTER_BOUND('',#1071,.T.);
#754=FACE_OUTER_BOUND('',#1072,.T.);
#755=FACE_OUTER_BOUND('',#1073,.T.);
#756=FACE_OUTER_BOUND('',#1074,.T.);
#757=FACE_OUTER_BOUND('',#1075,.T.);
#758=FACE_OUTER_BOUND('',#1076,.T.);
#759=FACE_OUTER_BOUND('',#1077,.T.);
#760=FACE_OUTER_BOUND('',#1078,.T.);
#761=FACE_OUTER_BOUND('',#1079,.T.);
#762=FACE_OUTER_BOUND('',#1080,.T.);
#763=FACE_OUTER_BOUND('',#1081,.T.);
#764=FACE_OUTER_BOUND('',#1082,.T.);
#765=FACE_OUTER_BOUND('',#1083,.T.);
#766=FACE_OUTER_BOUND('',#1084,.T.);
#767=FACE_OUTER_BOUND('',#1085,.T.);
#768=FACE_OUTER_BOUND('',#1086,.T.);
#769=FACE_OUTER_BOUND('',#1087,.T.);
#770=FACE_OUTER_BOUND('',#1088,.T.);
#771=FACE_OUTER_BOUND('',#1089,.T.);
#772=FACE_OUTER_BOUND('',#1090,.T.);
#773=FACE_OUTER_BOUND('',#1091,.T.);
#774=FACE_OUTER_BOUND('',#1092,.T.);
#775=FACE_OUTER_BOUND('',#1093,.T.);
#776=FACE_OUTER_BOUND('',#1094,.T.);
#777=FACE_OUTER_BOUND('',#1095,.T.);
#778=FACE_OUTER_BOUND('',#1096,.T.);
#779=FACE_OUTER_BOUND('',#1097,.T.);
#780=FACE_OUTER_BOUND('',#1098,.T.);
#781=FACE_OUTER_BOUND('',#1099,.T.);
#782=FACE_OUTER_BOUND('',#1100,.T.);
#783=FACE_OUTER_BOUND('',#1101,.T.);
#784=FACE_OUTER_BOUND('',#1102,.T.);
#785=FACE_OUTER_BOUND('',#1103,.T.);
#786=FACE_OUTER_BOUND('',#1104,.T.);
#787=FACE_OUTER_BOUND('',#1105,.T.);
#788=FACE_OUTER_BOUND('',#1106,.T.);
#789=FACE_OUTER_BOUND('',#1107,.T.);
#790=FACE_OUTER_BOUND('',#1108,.T.);
#791=FACE_OUTER_BOUND('',#1109,.T.);
#792=FACE_OUTER_BOUND('',#1110,.T.);
#793=FACE_OUTER_BOUND('',#1111,.T.);
#794=FACE_OUTER_BOUND('',#1112,.T.);
#795=FACE_OUTER_BOUND('',#1113,.T.);
#796=FACE_OUTER_BOUND('',#1114,.T.);
#797=FACE_OUTER_BOUND('',#1115,.T.);
#798=FACE_OUTER_BOUND('',#1116,.T.);
#799=FACE_OUTER_BOUND('',#1117,.T.);
#800=FACE_OUTER_BOUND('',#1118,.T.);
#801=FACE_OUTER_BOUND('',#1119,.T.);
#802=FACE_OUTER_BOUND('',#1120,.T.);
#803=FACE_OUTER_BOUND('',#1121,.T.);
#804=FACE_OUTER_BOUND('',#1122,.T.);
#805=FACE_OUTER_BOUND('',#1123,.T.);
#806=FACE_OUTER_BOUND('',#1124,.T.);
#807=FACE_OUTER_BOUND('',#1125,.T.);
#808=FACE_OUTER_BOUND('',#1126,.T.);
#809=FACE_OUTER_BOUND('',#1127,.T.);
#810=FACE_OUTER_BOUND('',#1128,.T.);
#811=FACE_OUTER_BOUND('',#1129,.T.);
#812=FACE_OUTER_BOUND('',#1130,.T.);
#813=FACE_OUTER_BOUND('',#1131,.T.);
#814=FACE_OUTER_BOUND('',#1133,.T.);
#815=FACE_OUTER_BOUND('',#1134,.T.);
#816=FACE_OUTER_BOUND('',#1135,.T.);
#817=FACE_OUTER_BOUND('',#1136,.T.);
#818=FACE_OUTER_BOUND('',#1137,.T.);
#819=FACE_OUTER_BOUND('',#1138,.T.);
#820=FACE_OUTER_BOUND('',#1139,.T.);
#821=FACE_OUTER_BOUND('',#1140,.T.);
#822=FACE_OUTER_BOUND('',#1141,.T.);
#823=FACE_OUTER_BOUND('',#1142,.T.);
#824=FACE_OUTER_BOUND('',#1143,.T.);
#825=FACE_OUTER_BOUND('',#1144,.T.);
#826=FACE_OUTER_BOUND('',#1145,.T.);
#827=FACE_OUTER_BOUND('',#1146,.T.);
#828=FACE_OUTER_BOUND('',#1147,.T.);
#829=FACE_OUTER_BOUND('',#1148,.T.);
#830=FACE_OUTER_BOUND('',#1149,.T.);
#831=FACE_OUTER_BOUND('',#1150,.T.);
#832=FACE_OUTER_BOUND('',#1151,.T.);
#833=FACE_OUTER_BOUND('',#1152,.T.);
#834=FACE_OUTER_BOUND('',#1153,.T.);
#835=FACE_OUTER_BOUND('',#1154,.T.);
#836=FACE_OUTER_BOUND('',#1155,.T.);
#837=FACE_OUTER_BOUND('',#1156,.T.);
#838=FACE_OUTER_BOUND('',#1157,.T.);
#839=FACE_OUTER_BOUND('',#1158,.T.);
#840=FACE_OUTER_BOUND('',#1160,.T.);
#841=FACE_OUTER_BOUND('',#1161,.T.);
#842=FACE_OUTER_BOUND('',#1162,.T.);
#843=FACE_OUTER_BOUND('',#1163,.T.);
#844=FACE_OUTER_BOUND('',#1184,.T.);
#845=FACE_OUTER_BOUND('',#1185,.T.);
#846=FACE_OUTER_BOUND('',#1186,.T.);
#847=FACE_OUTER_BOUND('',#1187,.T.);
#848=FACE_OUTER_BOUND('',#1188,.T.);
#849=FACE_OUTER_BOUND('',#1194,.T.);
#850=FACE_OUTER_BOUND('',#1195,.T.);
#851=FACE_OUTER_BOUND('',#1197,.T.);
#852=FACE_OUTER_BOUND('',#1198,.T.);
#853=FACE_OUTER_BOUND('',#1200,.T.);
#854=FACE_OUTER_BOUND('',#1201,.T.);
#855=FACE_OUTER_BOUND('',#1203,.T.);
#856=FACE_OUTER_BOUND('',#1204,.T.);
#857=FACE_OUTER_BOUND('',#1206,.T.);
#858=FACE_OUTER_BOUND('',#1207,.T.);
#859=FACE_OUTER_BOUND('',#1208,.T.);
#860=FACE_OUTER_BOUND('',#1209,.T.);
#861=FACE_OUTER_BOUND('',#1210,.T.);
#862=FACE_OUTER_BOUND('',#1211,.T.);
#863=FACE_OUTER_BOUND('',#1212,.T.);
#864=FACE_OUTER_BOUND('',#1213,.T.);
#865=FACE_OUTER_BOUND('',#1214,.T.);
#866=FACE_OUTER_BOUND('',#1215,.T.);
#867=EDGE_LOOP('',(#3705,#3706,#3707,#3708));
#868=EDGE_LOOP('',(#3709,#3710,#3711,#3712));
#869=EDGE_LOOP('',(#3713,#3714,#3715,#3716));
#870=EDGE_LOOP('',(#3717,#3718,#3719,#3720));
#871=EDGE_LOOP('',(#3721,#3722,#3723,#3724));
#872=EDGE_LOOP('',(#3725,#3726,#3727,#3728));
#873=EDGE_LOOP('',(#3729,#3730,#3731,#3732));
#874=EDGE_LOOP('',(#3733,#3734,#3735,#3736));
#875=EDGE_LOOP('',(#3737,#3738,#3739,#3740));
#876=EDGE_LOOP('',(#3741,#3742,#3743,#3744));
#877=EDGE_LOOP('',(#3745,#3746,#3747,#3748));
#878=EDGE_LOOP('',(#3749,#3750,#3751,#3752));
#879=EDGE_LOOP('',(#3753,#3754,#3755,#3756));
#880=EDGE_LOOP('',(#3757,#3758,#3759,#3760));
#881=EDGE_LOOP('',(#3761,#3762,#3763,#3764));
#882=EDGE_LOOP('',(#3765,#3766,#3767,#3768));
#883=EDGE_LOOP('',(#3769,#3770,#3771,#3772));
#884=EDGE_LOOP('',(#3773,#3774,#3775,#3776));
#885=EDGE_LOOP('',(#3777,#3778,#3779,#3780));
#886=EDGE_LOOP('',(#3781,#3782,#3783,#3784));
#887=EDGE_LOOP('',(#3785,#3786,#3787,#3788));
#888=EDGE_LOOP('',(#3789,#3790,#3791,#3792));
#889=EDGE_LOOP('',(#3793,#3794,#3795,#3796));
#890=EDGE_LOOP('',(#3797,#3798,#3799,#3800,#3801,#3802,#3803,#3804,#3805,
#3806,#3807,#3808,#3809));
#891=EDGE_LOOP('',(#3810,#3811,#3812,#3813,#3814,#3815,#3816,#3817,#3818,
#3819));
#892=EDGE_LOOP('',(#3820,#3821,#3822,#3823,#3824,#3825,#3826,#3827,#3828,
#3829));
#893=EDGE_LOOP('',(#3830,#3831,#3832,#3833));
#894=EDGE_LOOP('',(#3834,#3835,#3836,#3837));
#895=EDGE_LOOP('',(#3838,#3839,#3840,#3841));
#896=EDGE_LOOP('',(#3842,#3843,#3844,#3845));
#897=EDGE_LOOP('',(#3846,#3847,#3848,#3849));
#898=EDGE_LOOP('',(#3850,#3851,#3852,#3853));
#899=EDGE_LOOP('',(#3854,#3855,#3856,#3857));
#900=EDGE_LOOP('',(#3858,#3859,#3860,#3861));
#901=EDGE_LOOP('',(#3862,#3863,#3864,#3865));
#902=EDGE_LOOP('',(#3866,#3867,#3868,#3869));
#903=EDGE_LOOP('',(#3870,#3871,#3872,#3873));
#904=EDGE_LOOP('',(#3874,#3875,#3876,#3877));
#905=EDGE_LOOP('',(#3878,#3879,#3880,#3881));
#906=EDGE_LOOP('',(#3882,#3883,#3884,#3885));
#907=EDGE_LOOP('',(#3886,#3887,#3888,#3889));
#908=EDGE_LOOP('',(#3890,#3891,#3892,#3893));
#909=EDGE_LOOP('',(#3894,#3895,#3896,#3897));
#910=EDGE_LOOP('',(#3898,#3899,#3900,#3901));
#911=EDGE_LOOP('',(#3902,#3903,#3904,#3905));
#912=EDGE_LOOP('',(#3906,#3907,#3908,#3909));
#913=EDGE_LOOP('',(#3910,#3911,#3912,#3913));
#914=EDGE_LOOP('',(#3914,#3915,#3916,#3917,#3918,#3919,#3920,#3921,#3922,
#3923,#3924,#3925));
#915=EDGE_LOOP('',(#3926,#3927,#3928,#3929,#3930,#3931,#3932,#3933,#3934));
#916=EDGE_LOOP('',(#3935,#3936,#3937,#3938,#3939,#3940,#3941,#3942,#3943));
#917=EDGE_LOOP('',(#3944,#3945,#3946,#3947));
#918=EDGE_LOOP('',(#3948,#3949,#3950,#3951));
#919=EDGE_LOOP('',(#3952,#3953,#3954,#3955));
#920=EDGE_LOOP('',(#3956,#3957,#3958,#3959));
#921=EDGE_LOOP('',(#3960,#3961,#3962,#3963));
#922=EDGE_LOOP('',(#3964,#3965,#3966,#3967));
#923=EDGE_LOOP('',(#3968,#3969,#3970,#3971));
#924=EDGE_LOOP('',(#3972,#3973,#3974,#3975));
#925=EDGE_LOOP('',(#3976,#3977,#3978,#3979));
#926=EDGE_LOOP('',(#3980,#3981,#3982,#3983));
#927=EDGE_LOOP('',(#3984,#3985,#3986,#3987));
#928=EDGE_LOOP('',(#3988,#3989,#3990,#3991));
#929=EDGE_LOOP('',(#3992,#3993,#3994,#3995));
#930=EDGE_LOOP('',(#3996,#3997,#3998,#3999));
#931=EDGE_LOOP('',(#4000,#4001,#4002,#4003));
#932=EDGE_LOOP('',(#4004,#4005,#4006,#4007));
#933=EDGE_LOOP('',(#4008,#4009,#4010,#4011));
#934=EDGE_LOOP('',(#4012,#4013,#4014,#4015));
#935=EDGE_LOOP('',(#4016,#4017,#4018,#4019));
#936=EDGE_LOOP('',(#4020,#4021,#4022,#4023));
#937=EDGE_LOOP('',(#4024,#4025,#4026,#4027));
#938=EDGE_LOOP('',(#4028,#4029,#4030,#4031));
#939=EDGE_LOOP('',(#4032,#4033,#4034,#4035));
#940=EDGE_LOOP('',(#4036,#4037,#4038,#4039));
#941=EDGE_LOOP('',(#4040,#4041,#4042,#4043));
#942=EDGE_LOOP('',(#4044,#4045,#4046,#4047));
#943=EDGE_LOOP('',(#4048,#4049,#4050,#4051));
#944=EDGE_LOOP('',(#4052,#4053,#4054,#4055));
#945=EDGE_LOOP('',(#4056,#4057,#4058,#4059,#4060,#4061,#4062,#4063,#4064,
#4065,#4066,#4067,#4068,#4069,#4070,#4071,#4072,#4073,#4074,#4075,#4076,
#4077,#4078,#4079,#4080,#4081,#4082,#4083));
#946=EDGE_LOOP('',(#4084,#4085,#4086,#4087));
#947=EDGE_LOOP('',(#4088,#4089,#4090,#4091));
#948=EDGE_LOOP('',(#4092,#4093,#4094,#4095));
#949=EDGE_LOOP('',(#4096,#4097,#4098,#4099));
#950=EDGE_LOOP('',(#4100,#4101,#4102,#4103));
#951=EDGE_LOOP('',(#4104,#4105,#4106,#4107));
#952=EDGE_LOOP('',(#4108,#4109,#4110,#4111));
#953=EDGE_LOOP('',(#4112,#4113,#4114,#4115));
#954=EDGE_LOOP('',(#4116,#4117,#4118,#4119));
#955=EDGE_LOOP('',(#4120,#4121,#4122,#4123));
#956=EDGE_LOOP('',(#4124,#4125,#4126,#4127,#4128,#4129,#4130,#4131,#4132,
#4133));
#957=EDGE_LOOP('',(#4134,#4135,#4136,#4137));
#958=EDGE_LOOP('',(#4138,#4139,#4140,#4141));
#959=EDGE_LOOP('',(#4142,#4143,#4144,#4145));
#960=EDGE_LOOP('',(#4146,#4147,#4148,#4149));
#961=EDGE_LOOP('',(#4150,#4151,#4152,#4153));
#962=EDGE_LOOP('',(#4154,#4155,#4156,#4157));
#963=EDGE_LOOP('',(#4158,#4159,#4160,#4161));
#964=EDGE_LOOP('',(#4162,#4163,#4164,#4165));
#965=EDGE_LOOP('',(#4166,#4167,#4168,#4169));
#966=EDGE_LOOP('',(#4170,#4171,#4172,#4173));
#967=EDGE_LOOP('',(#4174,#4175,#4176,#4177));
#968=EDGE_LOOP('',(#4178,#4179,#4180,#4181));
#969=EDGE_LOOP('',(#4182,#4183,#4184,#4185));
#970=EDGE_LOOP('',(#4186,#4187,#4188,#4189));
#971=EDGE_LOOP('',(#4190,#4191,#4192,#4193));
#972=EDGE_LOOP('',(#4194,#4195,#4196,#4197));
#973=EDGE_LOOP('',(#4198,#4199,#4200,#4201));
#974=EDGE_LOOP('',(#4202,#4203,#4204,#4205));
#975=EDGE_LOOP('',(#4206,#4207,#4208,#4209));
#976=EDGE_LOOP('',(#4210,#4211,#4212,#4213));
#977=EDGE_LOOP('',(#4214,#4215,#4216,#4217));
#978=EDGE_LOOP('',(#4218,#4219,#4220,#4221));
#979=EDGE_LOOP('',(#4222,#4223,#4224,#4225));
#980=EDGE_LOOP('',(#4226,#4227,#4228,#4229));
#981=EDGE_LOOP('',(#4230,#4231,#4232,#4233));
#982=EDGE_LOOP('',(#4234,#4235,#4236,#4237));
#983=EDGE_LOOP('',(#4238,#4239,#4240,#4241));
#984=EDGE_LOOP('',(#4242,#4243,#4244,#4245));
#985=EDGE_LOOP('',(#4246,#4247,#4248,#4249,#4250,#4251,#4252,#4253,#4254,
#4255,#4256,#4257,#4258,#4259,#4260,#4261,#4262,#4263,#4264,#4265,#4266,
#4267,#4268,#4269,#4270,#4271,#4272,#4273));
#986=EDGE_LOOP('',(#4274,#4275,#4276,#4277));
#987=EDGE_LOOP('',(#4278,#4279,#4280,#4281));
#988=EDGE_LOOP('',(#4282,#4283,#4284,#4285));
#989=EDGE_LOOP('',(#4286,#4287,#4288,#4289));
#990=EDGE_LOOP('',(#4290,#4291,#4292,#4293));
#991=EDGE_LOOP('',(#4294,#4295,#4296,#4297));
#992=EDGE_LOOP('',(#4298,#4299,#4300,#4301));
#993=EDGE_LOOP('',(#4302,#4303,#4304,#4305));
#994=EDGE_LOOP('',(#4306,#4307,#4308,#4309));
#995=EDGE_LOOP('',(#4310,#4311,#4312,#4313));
#996=EDGE_LOOP('',(#4314,#4315,#4316,#4317));
#997=EDGE_LOOP('',(#4318,#4319,#4320,#4321));
#998=EDGE_LOOP('',(#4322,#4323,#4324,#4325));
#999=EDGE_LOOP('',(#4326,#4327,#4328,#4329,#4330,#4331,#4332,#4333,#4334,
#4335,#4336,#4337,#4338));
#1000=EDGE_LOOP('',(#4339,#4340,#4341,#4342));
#1001=EDGE_LOOP('',(#4343,#4344,#4345,#4346));
#1002=EDGE_LOOP('',(#4347,#4348,#4349,#4350));
#1003=EDGE_LOOP('',(#4351,#4352,#4353,#4354));
#1004=EDGE_LOOP('',(#4355,#4356,#4357,#4358));
#1005=EDGE_LOOP('',(#4359,#4360,#4361,#4362));
#1006=EDGE_LOOP('',(#4363,#4364,#4365,#4366));
#1007=EDGE_LOOP('',(#4367,#4368,#4369,#4370));
#1008=EDGE_LOOP('',(#4371,#4372,#4373,#4374));
#1009=EDGE_LOOP('',(#4375,#4376,#4377,#4378));
#1010=EDGE_LOOP('',(#4379,#4380,#4381,#4382));
#1011=EDGE_LOOP('',(#4383,#4384,#4385,#4386));
#1012=EDGE_LOOP('',(#4387,#4388,#4389,#4390));
#1013=EDGE_LOOP('',(#4391,#4392,#4393,#4394));
#1014=EDGE_LOOP('',(#4395,#4396,#4397,#4398));
#1015=EDGE_LOOP('',(#4399,#4400,#4401,#4402));
#1016=EDGE_LOOP('',(#4403,#4404,#4405,#4406));
#1017=EDGE_LOOP('',(#4407,#4408,#4409,#4410));
#1018=EDGE_LOOP('',(#4411,#4412,#4413,#4414));
#1019=EDGE_LOOP('',(#4415,#4416,#4417,#4418));
#1020=EDGE_LOOP('',(#4419,#4420,#4421,#4422));
#1021=EDGE_LOOP('',(#4423,#4424,#4425,#4426));
#1022=EDGE_LOOP('',(#4427,#4428,#4429,#4430));
#1023=EDGE_LOOP('',(#4431,#4432,#4433,#4434));
#1024=EDGE_LOOP('',(#4435,#4436,#4437,#4438,#4439,#4440,#4441,#4442,#4443,
#4444,#4445,#4446,#4447,#4448,#4449,#4450));
#1025=EDGE_LOOP('',(#4451,#4452,#4453,#4454,#4455,#4456,#4457,#4458));
#1026=EDGE_LOOP('',(#4459,#4460,#4461,#4462,#4463,#4464,#4465,#4466));
#1027=EDGE_LOOP('',(#4467,#4468,#4469,#4470));
#1028=EDGE_LOOP('',(#4471,#4472,#4473,#4474));
#1029=EDGE_LOOP('',(#4475,#4476,#4477,#4478));
#1030=EDGE_LOOP('',(#4479,#4480,#4481,#4482));
#1031=EDGE_LOOP('',(#4483,#4484,#4485,#4486));
#1032=EDGE_LOOP('',(#4487,#4488,#4489,#4490));
#1033=EDGE_LOOP('',(#4491,#4492,#4493,#4494));
#1034=EDGE_LOOP('',(#4495,#4496,#4497,#4498));
#1035=EDGE_LOOP('',(#4499,#4500,#4501,#4502));
#1036=EDGE_LOOP('',(#4503,#4504,#4505,#4506));
#1037=EDGE_LOOP('',(#4507,#4508,#4509,#4510));
#1038=EDGE_LOOP('',(#4511,#4512,#4513,#4514));
#1039=EDGE_LOOP('',(#4515,#4516,#4517,#4518));
#1040=EDGE_LOOP('',(#4519,#4520,#4521,#4522));
#1041=EDGE_LOOP('',(#4523,#4524,#4525,#4526));
#1042=EDGE_LOOP('',(#4527,#4528,#4529,#4530));
#1043=EDGE_LOOP('',(#4531,#4532,#4533,#4534));
#1044=EDGE_LOOP('',(#4535,#4536,#4537,#4538,#4539,#4540,#4541,#4542,#4543,
#4544,#4545,#4546));
#1045=EDGE_LOOP('',(#4547,#4548,#4549,#4550));
#1046=EDGE_LOOP('',(#4551,#4552,#4553,#4554));
#1047=EDGE_LOOP('',(#4555,#4556,#4557,#4558));
#1048=EDGE_LOOP('',(#4559,#4560,#4561,#4562));
#1049=EDGE_LOOP('',(#4563,#4564,#4565,#4566));
#1050=EDGE_LOOP('',(#4567,#4568,#4569,#4570));
#1051=EDGE_LOOP('',(#4571,#4572,#4573,#4574));
#1052=EDGE_LOOP('',(#4575,#4576,#4577,#4578));
#1053=EDGE_LOOP('',(#4579,#4580,#4581,#4582));
#1054=EDGE_LOOP('',(#4583,#4584,#4585,#4586));
#1055=EDGE_LOOP('',(#4587,#4588,#4589,#4590));
#1056=EDGE_LOOP('',(#4591,#4592,#4593,#4594,#4595,#4596,#4597,#4598));
#1057=EDGE_LOOP('',(#4599,#4600,#4601));
#1058=EDGE_LOOP('',(#4602,#4603,#4604));
#1059=EDGE_LOOP('',(#4605,#4606,#4607,#4608));
#1060=EDGE_LOOP('',(#4609,#4610,#4611,#4612));
#1061=EDGE_LOOP('',(#4613,#4614,#4615,#4616));
#1062=EDGE_LOOP('',(#4617,#4618,#4619,#4620));
#1063=EDGE_LOOP('',(#4621,#4622,#4623,#4624));
#1064=EDGE_LOOP('',(#4625,#4626,#4627,#4628));
#1065=EDGE_LOOP('',(#4629,#4630,#4631,#4632));
#1066=EDGE_LOOP('',(#4633,#4634,#4635,#4636));
#1067=EDGE_LOOP('',(#4637,#4638,#4639,#4640));
#1068=EDGE_LOOP('',(#4641,#4642,#4643,#4644));
#1069=EDGE_LOOP('',(#4645,#4646,#4647,#4648));
#1070=EDGE_LOOP('',(#4649,#4650,#4651,#4652));
#1071=EDGE_LOOP('',(#4653,#4654,#4655,#4656,#4657,#4658,#4659,#4660,#4661,
#4662,#4663,#4664));
#1072=EDGE_LOOP('',(#4665,#4666,#4667,#4668));
#1073=EDGE_LOOP('',(#4669,#4670,#4671,#4672));
#1074=EDGE_LOOP('',(#4673,#4674,#4675,#4676));
#1075=EDGE_LOOP('',(#4677,#4678,#4679,#4680));
#1076=EDGE_LOOP('',(#4681,#4682,#4683,#4684));
#1077=EDGE_LOOP('',(#4685,#4686,#4687,#4688));
#1078=EDGE_LOOP('',(#4689,#4690,#4691,#4692));
#1079=EDGE_LOOP('',(#4693,#4694,#4695,#4696));
#1080=EDGE_LOOP('',(#4697,#4698,#4699,#4700));
#1081=EDGE_LOOP('',(#4701,#4702,#4703,#4704));
#1082=EDGE_LOOP('',(#4705,#4706,#4707,#4708));
#1083=EDGE_LOOP('',(#4709,#4710,#4711,#4712));
#1084=EDGE_LOOP('',(#4713,#4714,#4715,#4716));
#1085=EDGE_LOOP('',(#4717,#4718,#4719,#4720));
#1086=EDGE_LOOP('',(#4721,#4722,#4723,#4724));
#1087=EDGE_LOOP('',(#4725,#4726,#4727,#4728));
#1088=EDGE_LOOP('',(#4729,#4730,#4731,#4732));
#1089=EDGE_LOOP('',(#4733,#4734,#4735,#4736));
#1090=EDGE_LOOP('',(#4737,#4738,#4739,#4740));
#1091=EDGE_LOOP('',(#4741,#4742,#4743,#4744));
#1092=EDGE_LOOP('',(#4745,#4746,#4747,#4748));
#1093=EDGE_LOOP('',(#4749,#4750,#4751,#4752));
#1094=EDGE_LOOP('',(#4753,#4754,#4755,#4756));
#1095=EDGE_LOOP('',(#4757,#4758,#4759,#4760,#4761,#4762,#4763,#4764,#4765,
#4766,#4767,#4768,#4769,#4770,#4771,#4772,#4773,#4774,#4775,#4776,#4777,
#4778,#4779));
#1096=EDGE_LOOP('',(#4780,#4781,#4782,#4783));
#1097=EDGE_LOOP('',(#4784,#4785,#4786,#4787));
#1098=EDGE_LOOP('',(#4788,#4789,#4790,#4791));
#1099=EDGE_LOOP('',(#4792,#4793,#4794,#4795));
#1100=EDGE_LOOP('',(#4796,#4797,#4798,#4799));
#1101=EDGE_LOOP('',(#4800,#4801,#4802,#4803));
#1102=EDGE_LOOP('',(#4804,#4805,#4806,#4807));
#1103=EDGE_LOOP('',(#4808,#4809,#4810,#4811));
#1104=EDGE_LOOP('',(#4812,#4813,#4814,#4815));
#1105=EDGE_LOOP('',(#4816,#4817,#4818,#4819));
#1106=EDGE_LOOP('',(#4820,#4821,#4822,#4823));
#1107=EDGE_LOOP('',(#4824,#4825,#4826,#4827));
#1108=EDGE_LOOP('',(#4828,#4829,#4830,#4831,#4832,#4833,#4834,#4835,#4836,
#4837,#4838,#4839));
#1109=EDGE_LOOP('',(#4840,#4841,#4842,#4843));
#1110=EDGE_LOOP('',(#4844,#4845,#4846,#4847));
#1111=EDGE_LOOP('',(#4848,#4849,#4850,#4851));
#1112=EDGE_LOOP('',(#4852,#4853,#4854,#4855));
#1113=EDGE_LOOP('',(#4856,#4857,#4858,#4859));
#1114=EDGE_LOOP('',(#4860,#4861,#4862,#4863));
#1115=EDGE_LOOP('',(#4864,#4865,#4866,#4867));
#1116=EDGE_LOOP('',(#4868,#4869,#4870,#4871));
#1117=EDGE_LOOP('',(#4872,#4873,#4874,#4875));
#1118=EDGE_LOOP('',(#4876,#4877,#4878,#4879));
#1119=EDGE_LOOP('',(#4880,#4881,#4882,#4883));
#1120=EDGE_LOOP('',(#4884,#4885,#4886,#4887));
#1121=EDGE_LOOP('',(#4888,#4889,#4890,#4891));
#1122=EDGE_LOOP('',(#4892,#4893,#4894,#4895));
#1123=EDGE_LOOP('',(#4896,#4897,#4898,#4899));
#1124=EDGE_LOOP('',(#4900,#4901,#4902,#4903));
#1125=EDGE_LOOP('',(#4904,#4905,#4906,#4907));
#1126=EDGE_LOOP('',(#4908,#4909,#4910,#4911));
#1127=EDGE_LOOP('',(#4912,#4913,#4914,#4915));
#1128=EDGE_LOOP('',(#4916,#4917,#4918,#4919));
#1129=EDGE_LOOP('',(#4920,#4921,#4922,#4923));
#1130=EDGE_LOOP('',(#4924,#4925,#4926,#4927));
#1131=EDGE_LOOP('',(#4928,#4929,#4930,#4931,#4932,#4933,#4934,#4935,#4936,
#4937,#4938,#4939,#4940));
#1132=EDGE_LOOP('',(#4941,#4942,#4943,#4944,#4945,#4946,#4947,#4948,#4949));
#1133=EDGE_LOOP('',(#4950,#4951,#4952,#4953,#4954,#4955,#4956,#4957,#4958));
#1134=EDGE_LOOP('',(#4959,#4960,#4961,#4962));
#1135=EDGE_LOOP('',(#4963,#4964,#4965,#4966));
#1136=EDGE_LOOP('',(#4967,#4968,#4969,#4970));
#1137=EDGE_LOOP('',(#4971,#4972,#4973,#4974));
#1138=EDGE_LOOP('',(#4975,#4976,#4977,#4978));
#1139=EDGE_LOOP('',(#4979,#4980,#4981,#4982));
#1140=EDGE_LOOP('',(#4983,#4984,#4985,#4986));
#1141=EDGE_LOOP('',(#4987,#4988,#4989,#4990));
#1142=EDGE_LOOP('',(#4991,#4992,#4993,#4994));
#1143=EDGE_LOOP('',(#4995,#4996,#4997,#4998));
#1144=EDGE_LOOP('',(#4999,#5000,#5001,#5002));
#1145=EDGE_LOOP('',(#5003,#5004,#5005,#5006));
#1146=EDGE_LOOP('',(#5007,#5008,#5009,#5010));
#1147=EDGE_LOOP('',(#5011,#5012,#5013,#5014));
#1148=EDGE_LOOP('',(#5015,#5016,#5017,#5018));
#1149=EDGE_LOOP('',(#5019,#5020,#5021,#5022));
#1150=EDGE_LOOP('',(#5023,#5024,#5025,#5026));
#1151=EDGE_LOOP('',(#5027,#5028,#5029,#5030));
#1152=EDGE_LOOP('',(#5031,#5032,#5033,#5034));
#1153=EDGE_LOOP('',(#5035,#5036,#5037,#5038));
#1154=EDGE_LOOP('',(#5039,#5040,#5041,#5042));
#1155=EDGE_LOOP('',(#5043,#5044,#5045,#5046));
#1156=EDGE_LOOP('',(#5047,#5048,#5049,#5050));
#1157=EDGE_LOOP('',(#5051,#5052,#5053,#5054));
#1158=EDGE_LOOP('',(#5055,#5056,#5057,#5058,#5059,#5060,#5061,#5062,#5063,
#5064,#5065,#5066,#5067,#5068,#5069,#5070));
#1159=EDGE_LOOP('',(#5071,#5072,#5073,#5074,#5075,#5076,#5077,#5078));
#1160=EDGE_LOOP('',(#5079,#5080,#5081,#5082,#5083,#5084,#5085,#5086));
#1161=EDGE_LOOP('',(#5087,#5088,#5089,#5090));
#1162=EDGE_LOOP('',(#5091,#5092,#5093,#5094));
#1163=EDGE_LOOP('',(#5095,#5096,#5097,#5098,#5099,#5100,#5101,#5102));
#1164=EDGE_LOOP('',(#5103,#5104,#5105,#5106,#5107,#5108,#5109,#5110,#5111,
#5112,#5113,#5114));
#1165=EDGE_LOOP('',(#5115,#5116,#5117,#5118,#5119,#5120,#5121,#5122,#5123,
#5124));
#1166=EDGE_LOOP('',(#5125,#5126,#5127,#5128,#5129,#5130,#5131,#5132,#5133,
#5134,#5135,#5136,#5137));
#1167=EDGE_LOOP('',(#5138,#5139,#5140,#5141));
#1168=EDGE_LOOP('',(#5142,#5143,#5144,#5145,#5146,#5147,#5148,#5149));
#1169=EDGE_LOOP('',(#5150,#5151,#5152,#5153,#5154,#5155,#5156,#5157,#5158,
#5159,#5160,#5161,#5162,#5163,#5164,#5165,#5166,#5167,#5168,#5169,#5170,
#5171,#5172));
#1170=EDGE_LOOP('',(#5173,#5174,#5175,#5176,#5177,#5178,#5179,#5180,#5181,
#5182,#5183,#5184,#5185));
#1171=EDGE_LOOP('',(#5186,#5187,#5188,#5189));
#1172=EDGE_LOOP('',(#5190));
#1173=EDGE_LOOP('',(#5191));
#1174=EDGE_LOOP('',(#5192));
#1175=EDGE_LOOP('',(#5193));
#1176=EDGE_LOOP('',(#5194,#5195,#5196,#5197,#5198,#5199,#5200,#5201,#5202,
#5203,#5204,#5205,#5206,#5207,#5208,#5209));
#1177=EDGE_LOOP('',(#5210,#5211,#5212,#5213,#5214,#5215,#5216,#5217,#5218,
#5219,#5220,#5221));
#1178=EDGE_LOOP('',(#5222,#5223,#5224,#5225,#5226,#5227,#5228,#5229,#5230,
#5231,#5232,#5233));
#1179=EDGE_LOOP('',(#5234,#5235,#5236,#5237,#5238,#5239,#5240,#5241,#5242,
#5243,#5244,#5245));
#1180=EDGE_LOOP('',(#5246,#5247,#5248,#5249,#5250,#5251,#5252,#5253,#5254,
#5255,#5256,#5257,#5258,#5259,#5260,#5261));
#1181=EDGE_LOOP('',(#5262,#5263,#5264,#5265,#5266,#5267,#5268,#5269,#5270,
#5271,#5272,#5273,#5274,#5275,#5276,#5277,#5278,#5279,#5280,#5281,#5282,
#5283,#5284,#5285,#5286,#5287,#5288,#5289));
#1182=EDGE_LOOP('',(#5290,#5291,#5292,#5293,#5294,#5295,#5296,#5297,#5298,
#5299,#5300,#5301,#5302,#5303,#5304,#5305,#5306,#5307,#5308,#5309,#5310,
#5311,#5312,#5313,#5314,#5315,#5316,#5317));
#1183=EDGE_LOOP('',(#5318,#5319,#5320,#5321,#5322,#5323,#5324,#5325,#5326,
#5327,#5328,#5329,#5330));
#1184=EDGE_LOOP('',(#5331,#5332,#5333,#5334));
#1185=EDGE_LOOP('',(#5335,#5336,#5337,#5338));
#1186=EDGE_LOOP('',(#5339,#5340,#5341,#5342));
#1187=EDGE_LOOP('',(#5343,#5344,#5345,#5346));
#1188=EDGE_LOOP('',(#5347,#5348,#5349,#5350,#5351,#5352,#5353,#5354));
#1189=EDGE_LOOP('',(#5355));
#1190=EDGE_LOOP('',(#5356));
#1191=EDGE_LOOP('',(#5357));
#1192=EDGE_LOOP('',(#5358));
#1193=EDGE_LOOP('',(#5359,#5360,#5361,#5362));
#1194=EDGE_LOOP('',(#5363,#5364,#5365,#5366));
#1195=EDGE_LOOP('',(#5367));
#1196=EDGE_LOOP('',(#5368));
#1197=EDGE_LOOP('',(#5369,#5370,#5371,#5372));
#1198=EDGE_LOOP('',(#5373));
#1199=EDGE_LOOP('',(#5374));
#1200=EDGE_LOOP('',(#5375,#5376,#5377,#5378));
#1201=EDGE_LOOP('',(#5379));
#1202=EDGE_LOOP('',(#5380));
#1203=EDGE_LOOP('',(#5381,#5382,#5383,#5384));
#1204=EDGE_LOOP('',(#5385));
#1205=EDGE_LOOP('',(#5386));
#1206=EDGE_LOOP('',(#5387,#5388,#5389,#5390));
#1207=EDGE_LOOP('',(#5391,#5392,#5393,#5394));
#1208=EDGE_LOOP('',(#5395,#5396,#5397,#5398));
#1209=EDGE_LOOP('',(#5399,#5400,#5401,#5402));
#1210=EDGE_LOOP('',(#5403,#5404,#5405,#5406));
#1211=EDGE_LOOP('',(#5407,#5408,#5409,#5410));
#1212=EDGE_LOOP('',(#5411,#5412,#5413,#5414));
#1213=EDGE_LOOP('',(#5415,#5416,#5417,#5418));
#1214=EDGE_LOOP('',(#5419,#5420,#5421,#5422));
#1215=EDGE_LOOP('',(#5423,#5424,#5425,#5426));
#1216=LINE('',#7000,#1743);
#1217=LINE('',#7002,#1744);
#1218=LINE('',#7004,#1745);
#1219=LINE('',#7005,#1746);
#1220=LINE('',#7028,#1747);
#1221=LINE('',#7051,#1748);
#1222=LINE('',#7074,#1749);
#1223=LINE('',#7097,#1750);
#1224=LINE('',#7120,#1751);
#1225=LINE('',#7143,#1752);
#1226=LINE('',#7166,#1753);
#1227=LINE('',#7169,#1754);
#1228=LINE('',#7171,#1755);
#1229=LINE('',#7172,#1756);
#1230=LINE('',#7174,#1757);
#1231=LINE('',#7175,#1758);
#1232=LINE('',#7179,#1759);
#1233=LINE('',#7181,#1760);
#1234=LINE('',#7183,#1761);
#1235=LINE('',#7184,#1762);
#1236=LINE('',#7187,#1763);
#1237=LINE('',#7189,#1764);
#1238=LINE('',#7190,#1765);
#1239=LINE('',#7213,#1766);
#1240=LINE('',#7236,#1767);
#1241=LINE('',#7259,#1768);
#1242=LINE('',#7282,#1769);
#1243=LINE('',#7305,#1770);
#1244=LINE('',#7328,#1771);
#1245=LINE('',#7351,#1772);
#1246=LINE('',#7374,#1773);
#1247=LINE('',#7397,#1774);
#1248=LINE('',#7420,#1775);
#1249=LINE('',#7422,#1776);
#1250=LINE('',#7423,#1777);
#1251=LINE('',#7444,#1778);
#1252=LINE('',#7451,#1779);
#1253=LINE('',#7474,#1780);
#1254=LINE('',#7497,#1781);
#1255=LINE('',#7520,#1782);
#1256=LINE('',#7543,#1783);
#1257=LINE('',#7566,#1784);
#1258=LINE('',#7589,#1785);
#1259=LINE('',#7612,#1786);
#1260=LINE('',#7651,#1787);
#1261=LINE('',#7658,#1788);
#1262=LINE('',#7681,#1789);
#1263=LINE('',#7704,#1790);
#1264=LINE('',#7727,#1791);
#1265=LINE('',#7750,#1792);
#1266=LINE('',#7773,#1793);
#1267=LINE('',#7796,#1794);
#1268=LINE('',#7819,#1795);
#1269=LINE('',#7842,#1796);
#1270=LINE('',#7865,#1797);
#1271=LINE('',#7888,#1798);
#1272=LINE('',#7914,#1799);
#1273=LINE('',#7916,#1800);
#1274=LINE('',#7918,#1801);
#1275=LINE('',#7919,#1802);
#1276=LINE('',#7942,#1803);
#1277=LINE('',#7965,#1804);
#1278=LINE('',#7988,#1805);
#1279=LINE('',#8011,#1806);
#1280=LINE('',#8034,#1807);
#1281=LINE('',#8057,#1808);
#1282=LINE('',#8080,#1809);
#1283=LINE('',#8103,#1810);
#1284=LINE('',#8126,#1811);
#1285=LINE('',#8149,#1812);
#1286=LINE('',#8172,#1813);
#1287=LINE('',#8195,#1814);
#1288=LINE('',#8218,#1815);
#1289=LINE('',#8221,#1816);
#1290=LINE('',#8223,#1817);
#1291=LINE('',#8224,#1818);
#1292=LINE('',#8247,#1819);
#1293=LINE('',#8270,#1820);
#1294=LINE('',#8293,#1821);
#1295=LINE('',#8316,#1822);
#1296=LINE('',#8339,#1823);
#1297=LINE('',#8362,#1824);
#1298=LINE('',#8385,#1825);
#1299=LINE('',#8408,#1826);
#1300=LINE('',#8431,#1827);
#1301=LINE('',#8454,#1828);
#1302=LINE('',#8477,#1829);
#1303=LINE('',#8500,#1830);
#1304=LINE('',#8525,#1831);
#1305=LINE('',#8527,#1832);
#1306=LINE('',#8529,#1833);
#1307=LINE('',#8530,#1834);
#1308=LINE('',#8533,#1835);
#1309=LINE('',#8535,#1836);
#1310=LINE('',#8536,#1837);
#1311=LINE('',#8539,#1838);
#1312=LINE('',#8541,#1839);
#1313=LINE('',#8542,#1840);
#1314=LINE('',#8545,#1841);
#1315=LINE('',#8547,#1842);
#1316=LINE('',#8548,#1843);
#1317=LINE('',#8551,#1844);
#1318=LINE('',#8553,#1845);
#1319=LINE('',#8554,#1846);
#1320=LINE('',#8557,#1847);
#1321=LINE('',#8559,#1848);
#1322=LINE('',#8560,#1849);
#1323=LINE('',#8563,#1850);
#1324=LINE('',#8565,#1851);
#1325=LINE('',#8566,#1852);
#1326=LINE('',#8569,#1853);
#1327=LINE('',#8571,#1854);
#1328=LINE('',#8572,#1855);
#1329=LINE('',#8575,#1856);
#1330=LINE('',#8577,#1857);
#1331=LINE('',#8578,#1858);
#1332=LINE('',#8580,#1859);
#1333=LINE('',#8581,#1860);
#1334=LINE('',#8586,#1861);
#1335=LINE('',#8588,#1862);
#1336=LINE('',#8590,#1863);
#1337=LINE('',#8591,#1864);
#1338=LINE('',#8614,#1865);
#1339=LINE('',#8637,#1866);
#1340=LINE('',#8660,#1867);
#1341=LINE('',#8683,#1868);
#1342=LINE('',#8706,#1869);
#1343=LINE('',#8729,#1870);
#1344=LINE('',#8752,#1871);
#1345=LINE('',#8775,#1872);
#1346=LINE('',#8798,#1873);
#1347=LINE('',#8821,#1874);
#1348=LINE('',#8844,#1875);
#1349=LINE('',#8867,#1876);
#1350=LINE('',#8890,#1877);
#1351=LINE('',#8893,#1878);
#1352=LINE('',#8895,#1879);
#1353=LINE('',#8896,#1880);
#1354=LINE('',#8919,#1881);
#1355=LINE('',#8942,#1882);
#1356=LINE('',#8965,#1883);
#1357=LINE('',#8988,#1884);
#1358=LINE('',#9011,#1885);
#1359=LINE('',#9034,#1886);
#1360=LINE('',#9057,#1887);
#1361=LINE('',#9080,#1888);
#1362=LINE('',#9103,#1889);
#1363=LINE('',#9126,#1890);
#1364=LINE('',#9149,#1891);
#1365=LINE('',#9172,#1892);
#1366=LINE('',#9197,#1893);
#1367=LINE('',#9199,#1894);
#1368=LINE('',#9201,#1895);
#1369=LINE('',#9202,#1896);
#1370=LINE('',#9205,#1897);
#1371=LINE('',#9207,#1898);
#1372=LINE('',#9208,#1899);
#1373=LINE('',#9211,#1900);
#1374=LINE('',#9213,#1901);
#1375=LINE('',#9214,#1902);
#1376=LINE('',#9217,#1903);
#1377=LINE('',#9219,#1904);
#1378=LINE('',#9220,#1905);
#1379=LINE('',#9223,#1906);
#1380=LINE('',#9225,#1907);
#1381=LINE('',#9226,#1908);
#1382=LINE('',#9229,#1909);
#1383=LINE('',#9231,#1910);
#1384=LINE('',#9232,#1911);
#1385=LINE('',#9235,#1912);
#1386=LINE('',#9237,#1913);
#1387=LINE('',#9238,#1914);
#1388=LINE('',#9241,#1915);
#1389=LINE('',#9243,#1916);
#1390=LINE('',#9244,#1917);
#1391=LINE('',#9247,#1918);
#1392=LINE('',#9249,#1919);
#1393=LINE('',#9250,#1920);
#1394=LINE('',#9253,#1921);
#1395=LINE('',#9255,#1922);
#1396=LINE('',#9256,#1923);
#1397=LINE('',#9259,#1924);
#1398=LINE('',#9261,#1925);
#1399=LINE('',#9262,#1926);
#1400=LINE('',#9265,#1927);
#1401=LINE('',#9267,#1928);
#1402=LINE('',#9268,#1929);
#1403=LINE('',#9270,#1930);
#1404=LINE('',#9271,#1931);
#1405=LINE('',#9276,#1932);
#1406=LINE('',#9278,#1933);
#1407=LINE('',#9280,#1934);
#1408=LINE('',#9281,#1935);
#1409=LINE('',#9304,#1936);
#1410=LINE('',#9327,#1937);
#1411=LINE('',#9350,#1938);
#1412=LINE('',#9373,#1939);
#1413=LINE('',#9396,#1940);
#1414=LINE('',#9399,#1941);
#1415=LINE('',#9401,#1942);
#1416=LINE('',#9402,#1943);
#1417=LINE('',#9404,#1944);
#1418=LINE('',#9405,#1945);
#1419=LINE('',#9409,#1946);
#1420=LINE('',#9411,#1947);
#1421=LINE('',#9413,#1948);
#1422=LINE('',#9414,#1949);
#1423=LINE('',#9417,#1950);
#1424=LINE('',#9419,#1951);
#1425=LINE('',#9420,#1952);
#1426=LINE('',#9423,#1953);
#1427=LINE('',#9425,#1954);
#1428=LINE('',#9426,#1955);
#1429=LINE('',#9449,#1956);
#1430=LINE('',#9472,#1957);
#1431=LINE('',#9495,#1958);
#1432=LINE('',#9518,#1959);
#1433=LINE('',#9541,#1960);
#1434=LINE('',#9564,#1961);
#1435=LINE('',#9587,#1962);
#1436=LINE('',#9590,#1963);
#1437=LINE('',#9592,#1964);
#1438=LINE('',#9593,#1965);
#1439=LINE('',#9616,#1966);
#1440=LINE('',#9639,#1967);
#1441=LINE('',#9662,#1968);
#1442=LINE('',#9665,#1969);
#1443=LINE('',#9667,#1970);
#1444=LINE('',#9668,#1971);
#1445=LINE('',#9670,#1972);
#1446=LINE('',#9671,#1973);
#1447=LINE('',#9677,#1974);
#1448=LINE('',#9679,#1975);
#1449=LINE('',#9681,#1976);
#1450=LINE('',#9682,#1977);
#1451=LINE('',#9685,#1978);
#1452=LINE('',#9687,#1979);
#1453=LINE('',#9688,#1980);
#1454=LINE('',#9691,#1981);
#1455=LINE('',#9693,#1982);
#1456=LINE('',#9694,#1983);
#1457=LINE('',#9696,#1984);
#1458=LINE('',#9697,#1985);
#1459=LINE('',#9702,#1986);
#1460=LINE('',#9704,#1987);
#1461=LINE('',#9706,#1988);
#1462=LINE('',#9707,#1989);
#1463=LINE('',#9710,#1990);
#1464=LINE('',#9712,#1991);
#1465=LINE('',#9713,#1992);
#1466=LINE('',#9716,#1993);
#1467=LINE('',#9718,#1994);
#1468=LINE('',#9719,#1995);
#1469=LINE('',#9722,#1996);
#1470=LINE('',#9724,#1997);
#1471=LINE('',#9725,#1998);
#1472=LINE('',#9728,#1999);
#1473=LINE('',#9730,#2000);
#1474=LINE('',#9731,#2001);
#1475=LINE('',#9734,#2002);
#1476=LINE('',#9736,#2003);
#1477=LINE('',#9737,#2004);
#1478=LINE('',#9740,#2005);
#1479=LINE('',#9742,#2006);
#1480=LINE('',#9743,#2007);
#1481=LINE('',#9746,#2008);
#1482=LINE('',#9748,#2009);
#1483=LINE('',#9749,#2010);
#1484=LINE('',#9752,#2011);
#1485=LINE('',#9754,#2012);
#1486=LINE('',#9755,#2013);
#1487=LINE('',#9758,#2014);
#1488=LINE('',#9760,#2015);
#1489=LINE('',#9761,#2016);
#1490=LINE('',#9764,#2017);
#1491=LINE('',#9766,#2018);
#1492=LINE('',#9767,#2019);
#1493=LINE('',#9769,#2020);
#1494=LINE('',#9770,#2021);
#1495=LINE('',#9775,#2022);
#1496=LINE('',#9777,#2023);
#1497=LINE('',#9779,#2024);
#1498=LINE('',#9780,#2025);
#1499=LINE('',#9783,#2026);
#1500=LINE('',#9785,#2027);
#1501=LINE('',#9786,#2028);
#1502=LINE('',#9788,#2029);
#1503=LINE('',#9789,#2030);
#1504=LINE('',#9793,#2031);
#1505=LINE('',#9795,#2032);
#1506=LINE('',#9797,#2033);
#1507=LINE('',#9798,#2034);
#1508=LINE('',#9801,#2035);
#1509=LINE('',#9803,#2036);
#1510=LINE('',#9804,#2037);
#1511=LINE('',#9807,#2038);
#1512=LINE('',#9809,#2039);
#1513=LINE('',#9810,#2040);
#1514=LINE('',#9813,#2041);
#1515=LINE('',#9815,#2042);
#1516=LINE('',#9816,#2043);
#1517=LINE('',#9819,#2044);
#1518=LINE('',#9821,#2045);
#1519=LINE('',#9822,#2046);
#1520=LINE('',#9825,#2047);
#1521=LINE('',#9827,#2048);
#1522=LINE('',#9828,#2049);
#1523=LINE('',#9831,#2050);
#1524=LINE('',#9833,#2051);
#1525=LINE('',#9834,#2052);
#1526=LINE('',#9836,#2053);
#1527=LINE('',#9837,#2054);
#1528=LINE('',#9843,#2055);
#1529=LINE('',#9845,#2056);
#1530=LINE('',#9847,#2057);
#1531=LINE('',#9848,#2058);
#1532=LINE('',#9851,#2059);
#1533=LINE('',#9853,#2060);
#1534=LINE('',#9854,#2061);
#1535=LINE('',#9857,#2062);
#1536=LINE('',#9859,#2063);
#1537=LINE('',#9860,#2064);
#1538=LINE('',#9863,#2065);
#1539=LINE('',#9865,#2066);
#1540=LINE('',#9866,#2067);
#1541=LINE('',#9869,#2068);
#1542=LINE('',#9871,#2069);
#1543=LINE('',#9872,#2070);
#1544=LINE('',#9875,#2071);
#1545=LINE('',#9877,#2072);
#1546=LINE('',#9878,#2073);
#1547=LINE('',#9881,#2074);
#1548=LINE('',#9883,#2075);
#1549=LINE('',#9884,#2076);
#1550=LINE('',#9887,#2077);
#1551=LINE('',#9889,#2078);
#1552=LINE('',#9890,#2079);
#1553=LINE('',#9893,#2080);
#1554=LINE('',#9895,#2081);
#1555=LINE('',#9896,#2082);
#1556=LINE('',#9899,#2083);
#1557=LINE('',#9901,#2084);
#1558=LINE('',#9902,#2085);
#1559=LINE('',#9905,#2086);
#1560=LINE('',#9907,#2087);
#1561=LINE('',#9908,#2088);
#1562=LINE('',#9910,#2089);
#1563=LINE('',#9911,#2090);
#1564=LINE('',#9916,#2091);
#1565=LINE('',#9918,#2092);
#1566=LINE('',#9920,#2093);
#1567=LINE('',#9921,#2094);
#1568=LINE('',#9944,#2095);
#1569=LINE('',#9967,#2096);
#1570=LINE('',#9990,#2097);
#1571=LINE('',#10013,#2098);
#1572=LINE('',#10036,#2099);
#1573=LINE('',#10059,#2100);
#1574=LINE('',#10082,#2101);
#1575=LINE('',#10105,#2102);
#1576=LINE('',#10128,#2103);
#1577=LINE('',#10131,#2104);
#1578=LINE('',#10133,#2105);
#1579=LINE('',#10134,#2106);
#1580=LINE('',#10137,#2107);
#1581=LINE('',#10139,#2108);
#1582=LINE('',#10140,#2109);
#1583=LINE('',#10143,#2110);
#1584=LINE('',#10145,#2111);
#1585=LINE('',#10146,#2112);
#1586=LINE('',#10169,#2113);
#1587=LINE('',#10192,#2114);
#1588=LINE('',#10215,#2115);
#1589=LINE('',#10238,#2116);
#1590=LINE('',#10261,#2117);
#1591=LINE('',#10284,#2118);
#1592=LINE('',#10307,#2119);
#1593=LINE('',#10330,#2120);
#1594=LINE('',#10353,#2121);
#1595=LINE('',#10378,#2122);
#1596=LINE('',#10380,#2123);
#1597=LINE('',#10382,#2124);
#1598=LINE('',#10383,#2125);
#1599=LINE('',#10386,#2126);
#1600=LINE('',#10388,#2127);
#1601=LINE('',#10389,#2128);
#1602=LINE('',#10392,#2129);
#1603=LINE('',#10394,#2130);
#1604=LINE('',#10395,#2131);
#1605=LINE('',#10398,#2132);
#1606=LINE('',#10400,#2133);
#1607=LINE('',#10401,#2134);
#1608=LINE('',#10404,#2135);
#1609=LINE('',#10406,#2136);
#1610=LINE('',#10407,#2137);
#1611=LINE('',#10410,#2138);
#1612=LINE('',#10412,#2139);
#1613=LINE('',#10413,#2140);
#1614=LINE('',#10416,#2141);
#1615=LINE('',#10418,#2142);
#1616=LINE('',#10419,#2143);
#1617=LINE('',#10422,#2144);
#1618=LINE('',#10424,#2145);
#1619=LINE('',#10425,#2146);
#1620=LINE('',#10428,#2147);
#1621=LINE('',#10430,#2148);
#1622=LINE('',#10431,#2149);
#1623=LINE('',#10434,#2150);
#1624=LINE('',#10436,#2151);
#1625=LINE('',#10437,#2152);
#1626=LINE('',#10440,#2153);
#1627=LINE('',#10442,#2154);
#1628=LINE('',#10443,#2155);
#1629=LINE('',#10445,#2156);
#1630=LINE('',#10446,#2157);
#1631=LINE('',#10451,#2158);
#1632=LINE('',#10453,#2159);
#1633=LINE('',#10455,#2160);
#1634=LINE('',#10456,#2161);
#1635=LINE('',#10479,#2162);
#1636=LINE('',#10502,#2163);
#1637=LINE('',#10525,#2164);
#1638=LINE('',#10548,#2165);
#1639=LINE('',#10571,#2166);
#1640=LINE('',#10594,#2167);
#1641=LINE('',#10597,#2168);
#1642=LINE('',#10599,#2169);
#1643=LINE('',#10600,#2170);
#1644=LINE('',#10602,#2171);
#1645=LINE('',#10603,#2172);
#1646=LINE('',#10607,#2173);
#1647=LINE('',#10609,#2174);
#1648=LINE('',#10611,#2175);
#1649=LINE('',#10612,#2176);
#1650=LINE('',#10615,#2177);
#1651=LINE('',#10617,#2178);
#1652=LINE('',#10618,#2179);
#1653=LINE('',#10621,#2180);
#1654=LINE('',#10623,#2181);
#1655=LINE('',#10624,#2182);
#1656=LINE('',#10647,#2183);
#1657=LINE('',#10670,#2184);
#1658=LINE('',#10693,#2185);
#1659=LINE('',#10716,#2186);
#1660=LINE('',#10739,#2187);
#1661=LINE('',#10762,#2188);
#1662=LINE('',#10785,#2189);
#1663=LINE('',#10808,#2190);
#1664=LINE('',#10811,#2191);
#1665=LINE('',#10813,#2192);
#1666=LINE('',#10814,#2193);
#1667=LINE('',#10816,#2194);
#1668=LINE('',#10817,#2195);
#1669=LINE('',#10823,#2196);
#1670=LINE('',#10825,#2197);
#1671=LINE('',#10827,#2198);
#1672=LINE('',#10828,#2199);
#1673=LINE('',#10851,#2200);
#1674=LINE('',#10874,#2201);
#1675=LINE('',#10897,#2202);
#1676=LINE('',#10920,#2203);
#1677=LINE('',#10943,#2204);
#1678=LINE('',#10946,#2205);
#1679=LINE('',#10948,#2206);
#1680=LINE('',#10949,#2207);
#1681=LINE('',#10951,#2208);
#1682=LINE('',#10952,#2209);
#1683=LINE('',#10956,#2210);
#1684=LINE('',#10958,#2211);
#1685=LINE('',#10960,#2212);
#1686=LINE('',#10961,#2213);
#1687=LINE('',#10964,#2214);
#1688=LINE('',#10966,#2215);
#1689=LINE('',#10967,#2216);
#1690=LINE('',#10970,#2217);
#1691=LINE('',#10972,#2218);
#1692=LINE('',#10973,#2219);
#1693=LINE('',#10996,#2220);
#1694=LINE('',#11019,#2221);
#1695=LINE('',#11042,#2222);
#1696=LINE('',#11065,#2223);
#1697=LINE('',#11088,#2224);
#1698=LINE('',#11111,#2225);
#1699=LINE('',#11134,#2226);
#1700=LINE('',#11137,#2227);
#1701=LINE('',#11139,#2228);
#1702=LINE('',#11140,#2229);
#1703=LINE('',#11163,#2230);
#1704=LINE('',#11186,#2231);
#1705=LINE('',#11209,#2232);
#1706=LINE('',#11212,#2233);
#1707=LINE('',#11214,#2234);
#1708=LINE('',#11215,#2235);
#1709=LINE('',#11217,#2236);
#1710=LINE('',#11218,#2237);
#1711=LINE('',#11226,#2238);
#1712=LINE('',#11229,#2239);
#1713=LINE('',#11232,#2240);
#1714=LINE('',#11234,#2241);
#1715=LINE('',#11235,#2242);
#1716=LINE('',#11238,#2243);
#1717=LINE('',#11242,#2244);
#1718=LINE('',#11246,#2245);
#1719=LINE('',#11250,#2246);
#1720=LINE('',#11252,#2247);
#1721=LINE('',#11254,#2248);
#1722=LINE('',#11255,#2249);
#1723=LINE('',#11266,#2250);
#1724=LINE('',#11269,#2251);
#1725=LINE('',#11272,#2252);
#1726=LINE('',#11273,#2253);
#1727=LINE('',#11277,#2254);
#1728=LINE('',#11280,#2255);
#1729=LINE('',#11283,#2256);
#1730=LINE('',#11284,#2257);
#1731=LINE('',#11295,#2258);
#1732=LINE('',#11297,#2259);
#1733=LINE('',#11299,#2260);
#1734=LINE('',#11300,#2261);
#1735=LINE('',#11303,#2262);
#1736=LINE('',#11310,#2263);
#1737=LINE('',#11317,#2264);
#1738=LINE('',#11324,#2265);
#1739=LINE('',#11330,#2266);
#1740=LINE('',#11332,#2267);
#1741=LINE('',#11334,#2268);
#1742=LINE('',#11336,#2269);
#1743=VECTOR('',#6093,10.);
#1744=VECTOR('',#6094,10.);
#1745=VECTOR('',#6095,10.);
#1746=VECTOR('',#6096,10.);
#1747=VECTOR('',#6097,10.);
#1748=VECTOR('',#6098,10.);
#1749=VECTOR('',#6099,10.);
#1750=VECTOR('',#6100,10.);
#1751=VECTOR('',#6101,10.);
#1752=VECTOR('',#6102,10.);
#1753=VECTOR('',#6103,10.);
#1754=VECTOR('',#6106,10.);
#1755=VECTOR('',#6107,10.);
#1756=VECTOR('',#6108,10.);
#1757=VECTOR('',#6111,10.);
#1758=VECTOR('',#6112,10.);
#1759=VECTOR('',#6115,10.);
#1760=VECTOR('',#6116,10.);
#1761=VECTOR('',#6117,10.);
#1762=VECTOR('',#6118,10.);
#1763=VECTOR('',#6121,10.);
#1764=VECTOR('',#6122,10.);
#1765=VECTOR('',#6123,10.);
#1766=VECTOR('',#6124,10.);
#1767=VECTOR('',#6125,10.);
#1768=VECTOR('',#6126,10.);
#1769=VECTOR('',#6127,10.);
#1770=VECTOR('',#6128,10.);
#1771=VECTOR('',#6129,10.);
#1772=VECTOR('',#6130,10.);
#1773=VECTOR('',#6131,10.);
#1774=VECTOR('',#6132,10.);
#1775=VECTOR('',#6133,10.);
#1776=VECTOR('',#6136,10.);
#1777=VECTOR('',#6137,10.);
#1778=VECTOR('',#6142,10.);
#1779=VECTOR('',#6143,10.);
#1780=VECTOR('',#6144,10.);
#1781=VECTOR('',#6145,10.);
#1782=VECTOR('',#6146,10.);
#1783=VECTOR('',#6147,10.);
#1784=VECTOR('',#6148,10.);
#1785=VECTOR('',#6149,10.);
#1786=VECTOR('',#6150,10.);
#1787=VECTOR('',#6151,10.);
#1788=VECTOR('',#6152,10.);
#1789=VECTOR('',#6153,10.);
#1790=VECTOR('',#6154,10.);
#1791=VECTOR('',#6155,10.);
#1792=VECTOR('',#6156,10.);
#1793=VECTOR('',#6157,10.);
#1794=VECTOR('',#6158,10.);
#1795=VECTOR('',#6159,10.);
#1796=VECTOR('',#6160,10.);
#1797=VECTOR('',#6161,10.);
#1798=VECTOR('',#6162,10.);
#1799=VECTOR('',#6169,10.);
#1800=VECTOR('',#6170,10.);
#1801=VECTOR('',#6171,10.);
#1802=VECTOR('',#6172,10.);
#1803=VECTOR('',#6173,10.);
#1804=VECTOR('',#6174,10.);
#1805=VECTOR('',#6175,10.);
#1806=VECTOR('',#6176,10.);
#1807=VECTOR('',#6177,10.);
#1808=VECTOR('',#6178,10.);
#1809=VECTOR('',#6179,10.);
#1810=VECTOR('',#6180,10.);
#1811=VECTOR('',#6181,10.);
#1812=VECTOR('',#6182,10.);
#1813=VECTOR('',#6183,10.);
#1814=VECTOR('',#6184,10.);
#1815=VECTOR('',#6185,10.);
#1816=VECTOR('',#6188,10.);
#1817=VECTOR('',#6189,10.);
#1818=VECTOR('',#6190,10.);
#1819=VECTOR('',#6191,10.);
#1820=VECTOR('',#6192,10.);
#1821=VECTOR('',#6193,10.);
#1822=VECTOR('',#6194,10.);
#1823=VECTOR('',#6195,10.);
#1824=VECTOR('',#6196,10.);
#1825=VECTOR('',#6197,10.);
#1826=VECTOR('',#6198,10.);
#1827=VECTOR('',#6199,10.);
#1828=VECTOR('',#6200,10.);
#1829=VECTOR('',#6201,10.);
#1830=VECTOR('',#6202,10.);
#1831=VECTOR('',#6207,10.);
#1832=VECTOR('',#6208,10.);
#1833=VECTOR('',#6209,10.);
#1834=VECTOR('',#6210,10.);
#1835=VECTOR('',#6213,10.);
#1836=VECTOR('',#6214,10.);
#1837=VECTOR('',#6215,10.);
#1838=VECTOR('',#6218,10.);
#1839=VECTOR('',#6219,10.);
#1840=VECTOR('',#6220,10.);
#1841=VECTOR('',#6223,10.);
#1842=VECTOR('',#6224,10.);
#1843=VECTOR('',#6225,10.);
#1844=VECTOR('',#6228,10.);
#1845=VECTOR('',#6229,10.);
#1846=VECTOR('',#6230,10.);
#1847=VECTOR('',#6233,10.);
#1848=VECTOR('',#6234,10.);
#1849=VECTOR('',#6235,10.);
#1850=VECTOR('',#6238,10.);
#1851=VECTOR('',#6239,10.);
#1852=VECTOR('',#6240,10.);
#1853=VECTOR('',#6243,10.);
#1854=VECTOR('',#6244,10.);
#1855=VECTOR('',#6245,10.);
#1856=VECTOR('',#6248,10.);
#1857=VECTOR('',#6249,10.);
#1858=VECTOR('',#6250,10.);
#1859=VECTOR('',#6253,10.);
#1860=VECTOR('',#6254,10.);
#1861=VECTOR('',#6259,10.);
#1862=VECTOR('',#6260,10.);
#1863=VECTOR('',#6261,10.);
#1864=VECTOR('',#6262,10.);
#1865=VECTOR('',#6263,10.);
#1866=VECTOR('',#6264,10.);
#1867=VECTOR('',#6265,10.);
#1868=VECTOR('',#6266,10.);
#1869=VECTOR('',#6267,10.);
#1870=VECTOR('',#6268,10.);
#1871=VECTOR('',#6269,10.);
#1872=VECTOR('',#6270,10.);
#1873=VECTOR('',#6271,10.);
#1874=VECTOR('',#6272,10.);
#1875=VECTOR('',#6273,10.);
#1876=VECTOR('',#6274,10.);
#1877=VECTOR('',#6275,10.);
#1878=VECTOR('',#6278,10.);
#1879=VECTOR('',#6279,10.);
#1880=VECTOR('',#6280,10.);
#1881=VECTOR('',#6281,10.);
#1882=VECTOR('',#6282,10.);
#1883=VECTOR('',#6283,10.);
#1884=VECTOR('',#6284,10.);
#1885=VECTOR('',#6285,10.);
#1886=VECTOR('',#6286,10.);
#1887=VECTOR('',#6287,10.);
#1888=VECTOR('',#6288,10.);
#1889=VECTOR('',#6289,10.);
#1890=VECTOR('',#6290,10.);
#1891=VECTOR('',#6291,10.);
#1892=VECTOR('',#6292,10.);
#1893=VECTOR('',#6297,10.);
#1894=VECTOR('',#6298,10.);
#1895=VECTOR('',#6299,10.);
#1896=VECTOR('',#6300,10.);
#1897=VECTOR('',#6303,10.);
#1898=VECTOR('',#6304,10.);
#1899=VECTOR('',#6305,10.);
#1900=VECTOR('',#6308,10.);
#1901=VECTOR('',#6309,10.);
#1902=VECTOR('',#6310,10.);
#1903=VECTOR('',#6313,10.);
#1904=VECTOR('',#6314,10.);
#1905=VECTOR('',#6315,10.);
#1906=VECTOR('',#6318,10.);
#1907=VECTOR('',#6319,10.);
#1908=VECTOR('',#6320,10.);
#1909=VECTOR('',#6323,10.);
#1910=VECTOR('',#6324,10.);
#1911=VECTOR('',#6325,10.);
#1912=VECTOR('',#6328,10.);
#1913=VECTOR('',#6329,10.);
#1914=VECTOR('',#6330,10.);
#1915=VECTOR('',#6333,10.);
#1916=VECTOR('',#6334,10.);
#1917=VECTOR('',#6335,10.);
#1918=VECTOR('',#6338,10.);
#1919=VECTOR('',#6339,10.);
#1920=VECTOR('',#6340,10.);
#1921=VECTOR('',#6343,10.);
#1922=VECTOR('',#6344,10.);
#1923=VECTOR('',#6345,10.);
#1924=VECTOR('',#6348,10.);
#1925=VECTOR('',#6349,10.);
#1926=VECTOR('',#6350,10.);
#1927=VECTOR('',#6353,10.);
#1928=VECTOR('',#6354,10.);
#1929=VECTOR('',#6355,10.);
#1930=VECTOR('',#6358,10.);
#1931=VECTOR('',#6359,10.);
#1932=VECTOR('',#6364,10.);
#1933=VECTOR('',#6365,10.);
#1934=VECTOR('',#6366,10.);
#1935=VECTOR('',#6367,10.);
#1936=VECTOR('',#6368,10.);
#1937=VECTOR('',#6369,10.);
#1938=VECTOR('',#6370,10.);
#1939=VECTOR('',#6371,10.);
#1940=VECTOR('',#6372,10.);
#1941=VECTOR('',#6375,10.);
#1942=VECTOR('',#6376,10.);
#1943=VECTOR('',#6377,10.);
#1944=VECTOR('',#6380,10.);
#1945=VECTOR('',#6381,10.);
#1946=VECTOR('',#6384,10.);
#1947=VECTOR('',#6385,10.);
#1948=VECTOR('',#6386,10.);
#1949=VECTOR('',#6387,10.);
#1950=VECTOR('',#6390,10.);
#1951=VECTOR('',#6391,10.);
#1952=VECTOR('',#6392,10.);
#1953=VECTOR('',#6395,10.);
#1954=VECTOR('',#6396,10.);
#1955=VECTOR('',#6397,10.);
#1956=VECTOR('',#6398,10.);
#1957=VECTOR('',#6399,10.);
#1958=VECTOR('',#6400,10.);
#1959=VECTOR('',#6401,10.);
#1960=VECTOR('',#6402,10.);
#1961=VECTOR('',#6403,10.);
#1962=VECTOR('',#6404,10.);
#1963=VECTOR('',#6407,10.);
#1964=VECTOR('',#6408,10.);
#1965=VECTOR('',#6409,10.);
#1966=VECTOR('',#6410,10.);
#1967=VECTOR('',#6411,10.);
#1968=VECTOR('',#6412,10.);
#1969=VECTOR('',#6415,10.);
#1970=VECTOR('',#6416,10.);
#1971=VECTOR('',#6417,10.);
#1972=VECTOR('',#6420,10.);
#1973=VECTOR('',#6421,10.);
#1974=VECTOR('',#6428,10.);
#1975=VECTOR('',#6429,10.);
#1976=VECTOR('',#6430,10.);
#1977=VECTOR('',#6431,10.);
#1978=VECTOR('',#6434,10.);
#1979=VECTOR('',#6435,10.);
#1980=VECTOR('',#6436,10.);
#1981=VECTOR('',#6439,10.);
#1982=VECTOR('',#6440,10.);
#1983=VECTOR('',#6441,10.);
#1984=VECTOR('',#6444,10.);
#1985=VECTOR('',#6445,10.);
#1986=VECTOR('',#6450,10.);
#1987=VECTOR('',#6451,10.);
#1988=VECTOR('',#6452,10.);
#1989=VECTOR('',#6453,10.);
#1990=VECTOR('',#6456,10.);
#1991=VECTOR('',#6457,10.);
#1992=VECTOR('',#6458,10.);
#1993=VECTOR('',#6461,10.);
#1994=VECTOR('',#6462,10.);
#1995=VECTOR('',#6463,10.);
#1996=VECTOR('',#6466,10.);
#1997=VECTOR('',#6467,10.);
#1998=VECTOR('',#6468,10.);
#1999=VECTOR('',#6471,10.);
#2000=VECTOR('',#6472,10.);
#2001=VECTOR('',#6473,10.);
#2002=VECTOR('',#6476,10.);
#2003=VECTOR('',#6477,10.);
#2004=VECTOR('',#6478,10.);
#2005=VECTOR('',#6481,10.);
#2006=VECTOR('',#6482,10.);
#2007=VECTOR('',#6483,10.);
#2008=VECTOR('',#6486,10.);
#2009=VECTOR('',#6487,10.);
#2010=VECTOR('',#6488,10.);
#2011=VECTOR('',#6491,10.);
#2012=VECTOR('',#6492,10.);
#2013=VECTOR('',#6493,10.);
#2014=VECTOR('',#6496,10.);
#2015=VECTOR('',#6497,10.);
#2016=VECTOR('',#6498,10.);
#2017=VECTOR('',#6501,10.);
#2018=VECTOR('',#6502,10.);
#2019=VECTOR('',#6503,10.);
#2020=VECTOR('',#6506,10.);
#2021=VECTOR('',#6507,10.);
#2022=VECTOR('',#6512,10.);
#2023=VECTOR('',#6513,10.);
#2024=VECTOR('',#6514,10.);
#2025=VECTOR('',#6515,10.);
#2026=VECTOR('',#6518,10.);
#2027=VECTOR('',#6519,10.);
#2028=VECTOR('',#6520,10.);
#2029=VECTOR('',#6523,10.);
#2030=VECTOR('',#6524,10.);
#2031=VECTOR('',#6527,10.);
#2032=VECTOR('',#6528,10.);
#2033=VECTOR('',#6529,10.);
#2034=VECTOR('',#6530,10.);
#2035=VECTOR('',#6533,10.);
#2036=VECTOR('',#6534,10.);
#2037=VECTOR('',#6535,10.);
#2038=VECTOR('',#6538,10.);
#2039=VECTOR('',#6539,10.);
#2040=VECTOR('',#6540,10.);
#2041=VECTOR('',#6543,10.);
#2042=VECTOR('',#6544,10.);
#2043=VECTOR('',#6545,10.);
#2044=VECTOR('',#6548,10.);
#2045=VECTOR('',#6549,10.);
#2046=VECTOR('',#6550,10.);
#2047=VECTOR('',#6553,10.);
#2048=VECTOR('',#6554,10.);
#2049=VECTOR('',#6555,10.);
#2050=VECTOR('',#6558,10.);
#2051=VECTOR('',#6559,10.);
#2052=VECTOR('',#6560,10.);
#2053=VECTOR('',#6563,10.);
#2054=VECTOR('',#6564,10.);
#2055=VECTOR('',#6571,10.);
#2056=VECTOR('',#6572,10.);
#2057=VECTOR('',#6573,10.);
#2058=VECTOR('',#6574,10.);
#2059=VECTOR('',#6577,10.);
#2060=VECTOR('',#6578,10.);
#2061=VECTOR('',#6579,10.);
#2062=VECTOR('',#6582,10.);
#2063=VECTOR('',#6583,10.);
#2064=VECTOR('',#6584,10.);
#2065=VECTOR('',#6587,10.);
#2066=VECTOR('',#6588,10.);
#2067=VECTOR('',#6589,10.);
#2068=VECTOR('',#6592,10.);
#2069=VECTOR('',#6593,10.);
#2070=VECTOR('',#6594,10.);
#2071=VECTOR('',#6597,10.);
#2072=VECTOR('',#6598,10.);
#2073=VECTOR('',#6599,10.);
#2074=VECTOR('',#6602,10.);
#2075=VECTOR('',#6603,10.);
#2076=VECTOR('',#6604,10.);
#2077=VECTOR('',#6607,10.);
#2078=VECTOR('',#6608,10.);
#2079=VECTOR('',#6609,10.);
#2080=VECTOR('',#6612,10.);
#2081=VECTOR('',#6613,10.);
#2082=VECTOR('',#6614,10.);
#2083=VECTOR('',#6617,10.);
#2084=VECTOR('',#6618,10.);
#2085=VECTOR('',#6619,10.);
#2086=VECTOR('',#6622,10.);
#2087=VECTOR('',#6623,10.);
#2088=VECTOR('',#6624,10.);
#2089=VECTOR('',#6627,10.);
#2090=VECTOR('',#6628,10.);
#2091=VECTOR('',#6633,10.);
#2092=VECTOR('',#6634,10.);
#2093=VECTOR('',#6635,10.);
#2094=VECTOR('',#6636,10.);
#2095=VECTOR('',#6637,10.);
#2096=VECTOR('',#6638,10.);
#2097=VECTOR('',#6639,10.);
#2098=VECTOR('',#6640,10.);
#2099=VECTOR('',#6641,10.);
#2100=VECTOR('',#6642,10.);
#2101=VECTOR('',#6643,10.);
#2102=VECTOR('',#6644,10.);
#2103=VECTOR('',#6645,10.);
#2104=VECTOR('',#6648,10.);
#2105=VECTOR('',#6649,10.);
#2106=VECTOR('',#6650,10.);
#2107=VECTOR('',#6653,10.);
#2108=VECTOR('',#6654,10.);
#2109=VECTOR('',#6655,10.);
#2110=VECTOR('',#6658,10.);
#2111=VECTOR('',#6659,10.);
#2112=VECTOR('',#6660,10.);
#2113=VECTOR('',#6661,10.);
#2114=VECTOR('',#6662,10.);
#2115=VECTOR('',#6663,10.);
#2116=VECTOR('',#6664,10.);
#2117=VECTOR('',#6665,10.);
#2118=VECTOR('',#6666,10.);
#2119=VECTOR('',#6667,10.);
#2120=VECTOR('',#6668,10.);
#2121=VECTOR('',#6669,10.);
#2122=VECTOR('',#6674,10.);
#2123=VECTOR('',#6675,10.);
#2124=VECTOR('',#6676,10.);
#2125=VECTOR('',#6677,10.);
#2126=VECTOR('',#6680,10.);
#2127=VECTOR('',#6681,10.);
#2128=VECTOR('',#6682,10.);
#2129=VECTOR('',#6685,10.);
#2130=VECTOR('',#6686,10.);
#2131=VECTOR('',#6687,10.);
#2132=VECTOR('',#6690,10.);
#2133=VECTOR('',#6691,10.);
#2134=VECTOR('',#6692,10.);
#2135=VECTOR('',#6695,10.);
#2136=VECTOR('',#6696,10.);
#2137=VECTOR('',#6697,10.);
#2138=VECTOR('',#6700,10.);
#2139=VECTOR('',#6701,10.);
#2140=VECTOR('',#6702,10.);
#2141=VECTOR('',#6705,10.);
#2142=VECTOR('',#6706,10.);
#2143=VECTOR('',#6707,10.);
#2144=VECTOR('',#6710,10.);
#2145=VECTOR('',#6711,10.);
#2146=VECTOR('',#6712,10.);
#2147=VECTOR('',#6715,10.);
#2148=VECTOR('',#6716,10.);
#2149=VECTOR('',#6717,10.);
#2150=VECTOR('',#6720,10.);
#2151=VECTOR('',#6721,10.);
#2152=VECTOR('',#6722,10.);
#2153=VECTOR('',#6725,10.);
#2154=VECTOR('',#6726,10.);
#2155=VECTOR('',#6727,10.);
#2156=VECTOR('',#6730,10.);
#2157=VECTOR('',#6731,10.);
#2158=VECTOR('',#6736,10.);
#2159=VECTOR('',#6737,10.);
#2160=VECTOR('',#6738,10.);
#2161=VECTOR('',#6739,10.);
#2162=VECTOR('',#6740,10.);
#2163=VECTOR('',#6741,10.);
#2164=VECTOR('',#6742,10.);
#2165=VECTOR('',#6743,10.);
#2166=VECTOR('',#6744,10.);
#2167=VECTOR('',#6745,10.);
#2168=VECTOR('',#6748,10.);
#2169=VECTOR('',#6749,10.);
#2170=VECTOR('',#6750,10.);
#2171=VECTOR('',#6753,10.);
#2172=VECTOR('',#6754,10.);
#2173=VECTOR('',#6757,10.);
#2174=VECTOR('',#6758,10.);
#2175=VECTOR('',#6759,10.);
#2176=VECTOR('',#6760,10.);
#2177=VECTOR('',#6763,10.);
#2178=VECTOR('',#6764,10.);
#2179=VECTOR('',#6765,10.);
#2180=VECTOR('',#6768,10.);
#2181=VECTOR('',#6769,10.);
#2182=VECTOR('',#6770,10.);
#2183=VECTOR('',#6771,10.);
#2184=VECTOR('',#6772,10.);
#2185=VECTOR('',#6773,10.);
#2186=VECTOR('',#6774,10.);
#2187=VECTOR('',#6775,10.);
#2188=VECTOR('',#6776,10.);
#2189=VECTOR('',#6777,10.);
#2190=VECTOR('',#6778,10.);
#2191=VECTOR('',#6781,10.);
#2192=VECTOR('',#6782,10.);
#2193=VECTOR('',#6783,10.);
#2194=VECTOR('',#6786,10.);
#2195=VECTOR('',#6787,10.);
#2196=VECTOR('',#6794,10.);
#2197=VECTOR('',#6795,10.);
#2198=VECTOR('',#6796,10.);
#2199=VECTOR('',#6797,10.);
#2200=VECTOR('',#6798,10.);
#2201=VECTOR('',#6799,10.);
#2202=VECTOR('',#6800,10.);
#2203=VECTOR('',#6801,10.);
#2204=VECTOR('',#6802,10.);
#2205=VECTOR('',#6805,10.);
#2206=VECTOR('',#6806,10.);
#2207=VECTOR('',#6807,10.);
#2208=VECTOR('',#6810,10.);
#2209=VECTOR('',#6811,10.);
#2210=VECTOR('',#6814,10.);
#2211=VECTOR('',#6815,10.);
#2212=VECTOR('',#6816,10.);
#2213=VECTOR('',#6817,10.);
#2214=VECTOR('',#6820,10.);
#2215=VECTOR('',#6821,10.);
#2216=VECTOR('',#6822,10.);
#2217=VECTOR('',#6825,10.);
#2218=VECTOR('',#6826,10.);
#2219=VECTOR('',#6827,10.);
#2220=VECTOR('',#6828,10.);
#2221=VECTOR('',#6829,10.);
#2222=VECTOR('',#6830,10.);
#2223=VECTOR('',#6831,10.);
#2224=VECTOR('',#6832,10.);
#2225=VECTOR('',#6833,10.);
#2226=VECTOR('',#6834,10.);
#2227=VECTOR('',#6837,10.);
#2228=VECTOR('',#6838,10.);
#2229=VECTOR('',#6839,10.);
#2230=VECTOR('',#6840,10.);
#2231=VECTOR('',#6841,10.);
#2232=VECTOR('',#6842,10.);
#2233=VECTOR('',#6845,10.);
#2234=VECTOR('',#6846,10.);
#2235=VECTOR('',#6847,10.);
#2236=VECTOR('',#6850,10.);
#2237=VECTOR('',#6851,10.);
#2238=VECTOR('',#6860,10.);
#2239=VECTOR('',#6863,10.);
#2240=VECTOR('',#6866,10.);
#2241=VECTOR('',#6867,10.);
#2242=VECTOR('',#6868,10.);
#2243=VECTOR('',#6871,10.);
#2244=VECTOR('',#6874,10.);
#2245=VECTOR('',#6877,10.);
#2246=VECTOR('',#6880,10.);
#2247=VECTOR('',#6881,10.);
#2248=VECTOR('',#6882,10.);
#2249=VECTOR('',#6883,10.);
#2250=VECTOR('',#6894,10.);
#2251=VECTOR('',#6897,10.);
#2252=VECTOR('',#6900,10.);
#2253=VECTOR('',#6901,10.);
#2254=VECTOR('',#6906,10.);
#2255=VECTOR('',#6909,10.);
#2256=VECTOR('',#6914,10.);
#2257=VECTOR('',#6915,10.);
#2258=VECTOR('',#6924,10.);
#2259=VECTOR('',#6925,10.);
#2260=VECTOR('',#6926,10.);
#2261=VECTOR('',#6927,10.);
#2262=VECTOR('',#6930,2.65);
#2263=VECTOR('',#6939,2.65);
#2264=VECTOR('',#6948,2.65);
#2265=VECTOR('',#6957,2.65);
#2266=VECTOR('',#6966,1.5);
#2267=VECTOR('',#6969,1.5);
#2268=VECTOR('',#6972,1.5);
#2269=VECTOR('',#6975,1.5);
#2270=VERTEX_POINT('',#6998);
#2271=VERTEX_POINT('',#6999);
#2272=VERTEX_POINT('',#7001);
#2273=VERTEX_POINT('',#7003);
#2274=VERTEX_POINT('',#7016);
#2275=VERTEX_POINT('',#7022);
#2276=VERTEX_POINT('',#7039);
#2277=VERTEX_POINT('',#7045);
#2278=VERTEX_POINT('',#7062);
#2279=VERTEX_POINT('',#7068);
#2280=VERTEX_POINT('',#7085);
#2281=VERTEX_POINT('',#7091);
#2282=VERTEX_POINT('',#7108);
#2283=VERTEX_POINT('',#7114);
#2284=VERTEX_POINT('',#7131);
#2285=VERTEX_POINT('',#7137);
#2286=VERTEX_POINT('',#7154);
#2287=VERTEX_POINT('',#7160);
#2288=VERTEX_POINT('',#7168);
#2289=VERTEX_POINT('',#7170);
#2290=VERTEX_POINT('',#7177);
#2291=VERTEX_POINT('',#7178);
#2292=VERTEX_POINT('',#7180);
#2293=VERTEX_POINT('',#7182);
#2294=VERTEX_POINT('',#7186);
#2295=VERTEX_POINT('',#7188);
#2296=VERTEX_POINT('',#7201);
#2297=VERTEX_POINT('',#7207);
#2298=VERTEX_POINT('',#7224);
#2299=VERTEX_POINT('',#7230);
#2300=VERTEX_POINT('',#7247);
#2301=VERTEX_POINT('',#7253);
#2302=VERTEX_POINT('',#7270);
#2303=VERTEX_POINT('',#7276);
#2304=VERTEX_POINT('',#7293);
#2305=VERTEX_POINT('',#7299);
#2306=VERTEX_POINT('',#7316);
#2307=VERTEX_POINT('',#7322);
#2308=VERTEX_POINT('',#7339);
#2309=VERTEX_POINT('',#7345);
#2310=VERTEX_POINT('',#7362);
#2311=VERTEX_POINT('',#7368);
#2312=VERTEX_POINT('',#7385);
#2313=VERTEX_POINT('',#7391);
#2314=VERTEX_POINT('',#7408);
#2315=VERTEX_POINT('',#7414);
#2316=VERTEX_POINT('',#7436);
#2317=VERTEX_POINT('',#7437);
#2318=VERTEX_POINT('',#7443);
#2319=VERTEX_POINT('',#7445);
#2320=VERTEX_POINT('',#7462);
#2321=VERTEX_POINT('',#7468);
#2322=VERTEX_POINT('',#7485);
#2323=VERTEX_POINT('',#7491);
#2324=VERTEX_POINT('',#7508);
#2325=VERTEX_POINT('',#7514);
#2326=VERTEX_POINT('',#7531);
#2327=VERTEX_POINT('',#7537);
#2328=VERTEX_POINT('',#7554);
#2329=VERTEX_POINT('',#7560);
#2330=VERTEX_POINT('',#7577);
#2331=VERTEX_POINT('',#7583);
#2332=VERTEX_POINT('',#7600);
#2333=VERTEX_POINT('',#7606);
#2334=VERTEX_POINT('',#7643);
#2335=VERTEX_POINT('',#7644);
#2336=VERTEX_POINT('',#7650);
#2337=VERTEX_POINT('',#7652);
#2338=VERTEX_POINT('',#7669);
#2339=VERTEX_POINT('',#7675);
#2340=VERTEX_POINT('',#7692);
#2341=VERTEX_POINT('',#7698);
#2342=VERTEX_POINT('',#7715);
#2343=VERTEX_POINT('',#7721);
#2344=VERTEX_POINT('',#7738);
#2345=VERTEX_POINT('',#7744);
#2346=VERTEX_POINT('',#7761);
#2347=VERTEX_POINT('',#7767);
#2348=VERTEX_POINT('',#7784);
#2349=VERTEX_POINT('',#7790);
#2350=VERTEX_POINT('',#7807);
#2351=VERTEX_POINT('',#7813);
#2352=VERTEX_POINT('',#7830);
#2353=VERTEX_POINT('',#7836);
#2354=VERTEX_POINT('',#7853);
#2355=VERTEX_POINT('',#7859);
#2356=VERTEX_POINT('',#7876);
#2357=VERTEX_POINT('',#7882);
#2358=VERTEX_POINT('',#7912);
#2359=VERTEX_POINT('',#7913);
#2360=VERTEX_POINT('',#7915);
#2361=VERTEX_POINT('',#7917);
#2362=VERTEX_POINT('',#7930);
#2363=VERTEX_POINT('',#7936);
#2364=VERTEX_POINT('',#7953);
#2365=VERTEX_POINT('',#7959);
#2366=VERTEX_POINT('',#7976);
#2367=VERTEX_POINT('',#7982);
#2368=VERTEX_POINT('',#7999);
#2369=VERTEX_POINT('',#8005);
#2370=VERTEX_POINT('',#8022);
#2371=VERTEX_POINT('',#8028);
#2372=VERTEX_POINT('',#8045);
#2373=VERTEX_POINT('',#8051);
#2374=VERTEX_POINT('',#8068);
#2375=VERTEX_POINT('',#8074);
#2376=VERTEX_POINT('',#8091);
#2377=VERTEX_POINT('',#8097);
#2378=VERTEX_POINT('',#8114);
#2379=VERTEX_POINT('',#8120);
#2380=VERTEX_POINT('',#8137);
#2381=VERTEX_POINT('',#8143);
#2382=VERTEX_POINT('',#8160);
#2383=VERTEX_POINT('',#8166);
#2384=VERTEX_POINT('',#8183);
#2385=VERTEX_POINT('',#8189);
#2386=VERTEX_POINT('',#8206);
#2387=VERTEX_POINT('',#8212);
#2388=VERTEX_POINT('',#8220);
#2389=VERTEX_POINT('',#8222);
#2390=VERTEX_POINT('',#8235);
#2391=VERTEX_POINT('',#8241);
#2392=VERTEX_POINT('',#8258);
#2393=VERTEX_POINT('',#8264);
#2394=VERTEX_POINT('',#8281);
#2395=VERTEX_POINT('',#8287);
#2396=VERTEX_POINT('',#8304);
#2397=VERTEX_POINT('',#8310);
#2398=VERTEX_POINT('',#8327);
#2399=VERTEX_POINT('',#8333);
#2400=VERTEX_POINT('',#8350);
#2401=VERTEX_POINT('',#8356);
#2402=VERTEX_POINT('',#8373);
#2403=VERTEX_POINT('',#8379);
#2404=VERTEX_POINT('',#8396);
#2405=VERTEX_POINT('',#8402);
#2406=VERTEX_POINT('',#8419);
#2407=VERTEX_POINT('',#8425);
#2408=VERTEX_POINT('',#8442);
#2409=VERTEX_POINT('',#8448);
#2410=VERTEX_POINT('',#8465);
#2411=VERTEX_POINT('',#8471);
#2412=VERTEX_POINT('',#8488);
#2413=VERTEX_POINT('',#8494);
#2414=VERTEX_POINT('',#8523);
#2415=VERTEX_POINT('',#8524);
#2416=VERTEX_POINT('',#8526);
#2417=VERTEX_POINT('',#8528);
#2418=VERTEX_POINT('',#8532);
#2419=VERTEX_POINT('',#8534);
#2420=VERTEX_POINT('',#8538);
#2421=VERTEX_POINT('',#8540);
#2422=VERTEX_POINT('',#8544);
#2423=VERTEX_POINT('',#8546);
#2424=VERTEX_POINT('',#8550);
#2425=VERTEX_POINT('',#8552);
#2426=VERTEX_POINT('',#8556);
#2427=VERTEX_POINT('',#8558);
#2428=VERTEX_POINT('',#8562);
#2429=VERTEX_POINT('',#8564);
#2430=VERTEX_POINT('',#8568);
#2431=VERTEX_POINT('',#8570);
#2432=VERTEX_POINT('',#8574);
#2433=VERTEX_POINT('',#8576);
#2434=VERTEX_POINT('',#8584);
#2435=VERTEX_POINT('',#8585);
#2436=VERTEX_POINT('',#8587);
#2437=VERTEX_POINT('',#8589);
#2438=VERTEX_POINT('',#8602);
#2439=VERTEX_POINT('',#8608);
#2440=VERTEX_POINT('',#8625);
#2441=VERTEX_POINT('',#8631);
#2442=VERTEX_POINT('',#8648);
#2443=VERTEX_POINT('',#8654);
#2444=VERTEX_POINT('',#8671);
#2445=VERTEX_POINT('',#8677);
#2446=VERTEX_POINT('',#8694);
#2447=VERTEX_POINT('',#8700);
#2448=VERTEX_POINT('',#8717);
#2449=VERTEX_POINT('',#8723);
#2450=VERTEX_POINT('',#8740);
#2451=VERTEX_POINT('',#8746);
#2452=VERTEX_POINT('',#8763);
#2453=VERTEX_POINT('',#8769);
#2454=VERTEX_POINT('',#8786);
#2455=VERTEX_POINT('',#8792);
#2456=VERTEX_POINT('',#8809);
#2457=VERTEX_POINT('',#8815);
#2458=VERTEX_POINT('',#8832);
#2459=VERTEX_POINT('',#8838);
#2460=VERTEX_POINT('',#8855);
#2461=VERTEX_POINT('',#8861);
#2462=VERTEX_POINT('',#8878);
#2463=VERTEX_POINT('',#8884);
#2464=VERTEX_POINT('',#8892);
#2465=VERTEX_POINT('',#8894);
#2466=VERTEX_POINT('',#8907);
#2467=VERTEX_POINT('',#8913);
#2468=VERTEX_POINT('',#8930);
#2469=VERTEX_POINT('',#8936);
#2470=VERTEX_POINT('',#8953);
#2471=VERTEX_POINT('',#8959);
#2472=VERTEX_POINT('',#8976);
#2473=VERTEX_POINT('',#8982);
#2474=VERTEX_POINT('',#8999);
#2475=VERTEX_POINT('',#9005);
#2476=VERTEX_POINT('',#9022);
#2477=VERTEX_POINT('',#9028);
#2478=VERTEX_POINT('',#9045);
#2479=VERTEX_POINT('',#9051);
#2480=VERTEX_POINT('',#9068);
#2481=VERTEX_POINT('',#9074);
#2482=VERTEX_POINT('',#9091);
#2483=VERTEX_POINT('',#9097);
#2484=VERTEX_POINT('',#9114);
#2485=VERTEX_POINT('',#9120);
#2486=VERTEX_POINT('',#9137);
#2487=VERTEX_POINT('',#9143);
#2488=VERTEX_POINT('',#9160);
#2489=VERTEX_POINT('',#9166);
#2490=VERTEX_POINT('',#9195);
#2491=VERTEX_POINT('',#9196);
#2492=VERTEX_POINT('',#9198);
#2493=VERTEX_POINT('',#9200);
#2494=VERTEX_POINT('',#9204);
#2495=VERTEX_POINT('',#9206);
#2496=VERTEX_POINT('',#9210);
#2497=VERTEX_POINT('',#9212);
#2498=VERTEX_POINT('',#9216);
#2499=VERTEX_POINT('',#9218);
#2500=VERTEX_POINT('',#9222);
#2501=VERTEX_POINT('',#9224);
#2502=VERTEX_POINT('',#9228);
#2503=VERTEX_POINT('',#9230);
#2504=VERTEX_POINT('',#9234);
#2505=VERTEX_POINT('',#9236);
#2506=VERTEX_POINT('',#9240);
#2507=VERTEX_POINT('',#9242);
#2508=VERTEX_POINT('',#9246);
#2509=VERTEX_POINT('',#9248);
#2510=VERTEX_POINT('',#9252);
#2511=VERTEX_POINT('',#9254);
#2512=VERTEX_POINT('',#9258);
#2513=VERTEX_POINT('',#9260);
#2514=VERTEX_POINT('',#9264);
#2515=VERTEX_POINT('',#9266);
#2516=VERTEX_POINT('',#9274);
#2517=VERTEX_POINT('',#9275);
#2518=VERTEX_POINT('',#9277);
#2519=VERTEX_POINT('',#9279);
#2520=VERTEX_POINT('',#9292);
#2521=VERTEX_POINT('',#9298);
#2522=VERTEX_POINT('',#9315);
#2523=VERTEX_POINT('',#9321);
#2524=VERTEX_POINT('',#9338);
#2525=VERTEX_POINT('',#9344);
#2526=VERTEX_POINT('',#9361);
#2527=VERTEX_POINT('',#9367);
#2528=VERTEX_POINT('',#9384);
#2529=VERTEX_POINT('',#9390);
#2530=VERTEX_POINT('',#9398);
#2531=VERTEX_POINT('',#9400);
#2532=VERTEX_POINT('',#9407);
#2533=VERTEX_POINT('',#9408);
#2534=VERTEX_POINT('',#9410);
#2535=VERTEX_POINT('',#9412);
#2536=VERTEX_POINT('',#9416);
#2537=VERTEX_POINT('',#9418);
#2538=VERTEX_POINT('',#9422);
#2539=VERTEX_POINT('',#9424);
#2540=VERTEX_POINT('',#9437);
#2541=VERTEX_POINT('',#9443);
#2542=VERTEX_POINT('',#9460);
#2543=VERTEX_POINT('',#9466);
#2544=VERTEX_POINT('',#9483);
#2545=VERTEX_POINT('',#9489);
#2546=VERTEX_POINT('',#9506);
#2547=VERTEX_POINT('',#9512);
#2548=VERTEX_POINT('',#9529);
#2549=VERTEX_POINT('',#9535);
#2550=VERTEX_POINT('',#9552);
#2551=VERTEX_POINT('',#9558);
#2552=VERTEX_POINT('',#9575);
#2553=VERTEX_POINT('',#9581);
#2554=VERTEX_POINT('',#9589);
#2555=VERTEX_POINT('',#9591);
#2556=VERTEX_POINT('',#9604);
#2557=VERTEX_POINT('',#9610);
#2558=VERTEX_POINT('',#9627);
#2559=VERTEX_POINT('',#9633);
#2560=VERTEX_POINT('',#9650);
#2561=VERTEX_POINT('',#9656);
#2562=VERTEX_POINT('',#9664);
#2563=VERTEX_POINT('',#9666);
#2564=VERTEX_POINT('',#9675);
#2565=VERTEX_POINT('',#9676);
#2566=VERTEX_POINT('',#9678);
#2567=VERTEX_POINT('',#9680);
#2568=VERTEX_POINT('',#9684);
#2569=VERTEX_POINT('',#9686);
#2570=VERTEX_POINT('',#9690);
#2571=VERTEX_POINT('',#9692);
#2572=VERTEX_POINT('',#9700);
#2573=VERTEX_POINT('',#9701);
#2574=VERTEX_POINT('',#9703);
#2575=VERTEX_POINT('',#9705);
#2576=VERTEX_POINT('',#9709);
#2577=VERTEX_POINT('',#9711);
#2578=VERTEX_POINT('',#9715);
#2579=VERTEX_POINT('',#9717);
#2580=VERTEX_POINT('',#9721);
#2581=VERTEX_POINT('',#9723);
#2582=VERTEX_POINT('',#9727);
#2583=VERTEX_POINT('',#9729);
#2584=VERTEX_POINT('',#9733);
#2585=VERTEX_POINT('',#9735);
#2586=VERTEX_POINT('',#9739);
#2587=VERTEX_POINT('',#9741);
#2588=VERTEX_POINT('',#9745);
#2589=VERTEX_POINT('',#9747);
#2590=VERTEX_POINT('',#9751);
#2591=VERTEX_POINT('',#9753);
#2592=VERTEX_POINT('',#9757);
#2593=VERTEX_POINT('',#9759);
#2594=VERTEX_POINT('',#9763);
#2595=VERTEX_POINT('',#9765);
#2596=VERTEX_POINT('',#9773);
#2597=VERTEX_POINT('',#9774);
#2598=VERTEX_POINT('',#9776);
#2599=VERTEX_POINT('',#9778);
#2600=VERTEX_POINT('',#9782);
#2601=VERTEX_POINT('',#9784);
#2602=VERTEX_POINT('',#9791);
#2603=VERTEX_POINT('',#9792);
#2604=VERTEX_POINT('',#9794);
#2605=VERTEX_POINT('',#9796);
#2606=VERTEX_POINT('',#9800);
#2607=VERTEX_POINT('',#9802);
#2608=VERTEX_POINT('',#9806);
#2609=VERTEX_POINT('',#9808);
#2610=VERTEX_POINT('',#9812);
#2611=VERTEX_POINT('',#9814);
#2612=VERTEX_POINT('',#9818);
#2613=VERTEX_POINT('',#9820);
#2614=VERTEX_POINT('',#9824);
#2615=VERTEX_POINT('',#9826);
#2616=VERTEX_POINT('',#9830);
#2617=VERTEX_POINT('',#9832);
#2618=VERTEX_POINT('',#9841);
#2619=VERTEX_POINT('',#9842);
#2620=VERTEX_POINT('',#9844);
#2621=VERTEX_POINT('',#9846);
#2622=VERTEX_POINT('',#9850);
#2623=VERTEX_POINT('',#9852);
#2624=VERTEX_POINT('',#9856);
#2625=VERTEX_POINT('',#9858);
#2626=VERTEX_POINT('',#9862);
#2627=VERTEX_POINT('',#9864);
#2628=VERTEX_POINT('',#9868);
#2629=VERTEX_POINT('',#9870);
#2630=VERTEX_POINT('',#9874);
#2631=VERTEX_POINT('',#9876);
#2632=VERTEX_POINT('',#9880);
#2633=VERTEX_POINT('',#9882);
#2634=VERTEX_POINT('',#9886);
#2635=VERTEX_POINT('',#9888);
#2636=VERTEX_POINT('',#9892);
#2637=VERTEX_POINT('',#9894);
#2638=VERTEX_POINT('',#9898);
#2639=VERTEX_POINT('',#9900);
#2640=VERTEX_POINT('',#9904);
#2641=VERTEX_POINT('',#9906);
#2642=VERTEX_POINT('',#9914);
#2643=VERTEX_POINT('',#9915);
#2644=VERTEX_POINT('',#9917);
#2645=VERTEX_POINT('',#9919);
#2646=VERTEX_POINT('',#9932);
#2647=VERTEX_POINT('',#9938);
#2648=VERTEX_POINT('',#9955);
#2649=VERTEX_POINT('',#9961);
#2650=VERTEX_POINT('',#9978);
#2651=VERTEX_POINT('',#9984);
#2652=VERTEX_POINT('',#10001);
#2653=VERTEX_POINT('',#10007);
#2654=VERTEX_POINT('',#10024);
#2655=VERTEX_POINT('',#10030);
#2656=VERTEX_POINT('',#10047);
#2657=VERTEX_POINT('',#10053);
#2658=VERTEX_POINT('',#10070);
#2659=VERTEX_POINT('',#10076);
#2660=VERTEX_POINT('',#10093);
#2661=VERTEX_POINT('',#10099);
#2662=VERTEX_POINT('',#10116);
#2663=VERTEX_POINT('',#10122);
#2664=VERTEX_POINT('',#10130);
#2665=VERTEX_POINT('',#10132);
#2666=VERTEX_POINT('',#10136);
#2667=VERTEX_POINT('',#10138);
#2668=VERTEX_POINT('',#10142);
#2669=VERTEX_POINT('',#10144);
#2670=VERTEX_POINT('',#10157);
#2671=VERTEX_POINT('',#10163);
#2672=VERTEX_POINT('',#10180);
#2673=VERTEX_POINT('',#10186);
#2674=VERTEX_POINT('',#10203);
#2675=VERTEX_POINT('',#10209);
#2676=VERTEX_POINT('',#10226);
#2677=VERTEX_POINT('',#10232);
#2678=VERTEX_POINT('',#10249);
#2679=VERTEX_POINT('',#10255);
#2680=VERTEX_POINT('',#10272);
#2681=VERTEX_POINT('',#10278);
#2682=VERTEX_POINT('',#10295);
#2683=VERTEX_POINT('',#10301);
#2684=VERTEX_POINT('',#10318);
#2685=VERTEX_POINT('',#10324);
#2686=VERTEX_POINT('',#10341);
#2687=VERTEX_POINT('',#10347);
#2688=VERTEX_POINT('',#10376);
#2689=VERTEX_POINT('',#10377);
#2690=VERTEX_POINT('',#10379);
#2691=VERTEX_POINT('',#10381);
#2692=VERTEX_POINT('',#10385);
#2693=VERTEX_POINT('',#10387);
#2694=VERTEX_POINT('',#10391);
#2695=VERTEX_POINT('',#10393);
#2696=VERTEX_POINT('',#10397);
#2697=VERTEX_POINT('',#10399);
#2698=VERTEX_POINT('',#10403);
#2699=VERTEX_POINT('',#10405);
#2700=VERTEX_POINT('',#10409);
#2701=VERTEX_POINT('',#10411);
#2702=VERTEX_POINT('',#10415);
#2703=VERTEX_POINT('',#10417);
#2704=VERTEX_POINT('',#10421);
#2705=VERTEX_POINT('',#10423);
#2706=VERTEX_POINT('',#10427);
#2707=VERTEX_POINT('',#10429);
#2708=VERTEX_POINT('',#10433);
#2709=VERTEX_POINT('',#10435);
#2710=VERTEX_POINT('',#10439);
#2711=VERTEX_POINT('',#10441);
#2712=VERTEX_POINT('',#10449);
#2713=VERTEX_POINT('',#10450);
#2714=VERTEX_POINT('',#10452);
#2715=VERTEX_POINT('',#10454);
#2716=VERTEX_POINT('',#10467);
#2717=VERTEX_POINT('',#10473);
#2718=VERTEX_POINT('',#10490);
#2719=VERTEX_POINT('',#10496);
#2720=VERTEX_POINT('',#10513);
#2721=VERTEX_POINT('',#10519);
#2722=VERTEX_POINT('',#10536);
#2723=VERTEX_POINT('',#10542);
#2724=VERTEX_POINT('',#10559);
#2725=VERTEX_POINT('',#10565);
#2726=VERTEX_POINT('',#10582);
#2727=VERTEX_POINT('',#10588);
#2728=VERTEX_POINT('',#10596);
#2729=VERTEX_POINT('',#10598);
#2730=VERTEX_POINT('',#10605);
#2731=VERTEX_POINT('',#10606);
#2732=VERTEX_POINT('',#10608);
#2733=VERTEX_POINT('',#10610);
#2734=VERTEX_POINT('',#10614);
#2735=VERTEX_POINT('',#10616);
#2736=VERTEX_POINT('',#10620);
#2737=VERTEX_POINT('',#10622);
#2738=VERTEX_POINT('',#10635);
#2739=VERTEX_POINT('',#10641);
#2740=VERTEX_POINT('',#10658);
#2741=VERTEX_POINT('',#10664);
#2742=VERTEX_POINT('',#10681);
#2743=VERTEX_POINT('',#10687);
#2744=VERTEX_POINT('',#10704);
#2745=VERTEX_POINT('',#10710);
#2746=VERTEX_POINT('',#10727);
#2747=VERTEX_POINT('',#10733);
#2748=VERTEX_POINT('',#10750);
#2749=VERTEX_POINT('',#10756);
#2750=VERTEX_POINT('',#10773);
#2751=VERTEX_POINT('',#10779);
#2752=VERTEX_POINT('',#10796);
#2753=VERTEX_POINT('',#10802);
#2754=VERTEX_POINT('',#10810);
#2755=VERTEX_POINT('',#10812);
#2756=VERTEX_POINT('',#10821);
#2757=VERTEX_POINT('',#10822);
#2758=VERTEX_POINT('',#10824);
#2759=VERTEX_POINT('',#10826);
#2760=VERTEX_POINT('',#10839);
#2761=VERTEX_POINT('',#10845);
#2762=VERTEX_POINT('',#10862);
#2763=VERTEX_POINT('',#10868);
#2764=VERTEX_POINT('',#10885);
#2765=VERTEX_POINT('',#10891);
#2766=VERTEX_POINT('',#10908);
#2767=VERTEX_POINT('',#10914);
#2768=VERTEX_POINT('',#10931);
#2769=VERTEX_POINT('',#10937);
#2770=VERTEX_POINT('',#10945);
#2771=VERTEX_POINT('',#10947);
#2772=VERTEX_POINT('',#10954);
#2773=VERTEX_POINT('',#10955);
#2774=VERTEX_POINT('',#10957);
#2775=VERTEX_POINT('',#10959);
#2776=VERTEX_POINT('',#10963);
#2777=VERTEX_POINT('',#10965);
#2778=VERTEX_POINT('',#10969);
#2779=VERTEX_POINT('',#10971);
#2780=VERTEX_POINT('',#10984);
#2781=VERTEX_POINT('',#10990);
#2782=VERTEX_POINT('',#11007);
#2783=VERTEX_POINT('',#11013);
#2784=VERTEX_POINT('',#11030);
#2785=VERTEX_POINT('',#11036);
#2786=VERTEX_POINT('',#11053);
#2787=VERTEX_POINT('',#11059);
#2788=VERTEX_POINT('',#11076);
#2789=VERTEX_POINT('',#11082);
#2790=VERTEX_POINT('',#11099);
#2791=VERTEX_POINT('',#11105);
#2792=VERTEX_POINT('',#11122);
#2793=VERTEX_POINT('',#11128);
#2794=VERTEX_POINT('',#11136);
#2795=VERTEX_POINT('',#11138);
#2796=VERTEX_POINT('',#11151);
#2797=VERTEX_POINT('',#11157);
#2798=VERTEX_POINT('',#11174);
#2799=VERTEX_POINT('',#11180);
#2800=VERTEX_POINT('',#11197);
#2801=VERTEX_POINT('',#11203);
#2802=VERTEX_POINT('',#11211);
#2803=VERTEX_POINT('',#11213);
#2804=VERTEX_POINT('',#11222);
#2805=VERTEX_POINT('',#11223);
#2806=VERTEX_POINT('',#11225);
#2807=VERTEX_POINT('',#11227);
#2808=VERTEX_POINT('',#11231);
#2809=VERTEX_POINT('',#11233);
#2810=VERTEX_POINT('',#11237);
#2811=VERTEX_POINT('',#11239);
#2812=VERTEX_POINT('',#11241);
#2813=VERTEX_POINT('',#11243);
#2814=VERTEX_POINT('',#11245);
#2815=VERTEX_POINT('',#11248);
#2816=VERTEX_POINT('',#11249);
#2817=VERTEX_POINT('',#11251);
#2818=VERTEX_POINT('',#11253);
#2819=VERTEX_POINT('',#11256);
#2820=VERTEX_POINT('',#11258);
#2821=VERTEX_POINT('',#11260);
#2822=VERTEX_POINT('',#11262);
#2823=VERTEX_POINT('',#11265);
#2824=VERTEX_POINT('',#11267);
#2825=VERTEX_POINT('',#11271);
#2826=VERTEX_POINT('',#11275);
#2827=VERTEX_POINT('',#11279);
#2828=VERTEX_POINT('',#11285);
#2829=VERTEX_POINT('',#11287);
#2830=VERTEX_POINT('',#11289);
#2831=VERTEX_POINT('',#11291);
#2832=VERTEX_POINT('',#11293);
#2833=VERTEX_POINT('',#11294);
#2834=VERTEX_POINT('',#11296);
#2835=VERTEX_POINT('',#11298);
#2836=VERTEX_POINT('',#11302);
#2837=VERTEX_POINT('',#11306);
#2838=VERTEX_POINT('',#11309);
#2839=VERTEX_POINT('',#11313);
#2840=VERTEX_POINT('',#11316);
#2841=VERTEX_POINT('',#11320);
#2842=VERTEX_POINT('',#11323);
#2843=VERTEX_POINT('',#11327);
#2844=EDGE_CURVE('',#2270,#2271,#1216,.T.);
#2845=EDGE_CURVE('',#2270,#2272,#1217,.T.);
#2846=EDGE_CURVE('',#2273,#2272,#1218,.T.);
#2847=EDGE_CURVE('',#2271,#2273,#1219,.T.);
#2848=EDGE_CURVE('',#2271,#2274,#94,.T.);
#2849=EDGE_CURVE('',#2275,#2273,#95,.T.);
#2850=EDGE_CURVE('',#2274,#2275,#1220,.T.);
#2851=EDGE_CURVE('',#2274,#2276,#96,.T.);
#2852=EDGE_CURVE('',#2277,#2275,#97,.T.);
#2853=EDGE_CURVE('',#2276,#2277,#1221,.T.);
#2854=EDGE_CURVE('',#2276,#2278,#98,.T.);
#2855=EDGE_CURVE('',#2279,#2277,#99,.T.);
#2856=EDGE_CURVE('',#2278,#2279,#1222,.T.);
#2857=EDGE_CURVE('',#2278,#2280,#100,.T.);
#2858=EDGE_CURVE('',#2281,#2279,#101,.T.);
#2859=EDGE_CURVE('',#2280,#2281,#1223,.T.);
#2860=EDGE_CURVE('',#2280,#2282,#102,.T.);
#2861=EDGE_CURVE('',#2283,#2281,#103,.T.);
#2862=EDGE_CURVE('',#2282,#2283,#1224,.T.);
#2863=EDGE_CURVE('',#2282,#2284,#104,.T.);
#2864=EDGE_CURVE('',#2285,#2283,#105,.T.);
#2865=EDGE_CURVE('',#2284,#2285,#1225,.T.);
#2866=EDGE_CURVE('',#2284,#2286,#106,.T.);
#2867=EDGE_CURVE('',#2287,#2285,#107,.T.);
#2868=EDGE_CURVE('',#2286,#2287,#1226,.T.);
#2869=EDGE_CURVE('',#2286,#2288,#1227,.T.);
#2870=EDGE_CURVE('',#2289,#2287,#1228,.T.);
#2871=EDGE_CURVE('',#2288,#2289,#1229,.T.);
#2872=EDGE_CURVE('',#2288,#2270,#1230,.T.);
#2873=EDGE_CURVE('',#2272,#2289,#1231,.T.);
#2874=EDGE_CURVE('',#2290,#2291,#1232,.T.);
#2875=EDGE_CURVE('',#2290,#2292,#1233,.T.);
#2876=EDGE_CURVE('',#2293,#2292,#1234,.T.);
#2877=EDGE_CURVE('',#2291,#2293,#1235,.T.);
#2878=EDGE_CURVE('',#2291,#2294,#1236,.T.);
#2879=EDGE_CURVE('',#2295,#2293,#1237,.T.);
#2880=EDGE_CURVE('',#2294,#2295,#1238,.T.);
#2881=EDGE_CURVE('',#2294,#2296,#108,.T.);
#2882=EDGE_CURVE('',#2297,#2295,#109,.T.);
#2883=EDGE_CURVE('',#2296,#2297,#1239,.T.);
#2884=EDGE_CURVE('',#2296,#2298,#110,.T.);
#2885=EDGE_CURVE('',#2299,#2297,#111,.T.);
#2886=EDGE_CURVE('',#2298,#2299,#1240,.T.);
#2887=EDGE_CURVE('',#2298,#2300,#112,.T.);
#2888=EDGE_CURVE('',#2301,#2299,#113,.T.);
#2889=EDGE_CURVE('',#2300,#2301,#1241,.T.);
#2890=EDGE_CURVE('',#2300,#2302,#114,.T.);
#2891=EDGE_CURVE('',#2303,#2301,#115,.T.);
#2892=EDGE_CURVE('',#2302,#2303,#1242,.T.);
#2893=EDGE_CURVE('',#2302,#2304,#116,.T.);
#2894=EDGE_CURVE('',#2305,#2303,#117,.T.);
#2895=EDGE_CURVE('',#2304,#2305,#1243,.T.);
#2896=EDGE_CURVE('',#2304,#2306,#118,.T.);
#2897=EDGE_CURVE('',#2307,#2305,#119,.T.);
#2898=EDGE_CURVE('',#2306,#2307,#1244,.T.);
#2899=EDGE_CURVE('',#2306,#2308,#120,.T.);
#2900=EDGE_CURVE('',#2309,#2307,#121,.T.);
#2901=EDGE_CURVE('',#2308,#2309,#1245,.T.);
#2902=EDGE_CURVE('',#2308,#2310,#122,.T.);
#2903=EDGE_CURVE('',#2311,#2309,#123,.T.);
#2904=EDGE_CURVE('',#2310,#2311,#1246,.T.);
#2905=EDGE_CURVE('',#2310,#2312,#124,.T.);
#2906=EDGE_CURVE('',#2313,#2311,#125,.T.);
#2907=EDGE_CURVE('',#2312,#2313,#1247,.T.);
#2908=EDGE_CURVE('',#2312,#2314,#126,.T.);
#2909=EDGE_CURVE('',#2315,#2313,#127,.T.);
#2910=EDGE_CURVE('',#2314,#2315,#1248,.T.);
#2911=EDGE_CURVE('',#2314,#2290,#1249,.T.);
#2912=EDGE_CURVE('',#2292,#2315,#1250,.T.);
#2913=EDGE_CURVE('',#2316,#2317,#128,.T.);
#2914=EDGE_CURVE('',#2316,#2318,#1251,.T.);
#2915=EDGE_CURVE('',#2319,#2318,#129,.T.);
#2916=EDGE_CURVE('',#2317,#2319,#1252,.T.);
#2917=EDGE_CURVE('',#2317,#2320,#130,.T.);
#2918=EDGE_CURVE('',#2321,#2319,#131,.T.);
#2919=EDGE_CURVE('',#2320,#2321,#1253,.T.);
#2920=EDGE_CURVE('',#2320,#2322,#132,.T.);
#2921=EDGE_CURVE('',#2323,#2321,#133,.T.);
#2922=EDGE_CURVE('',#2322,#2323,#1254,.T.);
#2923=EDGE_CURVE('',#2322,#2324,#134,.T.);
#2924=EDGE_CURVE('',#2325,#2323,#135,.T.);
#2925=EDGE_CURVE('',#2324,#2325,#1255,.T.);
#2926=EDGE_CURVE('',#2324,#2326,#136,.T.);
#2927=EDGE_CURVE('',#2327,#2325,#137,.T.);
#2928=EDGE_CURVE('',#2326,#2327,#1256,.T.);
#2929=EDGE_CURVE('',#2326,#2328,#138,.T.);
#2930=EDGE_CURVE('',#2329,#2327,#139,.T.);
#2931=EDGE_CURVE('',#2328,#2329,#1257,.T.);
#2932=EDGE_CURVE('',#2328,#2330,#140,.T.);
#2933=EDGE_CURVE('',#2331,#2329,#141,.T.);
#2934=EDGE_CURVE('',#2330,#2331,#1258,.T.);
#2935=EDGE_CURVE('',#2330,#2332,#142,.T.);
#2936=EDGE_CURVE('',#2333,#2331,#143,.T.);
#2937=EDGE_CURVE('',#2332,#2333,#1259,.T.);
#2938=EDGE_CURVE('',#2332,#2316,#144,.T.);
#2939=EDGE_CURVE('',#2318,#2333,#145,.T.);
#2940=EDGE_CURVE('',#2334,#2335,#146,.T.);
#2941=EDGE_CURVE('',#2334,#2336,#1260,.T.);
#2942=EDGE_CURVE('',#2337,#2336,#147,.T.);
#2943=EDGE_CURVE('',#2335,#2337,#1261,.T.);
#2944=EDGE_CURVE('',#2335,#2338,#148,.T.);
#2945=EDGE_CURVE('',#2339,#2337,#149,.T.);
#2946=EDGE_CURVE('',#2338,#2339,#1262,.T.);
#2947=EDGE_CURVE('',#2338,#2340,#150,.T.);
#2948=EDGE_CURVE('',#2341,#2339,#151,.T.);
#2949=EDGE_CURVE('',#2340,#2341,#1263,.T.);
#2950=EDGE_CURVE('',#2340,#2342,#152,.T.);
#2951=EDGE_CURVE('',#2343,#2341,#153,.T.);
#2952=EDGE_CURVE('',#2342,#2343,#1264,.T.);
#2953=EDGE_CURVE('',#2342,#2344,#154,.T.);
#2954=EDGE_CURVE('',#2345,#2343,#155,.T.);
#2955=EDGE_CURVE('',#2344,#2345,#1265,.T.);
#2956=EDGE_CURVE('',#2344,#2346,#156,.T.);
#2957=EDGE_CURVE('',#2347,#2345,#157,.T.);
#2958=EDGE_CURVE('',#2346,#2347,#1266,.T.);
#2959=EDGE_CURVE('',#2346,#2348,#158,.T.);
#2960=EDGE_CURVE('',#2349,#2347,#159,.T.);
#2961=EDGE_CURVE('',#2348,#2349,#1267,.T.);
#2962=EDGE_CURVE('',#2348,#2350,#160,.T.);
#2963=EDGE_CURVE('',#2351,#2349,#161,.T.);
#2964=EDGE_CURVE('',#2350,#2351,#1268,.T.);
#2965=EDGE_CURVE('',#2350,#2352,#162,.T.);
#2966=EDGE_CURVE('',#2353,#2351,#163,.T.);
#2967=EDGE_CURVE('',#2352,#2353,#1269,.T.);
#2968=EDGE_CURVE('',#2352,#2354,#164,.T.);
#2969=EDGE_CURVE('',#2355,#2353,#165,.T.);
#2970=EDGE_CURVE('',#2354,#2355,#1270,.T.);
#2971=EDGE_CURVE('',#2354,#2356,#166,.T.);
#2972=EDGE_CURVE('',#2357,#2355,#167,.T.);
#2973=EDGE_CURVE('',#2356,#2357,#1271,.T.);
#2974=EDGE_CURVE('',#2356,#2334,#168,.T.);
#2975=EDGE_CURVE('',#2336,#2357,#169,.T.);
#2976=EDGE_CURVE('',#2358,#2359,#1272,.T.);
#2977=EDGE_CURVE('',#2358,#2360,#1273,.T.);
#2978=EDGE_CURVE('',#2361,#2360,#1274,.T.);
#2979=EDGE_CURVE('',#2359,#2361,#1275,.T.);
#2980=EDGE_CURVE('',#2359,#2362,#170,.T.);
#2981=EDGE_CURVE('',#2363,#2361,#171,.T.);
#2982=EDGE_CURVE('',#2362,#2363,#1276,.T.);
#2983=EDGE_CURVE('',#2362,#2364,#172,.T.);
#2984=EDGE_CURVE('',#2365,#2363,#173,.T.);
#2985=EDGE_CURVE('',#2364,#2365,#1277,.T.);
#2986=EDGE_CURVE('',#2364,#2366,#174,.T.);
#2987=EDGE_CURVE('',#2367,#2365,#175,.T.);
#2988=EDGE_CURVE('',#2366,#2367,#1278,.T.);
#2989=EDGE_CURVE('',#2366,#2368,#176,.T.);
#2990=EDGE_CURVE('',#2369,#2367,#177,.T.);
#2991=EDGE_CURVE('',#2368,#2369,#1279,.T.);
#2992=EDGE_CURVE('',#2368,#2370,#178,.T.);
#2993=EDGE_CURVE('',#2371,#2369,#179,.T.);
#2994=EDGE_CURVE('',#2370,#2371,#1280,.T.);
#2995=EDGE_CURVE('',#2370,#2372,#180,.T.);
#2996=EDGE_CURVE('',#2373,#2371,#181,.T.);
#2997=EDGE_CURVE('',#2372,#2373,#1281,.T.);
#2998=EDGE_CURVE('',#2372,#2374,#182,.T.);
#2999=EDGE_CURVE('',#2375,#2373,#183,.T.);
#3000=EDGE_CURVE('',#2374,#2375,#1282,.T.);
#3001=EDGE_CURVE('',#2374,#2376,#184,.T.);
#3002=EDGE_CURVE('',#2377,#2375,#185,.T.);
#3003=EDGE_CURVE('',#2376,#2377,#1283,.T.);
#3004=EDGE_CURVE('',#2376,#2378,#186,.T.);
#3005=EDGE_CURVE('',#2379,#2377,#187,.T.);
#3006=EDGE_CURVE('',#2378,#2379,#1284,.T.);
#3007=EDGE_CURVE('',#2378,#2380,#188,.T.);
#3008=EDGE_CURVE('',#2381,#2379,#189,.T.);
#3009=EDGE_CURVE('',#2380,#2381,#1285,.T.);
#3010=EDGE_CURVE('',#2380,#2382,#190,.T.);
#3011=EDGE_CURVE('',#2383,#2381,#191,.T.);
#3012=EDGE_CURVE('',#2382,#2383,#1286,.T.);
#3013=EDGE_CURVE('',#2382,#2384,#192,.T.);
#3014=EDGE_CURVE('',#2385,#2383,#193,.T.);
#3015=EDGE_CURVE('',#2384,#2385,#1287,.T.);
#3016=EDGE_CURVE('',#2384,#2386,#194,.T.);
#3017=EDGE_CURVE('',#2387,#2385,#195,.T.);
#3018=EDGE_CURVE('',#2386,#2387,#1288,.T.);
#3019=EDGE_CURVE('',#2386,#2388,#1289,.T.);
#3020=EDGE_CURVE('',#2389,#2387,#1290,.T.);
#3021=EDGE_CURVE('',#2388,#2389,#1291,.T.);
#3022=EDGE_CURVE('',#2388,#2390,#196,.T.);
#3023=EDGE_CURVE('',#2391,#2389,#197,.T.);
#3024=EDGE_CURVE('',#2390,#2391,#1292,.T.);
#3025=EDGE_CURVE('',#2390,#2392,#198,.T.);
#3026=EDGE_CURVE('',#2393,#2391,#199,.T.);
#3027=EDGE_CURVE('',#2392,#2393,#1293,.T.);
#3028=EDGE_CURVE('',#2392,#2394,#200,.T.);
#3029=EDGE_CURVE('',#2395,#2393,#201,.T.);
#3030=EDGE_CURVE('',#2394,#2395,#1294,.T.);
#3031=EDGE_CURVE('',#2394,#2396,#202,.T.);
#3032=EDGE_CURVE('',#2397,#2395,#203,.T.);
#3033=EDGE_CURVE('',#2396,#2397,#1295,.T.);
#3034=EDGE_CURVE('',#2396,#2398,#204,.T.);
#3035=EDGE_CURVE('',#2399,#2397,#205,.T.);
#3036=EDGE_CURVE('',#2398,#2399,#1296,.T.);
#3037=EDGE_CURVE('',#2398,#2400,#206,.T.);
#3038=EDGE_CURVE('',#2401,#2399,#207,.T.);
#3039=EDGE_CURVE('',#2400,#2401,#1297,.T.);
#3040=EDGE_CURVE('',#2400,#2402,#208,.T.);
#3041=EDGE_CURVE('',#2403,#2401,#209,.T.);
#3042=EDGE_CURVE('',#2402,#2403,#1298,.T.);
#3043=EDGE_CURVE('',#2402,#2404,#210,.T.);
#3044=EDGE_CURVE('',#2405,#2403,#211,.T.);
#3045=EDGE_CURVE('',#2404,#2405,#1299,.T.);
#3046=EDGE_CURVE('',#2404,#2406,#212,.T.);
#3047=EDGE_CURVE('',#2407,#2405,#213,.T.);
#3048=EDGE_CURVE('',#2406,#2407,#1300,.T.);
#3049=EDGE_CURVE('',#2406,#2408,#214,.T.);
#3050=EDGE_CURVE('',#2409,#2407,#215,.T.);
#3051=EDGE_CURVE('',#2408,#2409,#1301,.T.);
#3052=EDGE_CURVE('',#2408,#2410,#216,.T.);
#3053=EDGE_CURVE('',#2411,#2409,#217,.T.);
#3054=EDGE_CURVE('',#2410,#2411,#1302,.T.);
#3055=EDGE_CURVE('',#2410,#2412,#218,.T.);
#3056=EDGE_CURVE('',#2413,#2411,#219,.T.);
#3057=EDGE_CURVE('',#2412,#2413,#1303,.T.);
#3058=EDGE_CURVE('',#2412,#2358,#220,.T.);
#3059=EDGE_CURVE('',#2360,#2413,#221,.T.);
#3060=EDGE_CURVE('',#2414,#2415,#1304,.T.);
#3061=EDGE_CURVE('',#2414,#2416,#1305,.T.);
#3062=EDGE_CURVE('',#2417,#2416,#1306,.T.);
#3063=EDGE_CURVE('',#2415,#2417,#1307,.T.);
#3064=EDGE_CURVE('',#2415,#2418,#1308,.T.);
#3065=EDGE_CURVE('',#2419,#2417,#1309,.T.);
#3066=EDGE_CURVE('',#2418,#2419,#1310,.T.);
#3067=EDGE_CURVE('',#2418,#2420,#1311,.T.);
#3068=EDGE_CURVE('',#2421,#2419,#1312,.T.);
#3069=EDGE_CURVE('',#2420,#2421,#1313,.T.);
#3070=EDGE_CURVE('',#2420,#2422,#1314,.T.);
#3071=EDGE_CURVE('',#2423,#2421,#1315,.T.);
#3072=EDGE_CURVE('',#2422,#2423,#1316,.T.);
#3073=EDGE_CURVE('',#2422,#2424,#1317,.T.);
#3074=EDGE_CURVE('',#2425,#2423,#1318,.T.);
#3075=EDGE_CURVE('',#2424,#2425,#1319,.T.);
#3076=EDGE_CURVE('',#2424,#2426,#1320,.T.);
#3077=EDGE_CURVE('',#2427,#2425,#1321,.T.);
#3078=EDGE_CURVE('',#2426,#2427,#1322,.T.);
#3079=EDGE_CURVE('',#2426,#2428,#1323,.T.);
#3080=EDGE_CURVE('',#2429,#2427,#1324,.T.);
#3081=EDGE_CURVE('',#2428,#2429,#1325,.T.);
#3082=EDGE_CURVE('',#2428,#2430,#1326,.T.);
#3083=EDGE_CURVE('',#2431,#2429,#1327,.T.);
#3084=EDGE_CURVE('',#2430,#2431,#1328,.T.);
#3085=EDGE_CURVE('',#2430,#2432,#1329,.T.);
#3086=EDGE_CURVE('',#2433,#2431,#1330,.T.);
#3087=EDGE_CURVE('',#2432,#2433,#1331,.T.);
#3088=EDGE_CURVE('',#2432,#2414,#1332,.T.);
#3089=EDGE_CURVE('',#2416,#2433,#1333,.T.);
#3090=EDGE_CURVE('',#2434,#2435,#1334,.T.);
#3091=EDGE_CURVE('',#2434,#2436,#1335,.T.);
#3092=EDGE_CURVE('',#2437,#2436,#1336,.T.);
#3093=EDGE_CURVE('',#2435,#2437,#1337,.T.);
#3094=EDGE_CURVE('',#2435,#2438,#222,.T.);
#3095=EDGE_CURVE('',#2439,#2437,#223,.T.);
#3096=EDGE_CURVE('',#2438,#2439,#1338,.T.);
#3097=EDGE_CURVE('',#2438,#2440,#224,.T.);
#3098=EDGE_CURVE('',#2441,#2439,#225,.T.);
#3099=EDGE_CURVE('',#2440,#2441,#1339,.T.);
#3100=EDGE_CURVE('',#2440,#2442,#226,.T.);
#3101=EDGE_CURVE('',#2443,#2441,#227,.T.);
#3102=EDGE_CURVE('',#2442,#2443,#1340,.T.);
#3103=EDGE_CURVE('',#2442,#2444,#228,.T.);
#3104=EDGE_CURVE('',#2445,#2443,#229,.T.);
#3105=EDGE_CURVE('',#2444,#2445,#1341,.T.);
#3106=EDGE_CURVE('',#2444,#2446,#230,.T.);
#3107=EDGE_CURVE('',#2447,#2445,#231,.T.);
#3108=EDGE_CURVE('',#2446,#2447,#1342,.T.);
#3109=EDGE_CURVE('',#2446,#2448,#232,.T.);
#3110=EDGE_CURVE('',#2449,#2447,#233,.T.);
#3111=EDGE_CURVE('',#2448,#2449,#1343,.T.);
#3112=EDGE_CURVE('',#2448,#2450,#234,.T.);
#3113=EDGE_CURVE('',#2451,#2449,#235,.T.);
#3114=EDGE_CURVE('',#2450,#2451,#1344,.T.);
#3115=EDGE_CURVE('',#2450,#2452,#236,.T.);
#3116=EDGE_CURVE('',#2453,#2451,#237,.T.);
#3117=EDGE_CURVE('',#2452,#2453,#1345,.T.);
#3118=EDGE_CURVE('',#2452,#2454,#238,.T.);
#3119=EDGE_CURVE('',#2455,#2453,#239,.T.);
#3120=EDGE_CURVE('',#2454,#2455,#1346,.T.);
#3121=EDGE_CURVE('',#2454,#2456,#240,.T.);
#3122=EDGE_CURVE('',#2457,#2455,#241,.T.);
#3123=EDGE_CURVE('',#2456,#2457,#1347,.T.);
#3124=EDGE_CURVE('',#2456,#2458,#242,.T.);
#3125=EDGE_CURVE('',#2459,#2457,#243,.T.);
#3126=EDGE_CURVE('',#2458,#2459,#1348,.T.);
#3127=EDGE_CURVE('',#2458,#2460,#244,.T.);
#3128=EDGE_CURVE('',#2461,#2459,#245,.T.);
#3129=EDGE_CURVE('',#2460,#2461,#1349,.T.);
#3130=EDGE_CURVE('',#2460,#2462,#246,.T.);
#3131=EDGE_CURVE('',#2463,#2461,#247,.T.);
#3132=EDGE_CURVE('',#2462,#2463,#1350,.T.);
#3133=EDGE_CURVE('',#2462,#2464,#1351,.T.);
#3134=EDGE_CURVE('',#2465,#2463,#1352,.T.);
#3135=EDGE_CURVE('',#2464,#2465,#1353,.T.);
#3136=EDGE_CURVE('',#2464,#2466,#248,.T.);
#3137=EDGE_CURVE('',#2467,#2465,#249,.T.);
#3138=EDGE_CURVE('',#2466,#2467,#1354,.T.);
#3139=EDGE_CURVE('',#2466,#2468,#250,.T.);
#3140=EDGE_CURVE('',#2469,#2467,#251,.T.);
#3141=EDGE_CURVE('',#2468,#2469,#1355,.T.);
#3142=EDGE_CURVE('',#2468,#2470,#252,.T.);
#3143=EDGE_CURVE('',#2471,#2469,#253,.T.);
#3144=EDGE_CURVE('',#2470,#2471,#1356,.T.);
#3145=EDGE_CURVE('',#2470,#2472,#254,.T.);
#3146=EDGE_CURVE('',#2473,#2471,#255,.T.);
#3147=EDGE_CURVE('',#2472,#2473,#1357,.T.);
#3148=EDGE_CURVE('',#2472,#2474,#256,.T.);
#3149=EDGE_CURVE('',#2475,#2473,#257,.T.);
#3150=EDGE_CURVE('',#2474,#2475,#1358,.T.);
#3151=EDGE_CURVE('',#2474,#2476,#258,.T.);
#3152=EDGE_CURVE('',#2477,#2475,#259,.T.);
#3153=EDGE_CURVE('',#2476,#2477,#1359,.T.);
#3154=EDGE_CURVE('',#2476,#2478,#260,.T.);
#3155=EDGE_CURVE('',#2479,#2477,#261,.T.);
#3156=EDGE_CURVE('',#2478,#2479,#1360,.T.);
#3157=EDGE_CURVE('',#2478,#2480,#262,.T.);
#3158=EDGE_CURVE('',#2481,#2479,#263,.T.);
#3159=EDGE_CURVE('',#2480,#2481,#1361,.T.);
#3160=EDGE_CURVE('',#2480,#2482,#264,.T.);
#3161=EDGE_CURVE('',#2483,#2481,#265,.T.);
#3162=EDGE_CURVE('',#2482,#2483,#1362,.T.);
#3163=EDGE_CURVE('',#2482,#2484,#266,.T.);
#3164=EDGE_CURVE('',#2485,#2483,#267,.T.);
#3165=EDGE_CURVE('',#2484,#2485,#1363,.T.);
#3166=EDGE_CURVE('',#2484,#2486,#268,.T.);
#3167=EDGE_CURVE('',#2487,#2485,#269,.T.);
#3168=EDGE_CURVE('',#2486,#2487,#1364,.T.);
#3169=EDGE_CURVE('',#2486,#2488,#270,.T.);
#3170=EDGE_CURVE('',#2489,#2487,#271,.T.);
#3171=EDGE_CURVE('',#2488,#2489,#1365,.T.);
#3172=EDGE_CURVE('',#2488,#2434,#272,.T.);
#3173=EDGE_CURVE('',#2436,#2489,#273,.T.);
#3174=EDGE_CURVE('',#2490,#2491,#1366,.T.);
#3175=EDGE_CURVE('',#2490,#2492,#1367,.T.);
#3176=EDGE_CURVE('',#2493,#2492,#1368,.T.);
#3177=EDGE_CURVE('',#2491,#2493,#1369,.T.);
#3178=EDGE_CURVE('',#2491,#2494,#1370,.T.);
#3179=EDGE_CURVE('',#2495,#2493,#1371,.T.);
#3180=EDGE_CURVE('',#2494,#2495,#1372,.T.);
#3181=EDGE_CURVE('',#2494,#2496,#1373,.T.);
#3182=EDGE_CURVE('',#2497,#2495,#1374,.T.);
#3183=EDGE_CURVE('',#2496,#2497,#1375,.T.);
#3184=EDGE_CURVE('',#2496,#2498,#1376,.T.);
#3185=EDGE_CURVE('',#2499,#2497,#1377,.T.);
#3186=EDGE_CURVE('',#2498,#2499,#1378,.T.);
#3187=EDGE_CURVE('',#2498,#2500,#1379,.T.);
#3188=EDGE_CURVE('',#2501,#2499,#1380,.T.);
#3189=EDGE_CURVE('',#2500,#2501,#1381,.T.);
#3190=EDGE_CURVE('',#2500,#2502,#1382,.T.);
#3191=EDGE_CURVE('',#2503,#2501,#1383,.T.);
#3192=EDGE_CURVE('',#2502,#2503,#1384,.T.);
#3193=EDGE_CURVE('',#2502,#2504,#1385,.T.);
#3194=EDGE_CURVE('',#2505,#2503,#1386,.T.);
#3195=EDGE_CURVE('',#2504,#2505,#1387,.T.);
#3196=EDGE_CURVE('',#2504,#2506,#1388,.T.);
#3197=EDGE_CURVE('',#2507,#2505,#1389,.T.);
#3198=EDGE_CURVE('',#2506,#2507,#1390,.T.);
#3199=EDGE_CURVE('',#2506,#2508,#1391,.T.);
#3200=EDGE_CURVE('',#2509,#2507,#1392,.T.);
#3201=EDGE_CURVE('',#2508,#2509,#1393,.T.);
#3202=EDGE_CURVE('',#2508,#2510,#1394,.T.);
#3203=EDGE_CURVE('',#2511,#2509,#1395,.T.);
#3204=EDGE_CURVE('',#2510,#2511,#1396,.T.);
#3205=EDGE_CURVE('',#2510,#2512,#1397,.T.);
#3206=EDGE_CURVE('',#2513,#2511,#1398,.T.);
#3207=EDGE_CURVE('',#2512,#2513,#1399,.T.);
#3208=EDGE_CURVE('',#2512,#2514,#1400,.T.);
#3209=EDGE_CURVE('',#2515,#2513,#1401,.T.);
#3210=EDGE_CURVE('',#2514,#2515,#1402,.T.);
#3211=EDGE_CURVE('',#2514,#2490,#1403,.T.);
#3212=EDGE_CURVE('',#2492,#2515,#1404,.T.);
#3213=EDGE_CURVE('',#2516,#2517,#1405,.T.);
#3214=EDGE_CURVE('',#2516,#2518,#1406,.T.);
#3215=EDGE_CURVE('',#2519,#2518,#1407,.T.);
#3216=EDGE_CURVE('',#2517,#2519,#1408,.T.);
#3217=EDGE_CURVE('',#2517,#2520,#274,.T.);
#3218=EDGE_CURVE('',#2521,#2519,#275,.T.);
#3219=EDGE_CURVE('',#2520,#2521,#1409,.T.);
#3220=EDGE_CURVE('',#2520,#2522,#276,.T.);
#3221=EDGE_CURVE('',#2523,#2521,#277,.T.);
#3222=EDGE_CURVE('',#2522,#2523,#1410,.T.);
#3223=EDGE_CURVE('',#2522,#2524,#278,.T.);
#3224=EDGE_CURVE('',#2525,#2523,#279,.T.);
#3225=EDGE_CURVE('',#2524,#2525,#1411,.T.);
#3226=EDGE_CURVE('',#2524,#2526,#280,.T.);
#3227=EDGE_CURVE('',#2527,#2525,#281,.T.);
#3228=EDGE_CURVE('',#2526,#2527,#1412,.T.);
#3229=EDGE_CURVE('',#2526,#2528,#282,.T.);
#3230=EDGE_CURVE('',#2529,#2527,#283,.T.);
#3231=EDGE_CURVE('',#2528,#2529,#1413,.T.);
#3232=EDGE_CURVE('',#2528,#2530,#1414,.T.);
#3233=EDGE_CURVE('',#2531,#2529,#1415,.T.);
#3234=EDGE_CURVE('',#2530,#2531,#1416,.T.);
#3235=EDGE_CURVE('',#2530,#2516,#1417,.T.);
#3236=EDGE_CURVE('',#2518,#2531,#1418,.T.);
#3237=EDGE_CURVE('',#2532,#2533,#1419,.T.);
#3238=EDGE_CURVE('',#2532,#2534,#1420,.T.);
#3239=EDGE_CURVE('',#2535,#2534,#1421,.T.);
#3240=EDGE_CURVE('',#2533,#2535,#1422,.T.);
#3241=EDGE_CURVE('',#2533,#2536,#1423,.T.);
#3242=EDGE_CURVE('',#2537,#2535,#1424,.T.);
#3243=EDGE_CURVE('',#2536,#2537,#1425,.T.);
#3244=EDGE_CURVE('',#2536,#2538,#1426,.T.);
#3245=EDGE_CURVE('',#2539,#2537,#1427,.T.);
#3246=EDGE_CURVE('',#2538,#2539,#1428,.T.);
#3247=EDGE_CURVE('',#2538,#2540,#284,.T.);
#3248=EDGE_CURVE('',#2541,#2539,#285,.T.);
#3249=EDGE_CURVE('',#2540,#2541,#1429,.T.);
#3250=EDGE_CURVE('',#2540,#2542,#286,.T.);
#3251=EDGE_CURVE('',#2543,#2541,#287,.T.);
#3252=EDGE_CURVE('',#2542,#2543,#1430,.T.);
#3253=EDGE_CURVE('',#2542,#2544,#288,.T.);
#3254=EDGE_CURVE('',#2545,#2543,#289,.T.);
#3255=EDGE_CURVE('',#2544,#2545,#1431,.T.);
#3256=EDGE_CURVE('',#2544,#2546,#290,.T.);
#3257=EDGE_CURVE('',#2547,#2545,#291,.T.);
#3258=EDGE_CURVE('',#2546,#2547,#1432,.T.);
#3259=EDGE_CURVE('',#2546,#2548,#292,.T.);
#3260=EDGE_CURVE('',#2549,#2547,#293,.T.);
#3261=EDGE_CURVE('',#2548,#2549,#1433,.T.);
#3262=EDGE_CURVE('',#2548,#2550,#294,.T.);
#3263=EDGE_CURVE('',#2551,#2549,#295,.T.);
#3264=EDGE_CURVE('',#2550,#2551,#1434,.T.);
#3265=EDGE_CURVE('',#2550,#2552,#296,.T.);
#3266=EDGE_CURVE('',#2553,#2551,#297,.T.);
#3267=EDGE_CURVE('',#2552,#2553,#1435,.T.);
#3268=EDGE_CURVE('',#2552,#2554,#1436,.T.);
#3269=EDGE_CURVE('',#2555,#2553,#1437,.T.);
#3270=EDGE_CURVE('',#2554,#2555,#1438,.T.);
#3271=EDGE_CURVE('',#2554,#2556,#298,.T.);
#3272=EDGE_CURVE('',#2557,#2555,#299,.T.);
#3273=EDGE_CURVE('',#2556,#2557,#1439,.T.);
#3274=EDGE_CURVE('',#2556,#2558,#300,.T.);
#3275=EDGE_CURVE('',#2559,#2557,#301,.T.);
#3276=EDGE_CURVE('',#2558,#2559,#1440,.T.);
#3277=EDGE_CURVE('',#2558,#2560,#302,.T.);
#3278=EDGE_CURVE('',#2561,#2559,#303,.T.);
#3279=EDGE_CURVE('',#2560,#2561,#1441,.T.);
#3280=EDGE_CURVE('',#2560,#2562,#1442,.T.);
#3281=EDGE_CURVE('',#2563,#2561,#1443,.T.);
#3282=EDGE_CURVE('',#2562,#2563,#1444,.T.);
#3283=EDGE_CURVE('',#2562,#2532,#1445,.T.);
#3284=EDGE_CURVE('',#2534,#2563,#1446,.T.);
#3285=EDGE_CURVE('',#2564,#2565,#1447,.T.);
#3286=EDGE_CURVE('',#2564,#2566,#1448,.T.);
#3287=EDGE_CURVE('',#2567,#2566,#1449,.T.);
#3288=EDGE_CURVE('',#2565,#2567,#1450,.T.);
#3289=EDGE_CURVE('',#2565,#2568,#1451,.T.);
#3290=EDGE_CURVE('',#2569,#2567,#1452,.T.);
#3291=EDGE_CURVE('',#2568,#2569,#1453,.T.);
#3292=EDGE_CURVE('',#2568,#2570,#1454,.T.);
#3293=EDGE_CURVE('',#2571,#2569,#1455,.T.);
#3294=EDGE_CURVE('',#2570,#2571,#1456,.T.);
#3295=EDGE_CURVE('',#2570,#2564,#1457,.T.);
#3296=EDGE_CURVE('',#2566,#2571,#1458,.T.);
#3297=EDGE_CURVE('',#2572,#2573,#1459,.T.);
#3298=EDGE_CURVE('',#2572,#2574,#1460,.T.);
#3299=EDGE_CURVE('',#2575,#2574,#1461,.T.);
#3300=EDGE_CURVE('',#2573,#2575,#1462,.T.);
#3301=EDGE_CURVE('',#2573,#2576,#1463,.T.);
#3302=EDGE_CURVE('',#2577,#2575,#1464,.T.);
#3303=EDGE_CURVE('',#2576,#2577,#1465,.T.);
#3304=EDGE_CURVE('',#2576,#2578,#1466,.T.);
#3305=EDGE_CURVE('',#2579,#2577,#1467,.T.);
#3306=EDGE_CURVE('',#2578,#2579,#1468,.T.);
#3307=EDGE_CURVE('',#2578,#2580,#1469,.T.);
#3308=EDGE_CURVE('',#2581,#2579,#1470,.T.);
#3309=EDGE_CURVE('',#2580,#2581,#1471,.T.);
#3310=EDGE_CURVE('',#2580,#2582,#1472,.T.);
#3311=EDGE_CURVE('',#2583,#2581,#1473,.T.);
#3312=EDGE_CURVE('',#2582,#2583,#1474,.T.);
#3313=EDGE_CURVE('',#2582,#2584,#1475,.T.);
#3314=EDGE_CURVE('',#2585,#2583,#1476,.T.);
#3315=EDGE_CURVE('',#2584,#2585,#1477,.T.);
#3316=EDGE_CURVE('',#2584,#2586,#1478,.T.);
#3317=EDGE_CURVE('',#2587,#2585,#1479,.T.);
#3318=EDGE_CURVE('',#2586,#2587,#1480,.T.);
#3319=EDGE_CURVE('',#2586,#2588,#1481,.T.);
#3320=EDGE_CURVE('',#2589,#2587,#1482,.T.);
#3321=EDGE_CURVE('',#2588,#2589,#1483,.T.);
#3322=EDGE_CURVE('',#2588,#2590,#1484,.T.);
#3323=EDGE_CURVE('',#2591,#2589,#1485,.T.);
#3324=EDGE_CURVE('',#2590,#2591,#1486,.T.);
#3325=EDGE_CURVE('',#2590,#2592,#1487,.T.);
#3326=EDGE_CURVE('',#2593,#2591,#1488,.T.);
#3327=EDGE_CURVE('',#2592,#2593,#1489,.T.);
#3328=EDGE_CURVE('',#2592,#2594,#1490,.T.);
#3329=EDGE_CURVE('',#2595,#2593,#1491,.T.);
#3330=EDGE_CURVE('',#2594,#2595,#1492,.T.);
#3331=EDGE_CURVE('',#2594,#2572,#1493,.T.);
#3332=EDGE_CURVE('',#2574,#2595,#1494,.T.);
#3333=EDGE_CURVE('',#2596,#2597,#1495,.T.);
#3334=EDGE_CURVE('',#2596,#2598,#1496,.T.);
#3335=EDGE_CURVE('',#2599,#2598,#1497,.T.);
#3336=EDGE_CURVE('',#2597,#2599,#1498,.T.);
#3337=EDGE_CURVE('',#2597,#2600,#1499,.T.);
#3338=EDGE_CURVE('',#2601,#2599,#1500,.T.);
#3339=EDGE_CURVE('',#2600,#2601,#1501,.T.);
#3340=EDGE_CURVE('',#2600,#2596,#1502,.T.);
#3341=EDGE_CURVE('',#2598,#2601,#1503,.T.);
#3342=EDGE_CURVE('',#2602,#2603,#1504,.T.);
#3343=EDGE_CURVE('',#2602,#2604,#1505,.T.);
#3344=EDGE_CURVE('',#2605,#2604,#1506,.T.);
#3345=EDGE_CURVE('',#2603,#2605,#1507,.T.);
#3346=EDGE_CURVE('',#2603,#2606,#1508,.T.);
#3347=EDGE_CURVE('',#2607,#2605,#1509,.T.);
#3348=EDGE_CURVE('',#2606,#2607,#1510,.T.);
#3349=EDGE_CURVE('',#2606,#2608,#1511,.T.);
#3350=EDGE_CURVE('',#2609,#2607,#1512,.T.);
#3351=EDGE_CURVE('',#2608,#2609,#1513,.T.);
#3352=EDGE_CURVE('',#2608,#2610,#1514,.T.);
#3353=EDGE_CURVE('',#2611,#2609,#1515,.T.);
#3354=EDGE_CURVE('',#2610,#2611,#1516,.T.);
#3355=EDGE_CURVE('',#2610,#2612,#1517,.T.);
#3356=EDGE_CURVE('',#2613,#2611,#1518,.T.);
#3357=EDGE_CURVE('',#2612,#2613,#1519,.T.);
#3358=EDGE_CURVE('',#2612,#2614,#1520,.T.);
#3359=EDGE_CURVE('',#2615,#2613,#1521,.T.);
#3360=EDGE_CURVE('',#2614,#2615,#1522,.T.);
#3361=EDGE_CURVE('',#2614,#2616,#1523,.T.);
#3362=EDGE_CURVE('',#2617,#2615,#1524,.T.);
#3363=EDGE_CURVE('',#2616,#2617,#1525,.T.);
#3364=EDGE_CURVE('',#2616,#2602,#1526,.T.);
#3365=EDGE_CURVE('',#2604,#2617,#1527,.T.);
#3366=EDGE_CURVE('',#2618,#2619,#1528,.T.);
#3367=EDGE_CURVE('',#2618,#2620,#1529,.T.);
#3368=EDGE_CURVE('',#2621,#2620,#1530,.T.);
#3369=EDGE_CURVE('',#2619,#2621,#1531,.T.);
#3370=EDGE_CURVE('',#2619,#2622,#1532,.T.);
#3371=EDGE_CURVE('',#2623,#2621,#1533,.T.);
#3372=EDGE_CURVE('',#2622,#2623,#1534,.T.);
#3373=EDGE_CURVE('',#2622,#2624,#1535,.T.);
#3374=EDGE_CURVE('',#2625,#2623,#1536,.T.);
#3375=EDGE_CURVE('',#2624,#2625,#1537,.T.);
#3376=EDGE_CURVE('',#2624,#2626,#1538,.T.);
#3377=EDGE_CURVE('',#2627,#2625,#1539,.T.);
#3378=EDGE_CURVE('',#2626,#2627,#1540,.T.);
#3379=EDGE_CURVE('',#2626,#2628,#1541,.T.);
#3380=EDGE_CURVE('',#2629,#2627,#1542,.T.);
#3381=EDGE_CURVE('',#2628,#2629,#1543,.T.);
#3382=EDGE_CURVE('',#2628,#2630,#1544,.T.);
#3383=EDGE_CURVE('',#2631,#2629,#1545,.T.);
#3384=EDGE_CURVE('',#2630,#2631,#1546,.T.);
#3385=EDGE_CURVE('',#2630,#2632,#1547,.T.);
#3386=EDGE_CURVE('',#2633,#2631,#1548,.T.);
#3387=EDGE_CURVE('',#2632,#2633,#1549,.T.);
#3388=EDGE_CURVE('',#2632,#2634,#1550,.T.);
#3389=EDGE_CURVE('',#2635,#2633,#1551,.T.);
#3390=EDGE_CURVE('',#2634,#2635,#1552,.T.);
#3391=EDGE_CURVE('',#2634,#2636,#1553,.T.);
#3392=EDGE_CURVE('',#2637,#2635,#1554,.T.);
#3393=EDGE_CURVE('',#2636,#2637,#1555,.T.);
#3394=EDGE_CURVE('',#2636,#2638,#1556,.T.);
#3395=EDGE_CURVE('',#2639,#2637,#1557,.T.);
#3396=EDGE_CURVE('',#2638,#2639,#1558,.T.);
#3397=EDGE_CURVE('',#2638,#2640,#1559,.T.);
#3398=EDGE_CURVE('',#2641,#2639,#1560,.T.);
#3399=EDGE_CURVE('',#2640,#2641,#1561,.T.);
#3400=EDGE_CURVE('',#2640,#2618,#1562,.T.);
#3401=EDGE_CURVE('',#2620,#2641,#1563,.T.);
#3402=EDGE_CURVE('',#2642,#2643,#1564,.T.);
#3403=EDGE_CURVE('',#2642,#2644,#1565,.T.);
#3404=EDGE_CURVE('',#2645,#2644,#1566,.T.);
#3405=EDGE_CURVE('',#2643,#2645,#1567,.T.);
#3406=EDGE_CURVE('',#2643,#2646,#304,.T.);
#3407=EDGE_CURVE('',#2647,#2645,#305,.T.);
#3408=EDGE_CURVE('',#2646,#2647,#1568,.T.);
#3409=EDGE_CURVE('',#2646,#2648,#306,.T.);
#3410=EDGE_CURVE('',#2649,#2647,#307,.T.);
#3411=EDGE_CURVE('',#2648,#2649,#1569,.T.);
#3412=EDGE_CURVE('',#2648,#2650,#308,.T.);
#3413=EDGE_CURVE('',#2651,#2649,#309,.T.);
#3414=EDGE_CURVE('',#2650,#2651,#1570,.T.);
#3415=EDGE_CURVE('',#2650,#2652,#310,.T.);
#3416=EDGE_CURVE('',#2653,#2651,#311,.T.);
#3417=EDGE_CURVE('',#2652,#2653,#1571,.T.);
#3418=EDGE_CURVE('',#2652,#2654,#312,.T.);
#3419=EDGE_CURVE('',#2655,#2653,#313,.T.);
#3420=EDGE_CURVE('',#2654,#2655,#1572,.T.);
#3421=EDGE_CURVE('',#2654,#2656,#314,.T.);
#3422=EDGE_CURVE('',#2657,#2655,#315,.T.);
#3423=EDGE_CURVE('',#2656,#2657,#1573,.T.);
#3424=EDGE_CURVE('',#2656,#2658,#316,.T.);
#3425=EDGE_CURVE('',#2659,#2657,#317,.T.);
#3426=EDGE_CURVE('',#2658,#2659,#1574,.T.);
#3427=EDGE_CURVE('',#2658,#2660,#318,.T.);
#3428=EDGE_CURVE('',#2661,#2659,#319,.T.);
#3429=EDGE_CURVE('',#2660,#2661,#1575,.T.);
#3430=EDGE_CURVE('',#2660,#2662,#320,.T.);
#3431=EDGE_CURVE('',#2663,#2661,#321,.T.);
#3432=EDGE_CURVE('',#2662,#2663,#1576,.T.);
#3433=EDGE_CURVE('',#2662,#2664,#1577,.T.);
#3434=EDGE_CURVE('',#2665,#2663,#1578,.T.);
#3435=EDGE_CURVE('',#2664,#2665,#1579,.T.);
#3436=EDGE_CURVE('',#2664,#2666,#1580,.T.);
#3437=EDGE_CURVE('',#2667,#2665,#1581,.T.);
#3438=EDGE_CURVE('',#2666,#2667,#1582,.T.);
#3439=EDGE_CURVE('',#2666,#2668,#1583,.T.);
#3440=EDGE_CURVE('',#2669,#2667,#1584,.T.);
#3441=EDGE_CURVE('',#2668,#2669,#1585,.T.);
#3442=EDGE_CURVE('',#2668,#2670,#322,.T.);
#3443=EDGE_CURVE('',#2671,#2669,#323,.T.);
#3444=EDGE_CURVE('',#2670,#2671,#1586,.T.);
#3445=EDGE_CURVE('',#2670,#2672,#324,.T.);
#3446=EDGE_CURVE('',#2673,#2671,#325,.T.);
#3447=EDGE_CURVE('',#2672,#2673,#1587,.T.);
#3448=EDGE_CURVE('',#2672,#2674,#326,.T.);
#3449=EDGE_CURVE('',#2675,#2673,#327,.T.);
#3450=EDGE_CURVE('',#2674,#2675,#1588,.T.);
#3451=EDGE_CURVE('',#2674,#2676,#328,.T.);
#3452=EDGE_CURVE('',#2677,#2675,#329,.T.);
#3453=EDGE_CURVE('',#2676,#2677,#1589,.T.);
#3454=EDGE_CURVE('',#2676,#2678,#330,.T.);
#3455=EDGE_CURVE('',#2679,#2677,#331,.T.);
#3456=EDGE_CURVE('',#2678,#2679,#1590,.T.);
#3457=EDGE_CURVE('',#2678,#2680,#332,.T.);
#3458=EDGE_CURVE('',#2681,#2679,#333,.T.);
#3459=EDGE_CURVE('',#2680,#2681,#1591,.T.);
#3460=EDGE_CURVE('',#2680,#2682,#334,.T.);
#3461=EDGE_CURVE('',#2683,#2681,#335,.T.);
#3462=EDGE_CURVE('',#2682,#2683,#1592,.T.);
#3463=EDGE_CURVE('',#2682,#2684,#336,.T.);
#3464=EDGE_CURVE('',#2685,#2683,#337,.T.);
#3465=EDGE_CURVE('',#2684,#2685,#1593,.T.);
#3466=EDGE_CURVE('',#2684,#2686,#338,.T.);
#3467=EDGE_CURVE('',#2687,#2685,#339,.T.);
#3468=EDGE_CURVE('',#2686,#2687,#1594,.T.);
#3469=EDGE_CURVE('',#2686,#2642,#340,.T.);
#3470=EDGE_CURVE('',#2644,#2687,#341,.T.);
#3471=EDGE_CURVE('',#2688,#2689,#1595,.T.);
#3472=EDGE_CURVE('',#2688,#2690,#1596,.T.);
#3473=EDGE_CURVE('',#2691,#2690,#1597,.T.);
#3474=EDGE_CURVE('',#2689,#2691,#1598,.T.);
#3475=EDGE_CURVE('',#2689,#2692,#1599,.T.);
#3476=EDGE_CURVE('',#2693,#2691,#1600,.T.);
#3477=EDGE_CURVE('',#2692,#2693,#1601,.T.);
#3478=EDGE_CURVE('',#2692,#2694,#1602,.T.);
#3479=EDGE_CURVE('',#2695,#2693,#1603,.T.);
#3480=EDGE_CURVE('',#2694,#2695,#1604,.T.);
#3481=EDGE_CURVE('',#2694,#2696,#1605,.T.);
#3482=EDGE_CURVE('',#2697,#2695,#1606,.T.);
#3483=EDGE_CURVE('',#2696,#2697,#1607,.T.);
#3484=EDGE_CURVE('',#2696,#2698,#1608,.T.);
#3485=EDGE_CURVE('',#2699,#2697,#1609,.T.);
#3486=EDGE_CURVE('',#2698,#2699,#1610,.T.);
#3487=EDGE_CURVE('',#2698,#2700,#1611,.T.);
#3488=EDGE_CURVE('',#2701,#2699,#1612,.T.);
#3489=EDGE_CURVE('',#2700,#2701,#1613,.T.);
#3490=EDGE_CURVE('',#2700,#2702,#1614,.T.);
#3491=EDGE_CURVE('',#2703,#2701,#1615,.T.);
#3492=EDGE_CURVE('',#2702,#2703,#1616,.T.);
#3493=EDGE_CURVE('',#2702,#2704,#1617,.T.);
#3494=EDGE_CURVE('',#2705,#2703,#1618,.T.);
#3495=EDGE_CURVE('',#2704,#2705,#1619,.T.);
#3496=EDGE_CURVE('',#2704,#2706,#1620,.T.);
#3497=EDGE_CURVE('',#2707,#2705,#1621,.T.);
#3498=EDGE_CURVE('',#2706,#2707,#1622,.T.);
#3499=EDGE_CURVE('',#2706,#2708,#1623,.T.);
#3500=EDGE_CURVE('',#2709,#2707,#1624,.T.);
#3501=EDGE_CURVE('',#2708,#2709,#1625,.T.);
#3502=EDGE_CURVE('',#2708,#2710,#1626,.T.);
#3503=EDGE_CURVE('',#2711,#2709,#1627,.T.);
#3504=EDGE_CURVE('',#2710,#2711,#1628,.T.);
#3505=EDGE_CURVE('',#2710,#2688,#1629,.T.);
#3506=EDGE_CURVE('',#2690,#2711,#1630,.T.);
#3507=EDGE_CURVE('',#2712,#2713,#1631,.T.);
#3508=EDGE_CURVE('',#2712,#2714,#1632,.T.);
#3509=EDGE_CURVE('',#2715,#2714,#1633,.T.);
#3510=EDGE_CURVE('',#2713,#2715,#1634,.T.);
#3511=EDGE_CURVE('',#2713,#2716,#342,.T.);
#3512=EDGE_CURVE('',#2717,#2715,#343,.T.);
#3513=EDGE_CURVE('',#2716,#2717,#1635,.T.);
#3514=EDGE_CURVE('',#2716,#2718,#344,.T.);
#3515=EDGE_CURVE('',#2719,#2717,#345,.T.);
#3516=EDGE_CURVE('',#2718,#2719,#1636,.T.);
#3517=EDGE_CURVE('',#2718,#2720,#346,.T.);
#3518=EDGE_CURVE('',#2721,#2719,#347,.T.);
#3519=EDGE_CURVE('',#2720,#2721,#1637,.T.);
#3520=EDGE_CURVE('',#2720,#2722,#348,.T.);
#3521=EDGE_CURVE('',#2723,#2721,#349,.T.);
#3522=EDGE_CURVE('',#2722,#2723,#1638,.T.);
#3523=EDGE_CURVE('',#2722,#2724,#350,.T.);
#3524=EDGE_CURVE('',#2725,#2723,#351,.T.);
#3525=EDGE_CURVE('',#2724,#2725,#1639,.T.);
#3526=EDGE_CURVE('',#2724,#2726,#352,.T.);
#3527=EDGE_CURVE('',#2727,#2725,#353,.T.);
#3528=EDGE_CURVE('',#2726,#2727,#1640,.T.);
#3529=EDGE_CURVE('',#2726,#2728,#1641,.T.);
#3530=EDGE_CURVE('',#2729,#2727,#1642,.T.);
#3531=EDGE_CURVE('',#2728,#2729,#1643,.T.);
#3532=EDGE_CURVE('',#2728,#2712,#1644,.T.);
#3533=EDGE_CURVE('',#2714,#2729,#1645,.T.);
#3534=EDGE_CURVE('',#2730,#2731,#1646,.T.);
#3535=EDGE_CURVE('',#2730,#2732,#1647,.T.);
#3536=EDGE_CURVE('',#2733,#2732,#1648,.T.);
#3537=EDGE_CURVE('',#2731,#2733,#1649,.T.);
#3538=EDGE_CURVE('',#2731,#2734,#1650,.T.);
#3539=EDGE_CURVE('',#2735,#2733,#1651,.T.);
#3540=EDGE_CURVE('',#2734,#2735,#1652,.T.);
#3541=EDGE_CURVE('',#2734,#2736,#1653,.T.);
#3542=EDGE_CURVE('',#2737,#2735,#1654,.T.);
#3543=EDGE_CURVE('',#2736,#2737,#1655,.T.);
#3544=EDGE_CURVE('',#2736,#2738,#354,.T.);
#3545=EDGE_CURVE('',#2739,#2737,#355,.T.);
#3546=EDGE_CURVE('',#2738,#2739,#1656,.T.);
#3547=EDGE_CURVE('',#2738,#2740,#356,.T.);
#3548=EDGE_CURVE('',#2741,#2739,#357,.T.);
#3549=EDGE_CURVE('',#2740,#2741,#1657,.T.);
#3550=EDGE_CURVE('',#2740,#2742,#358,.T.);
#3551=EDGE_CURVE('',#2743,#2741,#359,.T.);
#3552=EDGE_CURVE('',#2742,#2743,#1658,.T.);
#3553=EDGE_CURVE('',#2742,#2744,#360,.T.);
#3554=EDGE_CURVE('',#2745,#2743,#361,.T.);
#3555=EDGE_CURVE('',#2744,#2745,#1659,.T.);
#3556=EDGE_CURVE('',#2744,#2746,#362,.T.);
#3557=EDGE_CURVE('',#2747,#2745,#363,.T.);
#3558=EDGE_CURVE('',#2746,#2747,#1660,.T.);
#3559=EDGE_CURVE('',#2746,#2748,#364,.T.);
#3560=EDGE_CURVE('',#2749,#2747,#365,.T.);
#3561=EDGE_CURVE('',#2748,#2749,#1661,.T.);
#3562=EDGE_CURVE('',#2748,#2750,#366,.T.);
#3563=EDGE_CURVE('',#2751,#2749,#367,.T.);
#3564=EDGE_CURVE('',#2750,#2751,#1662,.T.);
#3565=EDGE_CURVE('',#2750,#2752,#368,.T.);
#3566=EDGE_CURVE('',#2753,#2751,#369,.T.);
#3567=EDGE_CURVE('',#2752,#2753,#1663,.T.);
#3568=EDGE_CURVE('',#2752,#2754,#1664,.T.);
#3569=EDGE_CURVE('',#2755,#2753,#1665,.T.);
#3570=EDGE_CURVE('',#2754,#2755,#1666,.T.);
#3571=EDGE_CURVE('',#2754,#2730,#1667,.T.);
#3572=EDGE_CURVE('',#2732,#2755,#1668,.T.);
#3573=EDGE_CURVE('',#2756,#2757,#1669,.T.);
#3574=EDGE_CURVE('',#2756,#2758,#1670,.T.);
#3575=EDGE_CURVE('',#2759,#2758,#1671,.T.);
#3576=EDGE_CURVE('',#2757,#2759,#1672,.T.);
#3577=EDGE_CURVE('',#2757,#2760,#370,.T.);
#3578=EDGE_CURVE('',#2761,#2759,#371,.T.);
#3579=EDGE_CURVE('',#2760,#2761,#1673,.T.);
#3580=EDGE_CURVE('',#2760,#2762,#372,.T.);
#3581=EDGE_CURVE('',#2763,#2761,#373,.T.);
#3582=EDGE_CURVE('',#2762,#2763,#1674,.T.);
#3583=EDGE_CURVE('',#2762,#2764,#374,.T.);
#3584=EDGE_CURVE('',#2765,#2763,#375,.T.);
#3585=EDGE_CURVE('',#2764,#2765,#1675,.T.);
#3586=EDGE_CURVE('',#2764,#2766,#376,.T.);
#3587=EDGE_CURVE('',#2767,#2765,#377,.T.);
#3588=EDGE_CURVE('',#2766,#2767,#1676,.T.);
#3589=EDGE_CURVE('',#2766,#2768,#378,.T.);
#3590=EDGE_CURVE('',#2769,#2767,#379,.T.);
#3591=EDGE_CURVE('',#2768,#2769,#1677,.T.);
#3592=EDGE_CURVE('',#2768,#2770,#1678,.T.);
#3593=EDGE_CURVE('',#2771,#2769,#1679,.T.);
#3594=EDGE_CURVE('',#2770,#2771,#1680,.T.);
#3595=EDGE_CURVE('',#2770,#2756,#1681,.T.);
#3596=EDGE_CURVE('',#2758,#2771,#1682,.T.);
#3597=EDGE_CURVE('',#2772,#2773,#1683,.T.);
#3598=EDGE_CURVE('',#2772,#2774,#1684,.T.);
#3599=EDGE_CURVE('',#2775,#2774,#1685,.T.);
#3600=EDGE_CURVE('',#2773,#2775,#1686,.T.);
#3601=EDGE_CURVE('',#2773,#2776,#1687,.T.);
#3602=EDGE_CURVE('',#2777,#2775,#1688,.T.);
#3603=EDGE_CURVE('',#2776,#2777,#1689,.T.);
#3604=EDGE_CURVE('',#2776,#2778,#1690,.T.);
#3605=EDGE_CURVE('',#2779,#2777,#1691,.T.);
#3606=EDGE_CURVE('',#2778,#2779,#1692,.T.);
#3607=EDGE_CURVE('',#2778,#2780,#380,.T.);
#3608=EDGE_CURVE('',#2781,#2779,#381,.T.);
#3609=EDGE_CURVE('',#2780,#2781,#1693,.T.);
#3610=EDGE_CURVE('',#2780,#2782,#382,.T.);
#3611=EDGE_CURVE('',#2783,#2781,#383,.T.);
#3612=EDGE_CURVE('',#2782,#2783,#1694,.T.);
#3613=EDGE_CURVE('',#2782,#2784,#384,.T.);
#3614=EDGE_CURVE('',#2785,#2783,#385,.T.);
#3615=EDGE_CURVE('',#2784,#2785,#1695,.T.);
#3616=EDGE_CURVE('',#2784,#2786,#386,.T.);
#3617=EDGE_CURVE('',#2787,#2785,#387,.T.);
#3618=EDGE_CURVE('',#2786,#2787,#1696,.T.);
#3619=EDGE_CURVE('',#2786,#2788,#388,.T.);
#3620=EDGE_CURVE('',#2789,#2787,#389,.T.);
#3621=EDGE_CURVE('',#2788,#2789,#1697,.T.);
#3622=EDGE_CURVE('',#2788,#2790,#390,.T.);
#3623=EDGE_CURVE('',#2791,#2789,#391,.T.);
#3624=EDGE_CURVE('',#2790,#2791,#1698,.T.);
#3625=EDGE_CURVE('',#2790,#2792,#392,.T.);
#3626=EDGE_CURVE('',#2793,#2791,#393,.T.);
#3627=EDGE_CURVE('',#2792,#2793,#1699,.T.);
#3628=EDGE_CURVE('',#2792,#2794,#1700,.T.);
#3629=EDGE_CURVE('',#2795,#2793,#1701,.T.);
#3630=EDGE_CURVE('',#2794,#2795,#1702,.T.);
#3631=EDGE_CURVE('',#2794,#2796,#394,.T.);
#3632=EDGE_CURVE('',#2797,#2795,#395,.T.);
#3633=EDGE_CURVE('',#2796,#2797,#1703,.T.);
#3634=EDGE_CURVE('',#2796,#2798,#396,.T.);
#3635=EDGE_CURVE('',#2799,#2797,#397,.T.);
#3636=EDGE_CURVE('',#2798,#2799,#1704,.T.);
#3637=EDGE_CURVE('',#2798,#2800,#398,.T.);
#3638=EDGE_CURVE('',#2801,#2799,#399,.T.);
#3639=EDGE_CURVE('',#2800,#2801,#1705,.T.);
#3640=EDGE_CURVE('',#2800,#2802,#1706,.T.);
#3641=EDGE_CURVE('',#2803,#2801,#1707,.T.);
#3642=EDGE_CURVE('',#2802,#2803,#1708,.T.);
#3643=EDGE_CURVE('',#2802,#2772,#1709,.T.);
#3644=EDGE_CURVE('',#2774,#2803,#1710,.T.);
#3645=EDGE_CURVE('',#2804,#2805,#19,.T.);
#3646=EDGE_CURVE('',#2805,#2806,#1711,.T.);
#3647=EDGE_CURVE('',#2806,#2807,#20,.T.);
#3648=EDGE_CURVE('',#2807,#2804,#1712,.T.);
#3649=EDGE_CURVE('',#2808,#2805,#1713,.T.);
#3650=EDGE_CURVE('',#2809,#2808,#1714,.T.);
#3651=EDGE_CURVE('',#2809,#2806,#1715,.T.);
#3652=EDGE_CURVE('',#2804,#2810,#1716,.T.);
#3653=EDGE_CURVE('',#2811,#2810,#21,.T.);
#3654=EDGE_CURVE('',#2811,#2812,#1717,.T.);
#3655=EDGE_CURVE('',#2813,#2812,#22,.T.);
#3656=EDGE_CURVE('',#2813,#2814,#1718,.T.);
#3657=EDGE_CURVE('',#2808,#2814,#23,.T.);
#3658=EDGE_CURVE('',#2815,#2816,#1719,.T.);
#3659=EDGE_CURVE('',#2817,#2815,#1720,.T.);
#3660=EDGE_CURVE('',#2818,#2817,#1721,.T.);
#3661=EDGE_CURVE('',#2816,#2818,#1722,.T.);
#3662=EDGE_CURVE('',#2819,#2819,#24,.T.);
#3663=EDGE_CURVE('',#2820,#2820,#25,.T.);
#3664=EDGE_CURVE('',#2821,#2821,#26,.T.);
#3665=EDGE_CURVE('',#2822,#2822,#27,.T.);
#3666=EDGE_CURVE('',#2810,#2823,#1723,.T.);
#3667=EDGE_CURVE('',#2823,#2824,#28,.T.);
#3668=EDGE_CURVE('',#2824,#2811,#1724,.T.);
#3669=EDGE_CURVE('',#2824,#2825,#1725,.T.);
#3670=EDGE_CURVE('',#2812,#2825,#1726,.T.);
#3671=EDGE_CURVE('',#2825,#2826,#29,.T.);
#3672=EDGE_CURVE('',#2826,#2813,#1727,.T.);
#3673=EDGE_CURVE('',#2814,#2827,#1728,.T.);
#3674=EDGE_CURVE('',#2827,#2809,#30,.T.);
#3675=EDGE_CURVE('',#2826,#2827,#1729,.T.);
#3676=EDGE_CURVE('',#2807,#2823,#1730,.T.);
#3677=EDGE_CURVE('',#2828,#2828,#31,.T.);
#3678=EDGE_CURVE('',#2829,#2829,#32,.T.);
#3679=EDGE_CURVE('',#2830,#2830,#33,.T.);
#3680=EDGE_CURVE('',#2831,#2831,#34,.T.);
#3681=EDGE_CURVE('',#2832,#2833,#1731,.T.);
#3682=EDGE_CURVE('',#2834,#2832,#1732,.T.);
#3683=EDGE_CURVE('',#2835,#2834,#1733,.T.);
#3684=EDGE_CURVE('',#2833,#2835,#1734,.T.);
#3685=EDGE_CURVE('',#2822,#2836,#1735,.T.);
#3686=EDGE_CURVE('',#2836,#2836,#35,.T.);
#3687=EDGE_CURVE('',#2837,#2837,#36,.T.);
#3688=EDGE_CURVE('',#2821,#2838,#1736,.T.);
#3689=EDGE_CURVE('',#2838,#2838,#37,.T.);
#3690=EDGE_CURVE('',#2839,#2839,#38,.T.);
#3691=EDGE_CURVE('',#2820,#2840,#1737,.T.);
#3692=EDGE_CURVE('',#2840,#2840,#39,.T.);
#3693=EDGE_CURVE('',#2841,#2841,#40,.T.);
#3694=EDGE_CURVE('',#2819,#2842,#1738,.T.);
#3695=EDGE_CURVE('',#2842,#2842,#41,.T.);
#3696=EDGE_CURVE('',#2843,#2843,#42,.T.);
#3697=EDGE_CURVE('',#2837,#2828,#1739,.T.);
#3698=EDGE_CURVE('',#2843,#2829,#1740,.T.);
#3699=EDGE_CURVE('',#2841,#2830,#1741,.T.);
#3700=EDGE_CURVE('',#2839,#2831,#1742,.T.);
#3701=EDGE_CURVE('',#2816,#2834,#15,.T.);
#3702=EDGE_CURVE('',#2815,#2832,#16,.T.);
#3703=EDGE_CURVE('',#2818,#2835,#17,.T.);
#3704=EDGE_CURVE('',#2817,#2833,#18,.T.);
#3705=ORIENTED_EDGE('',*,*,#2844,.F.);
#3706=ORIENTED_EDGE('',*,*,#2845,.T.);
#3707=ORIENTED_EDGE('',*,*,#2846,.F.);
#3708=ORIENTED_EDGE('',*,*,#2847,.F.);
#3709=ORIENTED_EDGE('',*,*,#2848,.F.);
#3710=ORIENTED_EDGE('',*,*,#2847,.T.);
#3711=ORIENTED_EDGE('',*,*,#2849,.F.);
#3712=ORIENTED_EDGE('',*,*,#2850,.F.);
#3713=ORIENTED_EDGE('',*,*,#2851,.F.);
#3714=ORIENTED_EDGE('',*,*,#2850,.T.);
#3715=ORIENTED_EDGE('',*,*,#2852,.F.);
#3716=ORIENTED_EDGE('',*,*,#2853,.F.);
#3717=ORIENTED_EDGE('',*,*,#2854,.F.);
#3718=ORIENTED_EDGE('',*,*,#2853,.T.);
#3719=ORIENTED_EDGE('',*,*,#2855,.F.);
#3720=ORIENTED_EDGE('',*,*,#2856,.F.);
#3721=ORIENTED_EDGE('',*,*,#2857,.F.);
#3722=ORIENTED_EDGE('',*,*,#2856,.T.);
#3723=ORIENTED_EDGE('',*,*,#2858,.F.);
#3724=ORIENTED_EDGE('',*,*,#2859,.F.);
#3725=ORIENTED_EDGE('',*,*,#2860,.F.);
#3726=ORIENTED_EDGE('',*,*,#2859,.T.);
#3727=ORIENTED_EDGE('',*,*,#2861,.F.);
#3728=ORIENTED_EDGE('',*,*,#2862,.F.);
#3729=ORIENTED_EDGE('',*,*,#2863,.F.);
#3730=ORIENTED_EDGE('',*,*,#2862,.T.);
#3731=ORIENTED_EDGE('',*,*,#2864,.F.);
#3732=ORIENTED_EDGE('',*,*,#2865,.F.);
#3733=ORIENTED_EDGE('',*,*,#2866,.F.);
#3734=ORIENTED_EDGE('',*,*,#2865,.T.);
#3735=ORIENTED_EDGE('',*,*,#2867,.F.);
#3736=ORIENTED_EDGE('',*,*,#2868,.F.);
#3737=ORIENTED_EDGE('',*,*,#2869,.F.);
#3738=ORIENTED_EDGE('',*,*,#2868,.T.);
#3739=ORIENTED_EDGE('',*,*,#2870,.F.);
#3740=ORIENTED_EDGE('',*,*,#2871,.F.);
#3741=ORIENTED_EDGE('',*,*,#2872,.F.);
#3742=ORIENTED_EDGE('',*,*,#2871,.T.);
#3743=ORIENTED_EDGE('',*,*,#2873,.F.);
#3744=ORIENTED_EDGE('',*,*,#2845,.F.);
#3745=ORIENTED_EDGE('',*,*,#2874,.F.);
#3746=ORIENTED_EDGE('',*,*,#2875,.T.);
#3747=ORIENTED_EDGE('',*,*,#2876,.F.);
#3748=ORIENTED_EDGE('',*,*,#2877,.F.);
#3749=ORIENTED_EDGE('',*,*,#2878,.F.);
#3750=ORIENTED_EDGE('',*,*,#2877,.T.);
#3751=ORIENTED_EDGE('',*,*,#2879,.F.);
#3752=ORIENTED_EDGE('',*,*,#2880,.F.);
#3753=ORIENTED_EDGE('',*,*,#2881,.F.);
#3754=ORIENTED_EDGE('',*,*,#2880,.T.);
#3755=ORIENTED_EDGE('',*,*,#2882,.F.);
#3756=ORIENTED_EDGE('',*,*,#2883,.F.);
#3757=ORIENTED_EDGE('',*,*,#2884,.F.);
#3758=ORIENTED_EDGE('',*,*,#2883,.T.);
#3759=ORIENTED_EDGE('',*,*,#2885,.F.);
#3760=ORIENTED_EDGE('',*,*,#2886,.F.);
#3761=ORIENTED_EDGE('',*,*,#2887,.F.);
#3762=ORIENTED_EDGE('',*,*,#2886,.T.);
#3763=ORIENTED_EDGE('',*,*,#2888,.F.);
#3764=ORIENTED_EDGE('',*,*,#2889,.F.);
#3765=ORIENTED_EDGE('',*,*,#2890,.F.);
#3766=ORIENTED_EDGE('',*,*,#2889,.T.);
#3767=ORIENTED_EDGE('',*,*,#2891,.F.);
#3768=ORIENTED_EDGE('',*,*,#2892,.F.);
#3769=ORIENTED_EDGE('',*,*,#2893,.F.);
#3770=ORIENTED_EDGE('',*,*,#2892,.T.);
#3771=ORIENTED_EDGE('',*,*,#2894,.F.);
#3772=ORIENTED_EDGE('',*,*,#2895,.F.);
#3773=ORIENTED_EDGE('',*,*,#2896,.F.);
#3774=ORIENTED_EDGE('',*,*,#2895,.T.);
#3775=ORIENTED_EDGE('',*,*,#2897,.F.);
#3776=ORIENTED_EDGE('',*,*,#2898,.F.);
#3777=ORIENTED_EDGE('',*,*,#2899,.F.);
#3778=ORIENTED_EDGE('',*,*,#2898,.T.);
#3779=ORIENTED_EDGE('',*,*,#2900,.F.);
#3780=ORIENTED_EDGE('',*,*,#2901,.F.);
#3781=ORIENTED_EDGE('',*,*,#2902,.F.);
#3782=ORIENTED_EDGE('',*,*,#2901,.T.);
#3783=ORIENTED_EDGE('',*,*,#2903,.F.);
#3784=ORIENTED_EDGE('',*,*,#2904,.F.);
#3785=ORIENTED_EDGE('',*,*,#2905,.F.);
#3786=ORIENTED_EDGE('',*,*,#2904,.T.);
#3787=ORIENTED_EDGE('',*,*,#2906,.F.);
#3788=ORIENTED_EDGE('',*,*,#2907,.F.);
#3789=ORIENTED_EDGE('',*,*,#2908,.F.);
#3790=ORIENTED_EDGE('',*,*,#2907,.T.);
#3791=ORIENTED_EDGE('',*,*,#2909,.F.);
#3792=ORIENTED_EDGE('',*,*,#2910,.F.);
#3793=ORIENTED_EDGE('',*,*,#2911,.F.);
#3794=ORIENTED_EDGE('',*,*,#2910,.T.);
#3795=ORIENTED_EDGE('',*,*,#2912,.F.);
#3796=ORIENTED_EDGE('',*,*,#2875,.F.);
#3797=ORIENTED_EDGE('',*,*,#2912,.T.);
#3798=ORIENTED_EDGE('',*,*,#2909,.T.);
#3799=ORIENTED_EDGE('',*,*,#2906,.T.);
#3800=ORIENTED_EDGE('',*,*,#2903,.T.);
#3801=ORIENTED_EDGE('',*,*,#2900,.T.);
#3802=ORIENTED_EDGE('',*,*,#2897,.T.);
#3803=ORIENTED_EDGE('',*,*,#2894,.T.);
#3804=ORIENTED_EDGE('',*,*,#2891,.T.);
#3805=ORIENTED_EDGE('',*,*,#2888,.T.);
#3806=ORIENTED_EDGE('',*,*,#2885,.T.);
#3807=ORIENTED_EDGE('',*,*,#2882,.T.);
#3808=ORIENTED_EDGE('',*,*,#2879,.T.);
#3809=ORIENTED_EDGE('',*,*,#2876,.T.);
#3810=ORIENTED_EDGE('',*,*,#2873,.T.);
#3811=ORIENTED_EDGE('',*,*,#2870,.T.);
#3812=ORIENTED_EDGE('',*,*,#2867,.T.);
#3813=ORIENTED_EDGE('',*,*,#2864,.T.);
#3814=ORIENTED_EDGE('',*,*,#2861,.T.);
#3815=ORIENTED_EDGE('',*,*,#2858,.T.);
#3816=ORIENTED_EDGE('',*,*,#2855,.T.);
#3817=ORIENTED_EDGE('',*,*,#2852,.T.);
#3818=ORIENTED_EDGE('',*,*,#2849,.T.);
#3819=ORIENTED_EDGE('',*,*,#2846,.T.);
#3820=ORIENTED_EDGE('',*,*,#2844,.T.);
#3821=ORIENTED_EDGE('',*,*,#2848,.T.);
#3822=ORIENTED_EDGE('',*,*,#2851,.T.);
#3823=ORIENTED_EDGE('',*,*,#2854,.T.);
#3824=ORIENTED_EDGE('',*,*,#2857,.T.);
#3825=ORIENTED_EDGE('',*,*,#2860,.T.);
#3826=ORIENTED_EDGE('',*,*,#2863,.T.);
#3827=ORIENTED_EDGE('',*,*,#2866,.T.);
#3828=ORIENTED_EDGE('',*,*,#2869,.T.);
#3829=ORIENTED_EDGE('',*,*,#2872,.T.);
#3830=ORIENTED_EDGE('',*,*,#2913,.F.);
#3831=ORIENTED_EDGE('',*,*,#2914,.T.);
#3832=ORIENTED_EDGE('',*,*,#2915,.F.);
#3833=ORIENTED_EDGE('',*,*,#2916,.F.);
#3834=ORIENTED_EDGE('',*,*,#2917,.F.);
#3835=ORIENTED_EDGE('',*,*,#2916,.T.);
#3836=ORIENTED_EDGE('',*,*,#2918,.F.);
#3837=ORIENTED_EDGE('',*,*,#2919,.F.);
#3838=ORIENTED_EDGE('',*,*,#2920,.F.);
#3839=ORIENTED_EDGE('',*,*,#2919,.T.);
#3840=ORIENTED_EDGE('',*,*,#2921,.F.);
#3841=ORIENTED_EDGE('',*,*,#2922,.F.);
#3842=ORIENTED_EDGE('',*,*,#2923,.F.);
#3843=ORIENTED_EDGE('',*,*,#2922,.T.);
#3844=ORIENTED_EDGE('',*,*,#2924,.F.);
#3845=ORIENTED_EDGE('',*,*,#2925,.F.);
#3846=ORIENTED_EDGE('',*,*,#2926,.F.);
#3847=ORIENTED_EDGE('',*,*,#2925,.T.);
#3848=ORIENTED_EDGE('',*,*,#2927,.F.);
#3849=ORIENTED_EDGE('',*,*,#2928,.F.);
#3850=ORIENTED_EDGE('',*,*,#2929,.F.);
#3851=ORIENTED_EDGE('',*,*,#2928,.T.);
#3852=ORIENTED_EDGE('',*,*,#2930,.F.);
#3853=ORIENTED_EDGE('',*,*,#2931,.F.);
#3854=ORIENTED_EDGE('',*,*,#2932,.F.);
#3855=ORIENTED_EDGE('',*,*,#2931,.T.);
#3856=ORIENTED_EDGE('',*,*,#2933,.F.);
#3857=ORIENTED_EDGE('',*,*,#2934,.F.);
#3858=ORIENTED_EDGE('',*,*,#2935,.F.);
#3859=ORIENTED_EDGE('',*,*,#2934,.T.);
#3860=ORIENTED_EDGE('',*,*,#2936,.F.);
#3861=ORIENTED_EDGE('',*,*,#2937,.F.);
#3862=ORIENTED_EDGE('',*,*,#2938,.F.);
#3863=ORIENTED_EDGE('',*,*,#2937,.T.);
#3864=ORIENTED_EDGE('',*,*,#2939,.F.);
#3865=ORIENTED_EDGE('',*,*,#2914,.F.);
#3866=ORIENTED_EDGE('',*,*,#2940,.F.);
#3867=ORIENTED_EDGE('',*,*,#2941,.T.);
#3868=ORIENTED_EDGE('',*,*,#2942,.F.);
#3869=ORIENTED_EDGE('',*,*,#2943,.F.);
#3870=ORIENTED_EDGE('',*,*,#2944,.F.);
#3871=ORIENTED_EDGE('',*,*,#2943,.T.);
#3872=ORIENTED_EDGE('',*,*,#2945,.F.);
#3873=ORIENTED_EDGE('',*,*,#2946,.F.);
#3874=ORIENTED_EDGE('',*,*,#2947,.F.);
#3875=ORIENTED_EDGE('',*,*,#2946,.T.);
#3876=ORIENTED_EDGE('',*,*,#2948,.F.);
#3877=ORIENTED_EDGE('',*,*,#2949,.F.);
#3878=ORIENTED_EDGE('',*,*,#2950,.F.);
#3879=ORIENTED_EDGE('',*,*,#2949,.T.);
#3880=ORIENTED_EDGE('',*,*,#2951,.F.);
#3881=ORIENTED_EDGE('',*,*,#2952,.F.);
#3882=ORIENTED_EDGE('',*,*,#2953,.F.);
#3883=ORIENTED_EDGE('',*,*,#2952,.T.);
#3884=ORIENTED_EDGE('',*,*,#2954,.F.);
#3885=ORIENTED_EDGE('',*,*,#2955,.F.);
#3886=ORIENTED_EDGE('',*,*,#2956,.F.);
#3887=ORIENTED_EDGE('',*,*,#2955,.T.);
#3888=ORIENTED_EDGE('',*,*,#2957,.F.);
#3889=ORIENTED_EDGE('',*,*,#2958,.F.);
#3890=ORIENTED_EDGE('',*,*,#2959,.F.);
#3891=ORIENTED_EDGE('',*,*,#2958,.T.);
#3892=ORIENTED_EDGE('',*,*,#2960,.F.);
#3893=ORIENTED_EDGE('',*,*,#2961,.F.);
#3894=ORIENTED_EDGE('',*,*,#2962,.F.);
#3895=ORIENTED_EDGE('',*,*,#2961,.T.);
#3896=ORIENTED_EDGE('',*,*,#2963,.F.);
#3897=ORIENTED_EDGE('',*,*,#2964,.F.);
#3898=ORIENTED_EDGE('',*,*,#2965,.F.);
#3899=ORIENTED_EDGE('',*,*,#2964,.T.);
#3900=ORIENTED_EDGE('',*,*,#2966,.F.);
#3901=ORIENTED_EDGE('',*,*,#2967,.F.);
#3902=ORIENTED_EDGE('',*,*,#2968,.F.);
#3903=ORIENTED_EDGE('',*,*,#2967,.T.);
#3904=ORIENTED_EDGE('',*,*,#2969,.F.);
#3905=ORIENTED_EDGE('',*,*,#2970,.F.);
#3906=ORIENTED_EDGE('',*,*,#2971,.F.);
#3907=ORIENTED_EDGE('',*,*,#2970,.T.);
#3908=ORIENTED_EDGE('',*,*,#2972,.F.);
#3909=ORIENTED_EDGE('',*,*,#2973,.F.);
#3910=ORIENTED_EDGE('',*,*,#2974,.F.);
#3911=ORIENTED_EDGE('',*,*,#2973,.T.);
#3912=ORIENTED_EDGE('',*,*,#2975,.F.);
#3913=ORIENTED_EDGE('',*,*,#2941,.F.);
#3914=ORIENTED_EDGE('',*,*,#2975,.T.);
#3915=ORIENTED_EDGE('',*,*,#2972,.T.);
#3916=ORIENTED_EDGE('',*,*,#2969,.T.);
#3917=ORIENTED_EDGE('',*,*,#2966,.T.);
#3918=ORIENTED_EDGE('',*,*,#2963,.T.);
#3919=ORIENTED_EDGE('',*,*,#2960,.T.);
#3920=ORIENTED_EDGE('',*,*,#2957,.T.);
#3921=ORIENTED_EDGE('',*,*,#2954,.T.);
#3922=ORIENTED_EDGE('',*,*,#2951,.T.);
#3923=ORIENTED_EDGE('',*,*,#2948,.T.);
#3924=ORIENTED_EDGE('',*,*,#2945,.T.);
#3925=ORIENTED_EDGE('',*,*,#2942,.T.);
#3926=ORIENTED_EDGE('',*,*,#2939,.T.);
#3927=ORIENTED_EDGE('',*,*,#2936,.T.);
#3928=ORIENTED_EDGE('',*,*,#2933,.T.);
#3929=ORIENTED_EDGE('',*,*,#2930,.T.);
#3930=ORIENTED_EDGE('',*,*,#2927,.T.);
#3931=ORIENTED_EDGE('',*,*,#2924,.T.);
#3932=ORIENTED_EDGE('',*,*,#2921,.T.);
#3933=ORIENTED_EDGE('',*,*,#2918,.T.);
#3934=ORIENTED_EDGE('',*,*,#2915,.T.);
#3935=ORIENTED_EDGE('',*,*,#2913,.T.);
#3936=ORIENTED_EDGE('',*,*,#2917,.T.);
#3937=ORIENTED_EDGE('',*,*,#2920,.T.);
#3938=ORIENTED_EDGE('',*,*,#2923,.T.);
#3939=ORIENTED_EDGE('',*,*,#2926,.T.);
#3940=ORIENTED_EDGE('',*,*,#2929,.T.);
#3941=ORIENTED_EDGE('',*,*,#2932,.T.);
#3942=ORIENTED_EDGE('',*,*,#2935,.T.);
#3943=ORIENTED_EDGE('',*,*,#2938,.T.);
#3944=ORIENTED_EDGE('',*,*,#2976,.F.);
#3945=ORIENTED_EDGE('',*,*,#2977,.T.);
#3946=ORIENTED_EDGE('',*,*,#2978,.F.);
#3947=ORIENTED_EDGE('',*,*,#2979,.F.);
#3948=ORIENTED_EDGE('',*,*,#2980,.F.);
#3949=ORIENTED_EDGE('',*,*,#2979,.T.);
#3950=ORIENTED_EDGE('',*,*,#2981,.F.);
#3951=ORIENTED_EDGE('',*,*,#2982,.F.);
#3952=ORIENTED_EDGE('',*,*,#2983,.F.);
#3953=ORIENTED_EDGE('',*,*,#2982,.T.);
#3954=ORIENTED_EDGE('',*,*,#2984,.F.);
#3955=ORIENTED_EDGE('',*,*,#2985,.F.);
#3956=ORIENTED_EDGE('',*,*,#2986,.F.);
#3957=ORIENTED_EDGE('',*,*,#2985,.T.);
#3958=ORIENTED_EDGE('',*,*,#2987,.F.);
#3959=ORIENTED_EDGE('',*,*,#2988,.F.);
#3960=ORIENTED_EDGE('',*,*,#2989,.F.);
#3961=ORIENTED_EDGE('',*,*,#2988,.T.);
#3962=ORIENTED_EDGE('',*,*,#2990,.F.);
#3963=ORIENTED_EDGE('',*,*,#2991,.F.);
#3964=ORIENTED_EDGE('',*,*,#2992,.F.);
#3965=ORIENTED_EDGE('',*,*,#2991,.T.);
#3966=ORIENTED_EDGE('',*,*,#2993,.F.);
#3967=ORIENTED_EDGE('',*,*,#2994,.F.);
#3968=ORIENTED_EDGE('',*,*,#2995,.F.);
#3969=ORIENTED_EDGE('',*,*,#2994,.T.);
#3970=ORIENTED_EDGE('',*,*,#2996,.F.);
#3971=ORIENTED_EDGE('',*,*,#2997,.F.);
#3972=ORIENTED_EDGE('',*,*,#2998,.F.);
#3973=ORIENTED_EDGE('',*,*,#2997,.T.);
#3974=ORIENTED_EDGE('',*,*,#2999,.F.);
#3975=ORIENTED_EDGE('',*,*,#3000,.F.);
#3976=ORIENTED_EDGE('',*,*,#3001,.F.);
#3977=ORIENTED_EDGE('',*,*,#3000,.T.);
#3978=ORIENTED_EDGE('',*,*,#3002,.F.);
#3979=ORIENTED_EDGE('',*,*,#3003,.F.);
#3980=ORIENTED_EDGE('',*,*,#3004,.F.);
#3981=ORIENTED_EDGE('',*,*,#3003,.T.);
#3982=ORIENTED_EDGE('',*,*,#3005,.F.);
#3983=ORIENTED_EDGE('',*,*,#3006,.F.);
#3984=ORIENTED_EDGE('',*,*,#3007,.F.);
#3985=ORIENTED_EDGE('',*,*,#3006,.T.);
#3986=ORIENTED_EDGE('',*,*,#3008,.F.);
#3987=ORIENTED_EDGE('',*,*,#3009,.F.);
#3988=ORIENTED_EDGE('',*,*,#3010,.F.);
#3989=ORIENTED_EDGE('',*,*,#3009,.T.);
#3990=ORIENTED_EDGE('',*,*,#3011,.F.);
#3991=ORIENTED_EDGE('',*,*,#3012,.F.);
#3992=ORIENTED_EDGE('',*,*,#3013,.F.);
#3993=ORIENTED_EDGE('',*,*,#3012,.T.);
#3994=ORIENTED_EDGE('',*,*,#3014,.F.);
#3995=ORIENTED_EDGE('',*,*,#3015,.F.);
#3996=ORIENTED_EDGE('',*,*,#3016,.F.);
#3997=ORIENTED_EDGE('',*,*,#3015,.T.);
#3998=ORIENTED_EDGE('',*,*,#3017,.F.);
#3999=ORIENTED_EDGE('',*,*,#3018,.F.);
#4000=ORIENTED_EDGE('',*,*,#3019,.F.);
#4001=ORIENTED_EDGE('',*,*,#3018,.T.);
#4002=ORIENTED_EDGE('',*,*,#3020,.F.);
#4003=ORIENTED_EDGE('',*,*,#3021,.F.);
#4004=ORIENTED_EDGE('',*,*,#3022,.F.);
#4005=ORIENTED_EDGE('',*,*,#3021,.T.);
#4006=ORIENTED_EDGE('',*,*,#3023,.F.);
#4007=ORIENTED_EDGE('',*,*,#3024,.F.);
#4008=ORIENTED_EDGE('',*,*,#3025,.F.);
#4009=ORIENTED_EDGE('',*,*,#3024,.T.);
#4010=ORIENTED_EDGE('',*,*,#3026,.F.);
#4011=ORIENTED_EDGE('',*,*,#3027,.F.);
#4012=ORIENTED_EDGE('',*,*,#3028,.F.);
#4013=ORIENTED_EDGE('',*,*,#3027,.T.);
#4014=ORIENTED_EDGE('',*,*,#3029,.F.);
#4015=ORIENTED_EDGE('',*,*,#3030,.F.);
#4016=ORIENTED_EDGE('',*,*,#3031,.F.);
#4017=ORIENTED_EDGE('',*,*,#3030,.T.);
#4018=ORIENTED_EDGE('',*,*,#3032,.F.);
#4019=ORIENTED_EDGE('',*,*,#3033,.F.);
#4020=ORIENTED_EDGE('',*,*,#3034,.F.);
#4021=ORIENTED_EDGE('',*,*,#3033,.T.);
#4022=ORIENTED_EDGE('',*,*,#3035,.F.);
#4023=ORIENTED_EDGE('',*,*,#3036,.F.);
#4024=ORIENTED_EDGE('',*,*,#3037,.F.);
#4025=ORIENTED_EDGE('',*,*,#3036,.T.);
#4026=ORIENTED_EDGE('',*,*,#3038,.F.);
#4027=ORIENTED_EDGE('',*,*,#3039,.F.);
#4028=ORIENTED_EDGE('',*,*,#3040,.F.);
#4029=ORIENTED_EDGE('',*,*,#3039,.T.);
#4030=ORIENTED_EDGE('',*,*,#3041,.F.);
#4031=ORIENTED_EDGE('',*,*,#3042,.F.);
#4032=ORIENTED_EDGE('',*,*,#3043,.F.);
#4033=ORIENTED_EDGE('',*,*,#3042,.T.);
#4034=ORIENTED_EDGE('',*,*,#3044,.F.);
#4035=ORIENTED_EDGE('',*,*,#3045,.F.);
#4036=ORIENTED_EDGE('',*,*,#3046,.F.);
#4037=ORIENTED_EDGE('',*,*,#3045,.T.);
#4038=ORIENTED_EDGE('',*,*,#3047,.F.);
#4039=ORIENTED_EDGE('',*,*,#3048,.F.);
#4040=ORIENTED_EDGE('',*,*,#3049,.F.);
#4041=ORIENTED_EDGE('',*,*,#3048,.T.);
#4042=ORIENTED_EDGE('',*,*,#3050,.F.);
#4043=ORIENTED_EDGE('',*,*,#3051,.F.);
#4044=ORIENTED_EDGE('',*,*,#3052,.F.);
#4045=ORIENTED_EDGE('',*,*,#3051,.T.);
#4046=ORIENTED_EDGE('',*,*,#3053,.F.);
#4047=ORIENTED_EDGE('',*,*,#3054,.F.);
#4048=ORIENTED_EDGE('',*,*,#3055,.F.);
#4049=ORIENTED_EDGE('',*,*,#3054,.T.);
#4050=ORIENTED_EDGE('',*,*,#3056,.F.);
#4051=ORIENTED_EDGE('',*,*,#3057,.F.);
#4052=ORIENTED_EDGE('',*,*,#3058,.F.);
#4053=ORIENTED_EDGE('',*,*,#3057,.T.);
#4054=ORIENTED_EDGE('',*,*,#3059,.F.);
#4055=ORIENTED_EDGE('',*,*,#2977,.F.);
#4056=ORIENTED_EDGE('',*,*,#3059,.T.);
#4057=ORIENTED_EDGE('',*,*,#3056,.T.);
#4058=ORIENTED_EDGE('',*,*,#3053,.T.);
#4059=ORIENTED_EDGE('',*,*,#3050,.T.);
#4060=ORIENTED_EDGE('',*,*,#3047,.T.);
#4061=ORIENTED_EDGE('',*,*,#3044,.T.);
#4062=ORIENTED_EDGE('',*,*,#3041,.T.);
#4063=ORIENTED_EDGE('',*,*,#3038,.T.);
#4064=ORIENTED_EDGE('',*,*,#3035,.T.);
#4065=ORIENTED_EDGE('',*,*,#3032,.T.);
#4066=ORIENTED_EDGE('',*,*,#3029,.T.);
#4067=ORIENTED_EDGE('',*,*,#3026,.T.);
#4068=ORIENTED_EDGE('',*,*,#3023,.T.);
#4069=ORIENTED_EDGE('',*,*,#3020,.T.);
#4070=ORIENTED_EDGE('',*,*,#3017,.T.);
#4071=ORIENTED_EDGE('',*,*,#3014,.T.);
#4072=ORIENTED_EDGE('',*,*,#3011,.T.);
#4073=ORIENTED_EDGE('',*,*,#3008,.T.);
#4074=ORIENTED_EDGE('',*,*,#3005,.T.);
#4075=ORIENTED_EDGE('',*,*,#3002,.T.);
#4076=ORIENTED_EDGE('',*,*,#2999,.T.);
#4077=ORIENTED_EDGE('',*,*,#2996,.T.);
#4078=ORIENTED_EDGE('',*,*,#2993,.T.);
#4079=ORIENTED_EDGE('',*,*,#2990,.T.);
#4080=ORIENTED_EDGE('',*,*,#2987,.T.);
#4081=ORIENTED_EDGE('',*,*,#2984,.T.);
#4082=ORIENTED_EDGE('',*,*,#2981,.T.);
#4083=ORIENTED_EDGE('',*,*,#2978,.T.);
#4084=ORIENTED_EDGE('',*,*,#3060,.F.);
#4085=ORIENTED_EDGE('',*,*,#3061,.T.);
#4086=ORIENTED_EDGE('',*,*,#3062,.F.);
#4087=ORIENTED_EDGE('',*,*,#3063,.F.);
#4088=ORIENTED_EDGE('',*,*,#3064,.F.);
#4089=ORIENTED_EDGE('',*,*,#3063,.T.);
#4090=ORIENTED_EDGE('',*,*,#3065,.F.);
#4091=ORIENTED_EDGE('',*,*,#3066,.F.);
#4092=ORIENTED_EDGE('',*,*,#3067,.F.);
#4093=ORIENTED_EDGE('',*,*,#3066,.T.);
#4094=ORIENTED_EDGE('',*,*,#3068,.F.);
#4095=ORIENTED_EDGE('',*,*,#3069,.F.);
#4096=ORIENTED_EDGE('',*,*,#3070,.F.);
#4097=ORIENTED_EDGE('',*,*,#3069,.T.);
#4098=ORIENTED_EDGE('',*,*,#3071,.F.);
#4099=ORIENTED_EDGE('',*,*,#3072,.F.);
#4100=ORIENTED_EDGE('',*,*,#3073,.F.);
#4101=ORIENTED_EDGE('',*,*,#3072,.T.);
#4102=ORIENTED_EDGE('',*,*,#3074,.F.);
#4103=ORIENTED_EDGE('',*,*,#3075,.F.);
#4104=ORIENTED_EDGE('',*,*,#3076,.F.);
#4105=ORIENTED_EDGE('',*,*,#3075,.T.);
#4106=ORIENTED_EDGE('',*,*,#3077,.F.);
#4107=ORIENTED_EDGE('',*,*,#3078,.F.);
#4108=ORIENTED_EDGE('',*,*,#3079,.F.);
#4109=ORIENTED_EDGE('',*,*,#3078,.T.);
#4110=ORIENTED_EDGE('',*,*,#3080,.F.);
#4111=ORIENTED_EDGE('',*,*,#3081,.F.);
#4112=ORIENTED_EDGE('',*,*,#3082,.F.);
#4113=ORIENTED_EDGE('',*,*,#3081,.T.);
#4114=ORIENTED_EDGE('',*,*,#3083,.F.);
#4115=ORIENTED_EDGE('',*,*,#3084,.F.);
#4116=ORIENTED_EDGE('',*,*,#3085,.F.);
#4117=ORIENTED_EDGE('',*,*,#3084,.T.);
#4118=ORIENTED_EDGE('',*,*,#3086,.F.);
#4119=ORIENTED_EDGE('',*,*,#3087,.F.);
#4120=ORIENTED_EDGE('',*,*,#3088,.F.);
#4121=ORIENTED_EDGE('',*,*,#3087,.T.);
#4122=ORIENTED_EDGE('',*,*,#3089,.F.);
#4123=ORIENTED_EDGE('',*,*,#3061,.F.);
#4124=ORIENTED_EDGE('',*,*,#3089,.T.);
#4125=ORIENTED_EDGE('',*,*,#3086,.T.);
#4126=ORIENTED_EDGE('',*,*,#3083,.T.);
#4127=ORIENTED_EDGE('',*,*,#3080,.T.);
#4128=ORIENTED_EDGE('',*,*,#3077,.T.);
#4129=ORIENTED_EDGE('',*,*,#3074,.T.);
#4130=ORIENTED_EDGE('',*,*,#3071,.T.);
#4131=ORIENTED_EDGE('',*,*,#3068,.T.);
#4132=ORIENTED_EDGE('',*,*,#3065,.T.);
#4133=ORIENTED_EDGE('',*,*,#3062,.T.);
#4134=ORIENTED_EDGE('',*,*,#3090,.F.);
#4135=ORIENTED_EDGE('',*,*,#3091,.T.);
#4136=ORIENTED_EDGE('',*,*,#3092,.F.);
#4137=ORIENTED_EDGE('',*,*,#3093,.F.);
#4138=ORIENTED_EDGE('',*,*,#3094,.F.);
#4139=ORIENTED_EDGE('',*,*,#3093,.T.);
#4140=ORIENTED_EDGE('',*,*,#3095,.F.);
#4141=ORIENTED_EDGE('',*,*,#3096,.F.);
#4142=ORIENTED_EDGE('',*,*,#3097,.F.);
#4143=ORIENTED_EDGE('',*,*,#3096,.T.);
#4144=ORIENTED_EDGE('',*,*,#3098,.F.);
#4145=ORIENTED_EDGE('',*,*,#3099,.F.);
#4146=ORIENTED_EDGE('',*,*,#3100,.F.);
#4147=ORIENTED_EDGE('',*,*,#3099,.T.);
#4148=ORIENTED_EDGE('',*,*,#3101,.F.);
#4149=ORIENTED_EDGE('',*,*,#3102,.F.);
#4150=ORIENTED_EDGE('',*,*,#3103,.F.);
#4151=ORIENTED_EDGE('',*,*,#3102,.T.);
#4152=ORIENTED_EDGE('',*,*,#3104,.F.);
#4153=ORIENTED_EDGE('',*,*,#3105,.F.);
#4154=ORIENTED_EDGE('',*,*,#3106,.F.);
#4155=ORIENTED_EDGE('',*,*,#3105,.T.);
#4156=ORIENTED_EDGE('',*,*,#3107,.F.);
#4157=ORIENTED_EDGE('',*,*,#3108,.F.);
#4158=ORIENTED_EDGE('',*,*,#3109,.F.);
#4159=ORIENTED_EDGE('',*,*,#3108,.T.);
#4160=ORIENTED_EDGE('',*,*,#3110,.F.);
#4161=ORIENTED_EDGE('',*,*,#3111,.F.);
#4162=ORIENTED_EDGE('',*,*,#3112,.F.);
#4163=ORIENTED_EDGE('',*,*,#3111,.T.);
#4164=ORIENTED_EDGE('',*,*,#3113,.F.);
#4165=ORIENTED_EDGE('',*,*,#3114,.F.);
#4166=ORIENTED_EDGE('',*,*,#3115,.F.);
#4167=ORIENTED_EDGE('',*,*,#3114,.T.);
#4168=ORIENTED_EDGE('',*,*,#3116,.F.);
#4169=ORIENTED_EDGE('',*,*,#3117,.F.);
#4170=ORIENTED_EDGE('',*,*,#3118,.F.);
#4171=ORIENTED_EDGE('',*,*,#3117,.T.);
#4172=ORIENTED_EDGE('',*,*,#3119,.F.);
#4173=ORIENTED_EDGE('',*,*,#3120,.F.);
#4174=ORIENTED_EDGE('',*,*,#3121,.F.);
#4175=ORIENTED_EDGE('',*,*,#3120,.T.);
#4176=ORIENTED_EDGE('',*,*,#3122,.F.);
#4177=ORIENTED_EDGE('',*,*,#3123,.F.);
#4178=ORIENTED_EDGE('',*,*,#3124,.F.);
#4179=ORIENTED_EDGE('',*,*,#3123,.T.);
#4180=ORIENTED_EDGE('',*,*,#3125,.F.);
#4181=ORIENTED_EDGE('',*,*,#3126,.F.);
#4182=ORIENTED_EDGE('',*,*,#3127,.F.);
#4183=ORIENTED_EDGE('',*,*,#3126,.T.);
#4184=ORIENTED_EDGE('',*,*,#3128,.F.);
#4185=ORIENTED_EDGE('',*,*,#3129,.F.);
#4186=ORIENTED_EDGE('',*,*,#3130,.F.);
#4187=ORIENTED_EDGE('',*,*,#3129,.T.);
#4188=ORIENTED_EDGE('',*,*,#3131,.F.);
#4189=ORIENTED_EDGE('',*,*,#3132,.F.);
#4190=ORIENTED_EDGE('',*,*,#3133,.F.);
#4191=ORIENTED_EDGE('',*,*,#3132,.T.);
#4192=ORIENTED_EDGE('',*,*,#3134,.F.);
#4193=ORIENTED_EDGE('',*,*,#3135,.F.);
#4194=ORIENTED_EDGE('',*,*,#3136,.F.);
#4195=ORIENTED_EDGE('',*,*,#3135,.T.);
#4196=ORIENTED_EDGE('',*,*,#3137,.F.);
#4197=ORIENTED_EDGE('',*,*,#3138,.F.);
#4198=ORIENTED_EDGE('',*,*,#3139,.F.);
#4199=ORIENTED_EDGE('',*,*,#3138,.T.);
#4200=ORIENTED_EDGE('',*,*,#3140,.F.);
#4201=ORIENTED_EDGE('',*,*,#3141,.F.);
#4202=ORIENTED_EDGE('',*,*,#3142,.F.);
#4203=ORIENTED_EDGE('',*,*,#3141,.T.);
#4204=ORIENTED_EDGE('',*,*,#3143,.F.);
#4205=ORIENTED_EDGE('',*,*,#3144,.F.);
#4206=ORIENTED_EDGE('',*,*,#3145,.F.);
#4207=ORIENTED_EDGE('',*,*,#3144,.T.);
#4208=ORIENTED_EDGE('',*,*,#3146,.F.);
#4209=ORIENTED_EDGE('',*,*,#3147,.F.);
#4210=ORIENTED_EDGE('',*,*,#3148,.F.);
#4211=ORIENTED_EDGE('',*,*,#3147,.T.);
#4212=ORIENTED_EDGE('',*,*,#3149,.F.);
#4213=ORIENTED_EDGE('',*,*,#3150,.F.);
#4214=ORIENTED_EDGE('',*,*,#3151,.F.);
#4215=ORIENTED_EDGE('',*,*,#3150,.T.);
#4216=ORIENTED_EDGE('',*,*,#3152,.F.);
#4217=ORIENTED_EDGE('',*,*,#3153,.F.);
#4218=ORIENTED_EDGE('',*,*,#3154,.F.);
#4219=ORIENTED_EDGE('',*,*,#3153,.T.);
#4220=ORIENTED_EDGE('',*,*,#3155,.F.);
#4221=ORIENTED_EDGE('',*,*,#3156,.F.);
#4222=ORIENTED_EDGE('',*,*,#3157,.F.);
#4223=ORIENTED_EDGE('',*,*,#3156,.T.);
#4224=ORIENTED_EDGE('',*,*,#3158,.F.);
#4225=ORIENTED_EDGE('',*,*,#3159,.F.);
#4226=ORIENTED_EDGE('',*,*,#3160,.F.);
#4227=ORIENTED_EDGE('',*,*,#3159,.T.);
#4228=ORIENTED_EDGE('',*,*,#3161,.F.);
#4229=ORIENTED_EDGE('',*,*,#3162,.F.);
#4230=ORIENTED_EDGE('',*,*,#3163,.F.);
#4231=ORIENTED_EDGE('',*,*,#3162,.T.);
#4232=ORIENTED_EDGE('',*,*,#3164,.F.);
#4233=ORIENTED_EDGE('',*,*,#3165,.F.);
#4234=ORIENTED_EDGE('',*,*,#3166,.F.);
#4235=ORIENTED_EDGE('',*,*,#3165,.T.);
#4236=ORIENTED_EDGE('',*,*,#3167,.F.);
#4237=ORIENTED_EDGE('',*,*,#3168,.F.);
#4238=ORIENTED_EDGE('',*,*,#3169,.F.);
#4239=ORIENTED_EDGE('',*,*,#3168,.T.);
#4240=ORIENTED_EDGE('',*,*,#3170,.F.);
#4241=ORIENTED_EDGE('',*,*,#3171,.F.);
#4242=ORIENTED_EDGE('',*,*,#3172,.F.);
#4243=ORIENTED_EDGE('',*,*,#3171,.T.);
#4244=ORIENTED_EDGE('',*,*,#3173,.F.);
#4245=ORIENTED_EDGE('',*,*,#3091,.F.);
#4246=ORIENTED_EDGE('',*,*,#3173,.T.);
#4247=ORIENTED_EDGE('',*,*,#3170,.T.);
#4248=ORIENTED_EDGE('',*,*,#3167,.T.);
#4249=ORIENTED_EDGE('',*,*,#3164,.T.);
#4250=ORIENTED_EDGE('',*,*,#3161,.T.);
#4251=ORIENTED_EDGE('',*,*,#3158,.T.);
#4252=ORIENTED_EDGE('',*,*,#3155,.T.);
#4253=ORIENTED_EDGE('',*,*,#3152,.T.);
#4254=ORIENTED_EDGE('',*,*,#3149,.T.);
#4255=ORIENTED_EDGE('',*,*,#3146,.T.);
#4256=ORIENTED_EDGE('',*,*,#3143,.T.);
#4257=ORIENTED_EDGE('',*,*,#3140,.T.);
#4258=ORIENTED_EDGE('',*,*,#3137,.T.);
#4259=ORIENTED_EDGE('',*,*,#3134,.T.);
#4260=ORIENTED_EDGE('',*,*,#3131,.T.);
#4261=ORIENTED_EDGE('',*,*,#3128,.T.);
#4262=ORIENTED_EDGE('',*,*,#3125,.T.);
#4263=ORIENTED_EDGE('',*,*,#3122,.T.);
#4264=ORIENTED_EDGE('',*,*,#3119,.T.);
#4265=ORIENTED_EDGE('',*,*,#3116,.T.);
#4266=ORIENTED_EDGE('',*,*,#3113,.T.);
#4267=ORIENTED_EDGE('',*,*,#3110,.T.);
#4268=ORIENTED_EDGE('',*,*,#3107,.T.);
#4269=ORIENTED_EDGE('',*,*,#3104,.T.);
#4270=ORIENTED_EDGE('',*,*,#3101,.T.);
#4271=ORIENTED_EDGE('',*,*,#3098,.T.);
#4272=ORIENTED_EDGE('',*,*,#3095,.T.);
#4273=ORIENTED_EDGE('',*,*,#3092,.T.);
#4274=ORIENTED_EDGE('',*,*,#3174,.F.);
#4275=ORIENTED_EDGE('',*,*,#3175,.T.);
#4276=ORIENTED_EDGE('',*,*,#3176,.F.);
#4277=ORIENTED_EDGE('',*,*,#3177,.F.);
#4278=ORIENTED_EDGE('',*,*,#3178,.F.);
#4279=ORIENTED_EDGE('',*,*,#3177,.T.);
#4280=ORIENTED_EDGE('',*,*,#3179,.F.);
#4281=ORIENTED_EDGE('',*,*,#3180,.F.);
#4282=ORIENTED_EDGE('',*,*,#3181,.F.);
#4283=ORIENTED_EDGE('',*,*,#3180,.T.);
#4284=ORIENTED_EDGE('',*,*,#3182,.F.);
#4285=ORIENTED_EDGE('',*,*,#3183,.F.);
#4286=ORIENTED_EDGE('',*,*,#3184,.F.);
#4287=ORIENTED_EDGE('',*,*,#3183,.T.);
#4288=ORIENTED_EDGE('',*,*,#3185,.F.);
#4289=ORIENTED_EDGE('',*,*,#3186,.F.);
#4290=ORIENTED_EDGE('',*,*,#3187,.F.);
#4291=ORIENTED_EDGE('',*,*,#3186,.T.);
#4292=ORIENTED_EDGE('',*,*,#3188,.F.);
#4293=ORIENTED_EDGE('',*,*,#3189,.F.);
#4294=ORIENTED_EDGE('',*,*,#3190,.F.);
#4295=ORIENTED_EDGE('',*,*,#3189,.T.);
#4296=ORIENTED_EDGE('',*,*,#3191,.F.);
#4297=ORIENTED_EDGE('',*,*,#3192,.F.);
#4298=ORIENTED_EDGE('',*,*,#3193,.F.);
#4299=ORIENTED_EDGE('',*,*,#3192,.T.);
#4300=ORIENTED_EDGE('',*,*,#3194,.F.);
#4301=ORIENTED_EDGE('',*,*,#3195,.F.);
#4302=ORIENTED_EDGE('',*,*,#3196,.F.);
#4303=ORIENTED_EDGE('',*,*,#3195,.T.);
#4304=ORIENTED_EDGE('',*,*,#3197,.F.);
#4305=ORIENTED_EDGE('',*,*,#3198,.F.);
#4306=ORIENTED_EDGE('',*,*,#3199,.F.);
#4307=ORIENTED_EDGE('',*,*,#3198,.T.);
#4308=ORIENTED_EDGE('',*,*,#3200,.F.);
#4309=ORIENTED_EDGE('',*,*,#3201,.F.);
#4310=ORIENTED_EDGE('',*,*,#3202,.F.);
#4311=ORIENTED_EDGE('',*,*,#3201,.T.);
#4312=ORIENTED_EDGE('',*,*,#3203,.F.);
#4313=ORIENTED_EDGE('',*,*,#3204,.F.);
#4314=ORIENTED_EDGE('',*,*,#3205,.F.);
#4315=ORIENTED_EDGE('',*,*,#3204,.T.);
#4316=ORIENTED_EDGE('',*,*,#3206,.F.);
#4317=ORIENTED_EDGE('',*,*,#3207,.F.);
#4318=ORIENTED_EDGE('',*,*,#3208,.F.);
#4319=ORIENTED_EDGE('',*,*,#3207,.T.);
#4320=ORIENTED_EDGE('',*,*,#3209,.F.);
#4321=ORIENTED_EDGE('',*,*,#3210,.F.);
#4322=ORIENTED_EDGE('',*,*,#3211,.F.);
#4323=ORIENTED_EDGE('',*,*,#3210,.T.);
#4324=ORIENTED_EDGE('',*,*,#3212,.F.);
#4325=ORIENTED_EDGE('',*,*,#3175,.F.);
#4326=ORIENTED_EDGE('',*,*,#3212,.T.);
#4327=ORIENTED_EDGE('',*,*,#3209,.T.);
#4328=ORIENTED_EDGE('',*,*,#3206,.T.);
#4329=ORIENTED_EDGE('',*,*,#3203,.T.);
#4330=ORIENTED_EDGE('',*,*,#3200,.T.);
#4331=ORIENTED_EDGE('',*,*,#3197,.T.);
#4332=ORIENTED_EDGE('',*,*,#3194,.T.);
#4333=ORIENTED_EDGE('',*,*,#3191,.T.);
#4334=ORIENTED_EDGE('',*,*,#3188,.T.);
#4335=ORIENTED_EDGE('',*,*,#3185,.T.);
#4336=ORIENTED_EDGE('',*,*,#3182,.T.);
#4337=ORIENTED_EDGE('',*,*,#3179,.T.);
#4338=ORIENTED_EDGE('',*,*,#3176,.T.);
#4339=ORIENTED_EDGE('',*,*,#3213,.F.);
#4340=ORIENTED_EDGE('',*,*,#3214,.T.);
#4341=ORIENTED_EDGE('',*,*,#3215,.F.);
#4342=ORIENTED_EDGE('',*,*,#3216,.F.);
#4343=ORIENTED_EDGE('',*,*,#3217,.F.);
#4344=ORIENTED_EDGE('',*,*,#3216,.T.);
#4345=ORIENTED_EDGE('',*,*,#3218,.F.);
#4346=ORIENTED_EDGE('',*,*,#3219,.F.);
#4347=ORIENTED_EDGE('',*,*,#3220,.F.);
#4348=ORIENTED_EDGE('',*,*,#3219,.T.);
#4349=ORIENTED_EDGE('',*,*,#3221,.F.);
#4350=ORIENTED_EDGE('',*,*,#3222,.F.);
#4351=ORIENTED_EDGE('',*,*,#3223,.F.);
#4352=ORIENTED_EDGE('',*,*,#3222,.T.);
#4353=ORIENTED_EDGE('',*,*,#3224,.F.);
#4354=ORIENTED_EDGE('',*,*,#3225,.F.);
#4355=ORIENTED_EDGE('',*,*,#3226,.F.);
#4356=ORIENTED_EDGE('',*,*,#3225,.T.);
#4357=ORIENTED_EDGE('',*,*,#3227,.F.);
#4358=ORIENTED_EDGE('',*,*,#3228,.F.);
#4359=ORIENTED_EDGE('',*,*,#3229,.F.);
#4360=ORIENTED_EDGE('',*,*,#3228,.T.);
#4361=ORIENTED_EDGE('',*,*,#3230,.F.);
#4362=ORIENTED_EDGE('',*,*,#3231,.F.);
#4363=ORIENTED_EDGE('',*,*,#3232,.F.);
#4364=ORIENTED_EDGE('',*,*,#3231,.T.);
#4365=ORIENTED_EDGE('',*,*,#3233,.F.);
#4366=ORIENTED_EDGE('',*,*,#3234,.F.);
#4367=ORIENTED_EDGE('',*,*,#3235,.F.);
#4368=ORIENTED_EDGE('',*,*,#3234,.T.);
#4369=ORIENTED_EDGE('',*,*,#3236,.F.);
#4370=ORIENTED_EDGE('',*,*,#3214,.F.);
#4371=ORIENTED_EDGE('',*,*,#3237,.F.);
#4372=ORIENTED_EDGE('',*,*,#3238,.T.);
#4373=ORIENTED_EDGE('',*,*,#3239,.F.);
#4374=ORIENTED_EDGE('',*,*,#3240,.F.);
#4375=ORIENTED_EDGE('',*,*,#3241,.F.);
#4376=ORIENTED_EDGE('',*,*,#3240,.T.);
#4377=ORIENTED_EDGE('',*,*,#3242,.F.);
#4378=ORIENTED_EDGE('',*,*,#3243,.F.);
#4379=ORIENTED_EDGE('',*,*,#3244,.F.);
#4380=ORIENTED_EDGE('',*,*,#3243,.T.);
#4381=ORIENTED_EDGE('',*,*,#3245,.F.);
#4382=ORIENTED_EDGE('',*,*,#3246,.F.);
#4383=ORIENTED_EDGE('',*,*,#3247,.F.);
#4384=ORIENTED_EDGE('',*,*,#3246,.T.);
#4385=ORIENTED_EDGE('',*,*,#3248,.F.);
#4386=ORIENTED_EDGE('',*,*,#3249,.F.);
#4387=ORIENTED_EDGE('',*,*,#3250,.F.);
#4388=ORIENTED_EDGE('',*,*,#3249,.T.);
#4389=ORIENTED_EDGE('',*,*,#3251,.F.);
#4390=ORIENTED_EDGE('',*,*,#3252,.F.);
#4391=ORIENTED_EDGE('',*,*,#3253,.F.);
#4392=ORIENTED_EDGE('',*,*,#3252,.T.);
#4393=ORIENTED_EDGE('',*,*,#3254,.F.);
#4394=ORIENTED_EDGE('',*,*,#3255,.F.);
#4395=ORIENTED_EDGE('',*,*,#3256,.F.);
#4396=ORIENTED_EDGE('',*,*,#3255,.T.);
#4397=ORIENTED_EDGE('',*,*,#3257,.F.);
#4398=ORIENTED_EDGE('',*,*,#3258,.F.);
#4399=ORIENTED_EDGE('',*,*,#3259,.F.);
#4400=ORIENTED_EDGE('',*,*,#3258,.T.);
#4401=ORIENTED_EDGE('',*,*,#3260,.F.);
#4402=ORIENTED_EDGE('',*,*,#3261,.F.);
#4403=ORIENTED_EDGE('',*,*,#3262,.F.);
#4404=ORIENTED_EDGE('',*,*,#3261,.T.);
#4405=ORIENTED_EDGE('',*,*,#3263,.F.);
#4406=ORIENTED_EDGE('',*,*,#3264,.F.);
#4407=ORIENTED_EDGE('',*,*,#3265,.F.);
#4408=ORIENTED_EDGE('',*,*,#3264,.T.);
#4409=ORIENTED_EDGE('',*,*,#3266,.F.);
#4410=ORIENTED_EDGE('',*,*,#3267,.F.);
#4411=ORIENTED_EDGE('',*,*,#3268,.F.);
#4412=ORIENTED_EDGE('',*,*,#3267,.T.);
#4413=ORIENTED_EDGE('',*,*,#3269,.F.);
#4414=ORIENTED_EDGE('',*,*,#3270,.F.);
#4415=ORIENTED_EDGE('',*,*,#3271,.F.);
#4416=ORIENTED_EDGE('',*,*,#3270,.T.);
#4417=ORIENTED_EDGE('',*,*,#3272,.F.);
#4418=ORIENTED_EDGE('',*,*,#3273,.F.);
#4419=ORIENTED_EDGE('',*,*,#3274,.F.);
#4420=ORIENTED_EDGE('',*,*,#3273,.T.);
#4421=ORIENTED_EDGE('',*,*,#3275,.F.);
#4422=ORIENTED_EDGE('',*,*,#3276,.F.);
#4423=ORIENTED_EDGE('',*,*,#3277,.F.);
#4424=ORIENTED_EDGE('',*,*,#3276,.T.);
#4425=ORIENTED_EDGE('',*,*,#3278,.F.);
#4426=ORIENTED_EDGE('',*,*,#3279,.F.);
#4427=ORIENTED_EDGE('',*,*,#3280,.F.);
#4428=ORIENTED_EDGE('',*,*,#3279,.T.);
#4429=ORIENTED_EDGE('',*,*,#3281,.F.);
#4430=ORIENTED_EDGE('',*,*,#3282,.F.);
#4431=ORIENTED_EDGE('',*,*,#3283,.F.);
#4432=ORIENTED_EDGE('',*,*,#3282,.T.);
#4433=ORIENTED_EDGE('',*,*,#3284,.F.);
#4434=ORIENTED_EDGE('',*,*,#3238,.F.);
#4435=ORIENTED_EDGE('',*,*,#3284,.T.);
#4436=ORIENTED_EDGE('',*,*,#3281,.T.);
#4437=ORIENTED_EDGE('',*,*,#3278,.T.);
#4438=ORIENTED_EDGE('',*,*,#3275,.T.);
#4439=ORIENTED_EDGE('',*,*,#3272,.T.);
#4440=ORIENTED_EDGE('',*,*,#3269,.T.);
#4441=ORIENTED_EDGE('',*,*,#3266,.T.);
#4442=ORIENTED_EDGE('',*,*,#3263,.T.);
#4443=ORIENTED_EDGE('',*,*,#3260,.T.);
#4444=ORIENTED_EDGE('',*,*,#3257,.T.);
#4445=ORIENTED_EDGE('',*,*,#3254,.T.);
#4446=ORIENTED_EDGE('',*,*,#3251,.T.);
#4447=ORIENTED_EDGE('',*,*,#3248,.T.);
#4448=ORIENTED_EDGE('',*,*,#3245,.T.);
#4449=ORIENTED_EDGE('',*,*,#3242,.T.);
#4450=ORIENTED_EDGE('',*,*,#3239,.T.);
#4451=ORIENTED_EDGE('',*,*,#3236,.T.);
#4452=ORIENTED_EDGE('',*,*,#3233,.T.);
#4453=ORIENTED_EDGE('',*,*,#3230,.T.);
#4454=ORIENTED_EDGE('',*,*,#3227,.T.);
#4455=ORIENTED_EDGE('',*,*,#3224,.T.);
#4456=ORIENTED_EDGE('',*,*,#3221,.T.);
#4457=ORIENTED_EDGE('',*,*,#3218,.T.);
#4458=ORIENTED_EDGE('',*,*,#3215,.T.);
#4459=ORIENTED_EDGE('',*,*,#3213,.T.);
#4460=ORIENTED_EDGE('',*,*,#3217,.T.);
#4461=ORIENTED_EDGE('',*,*,#3220,.T.);
#4462=ORIENTED_EDGE('',*,*,#3223,.T.);
#4463=ORIENTED_EDGE('',*,*,#3226,.T.);
#4464=ORIENTED_EDGE('',*,*,#3229,.T.);
#4465=ORIENTED_EDGE('',*,*,#3232,.T.);
#4466=ORIENTED_EDGE('',*,*,#3235,.T.);
#4467=ORIENTED_EDGE('',*,*,#3285,.F.);
#4468=ORIENTED_EDGE('',*,*,#3286,.T.);
#4469=ORIENTED_EDGE('',*,*,#3287,.F.);
#4470=ORIENTED_EDGE('',*,*,#3288,.F.);
#4471=ORIENTED_EDGE('',*,*,#3289,.F.);
#4472=ORIENTED_EDGE('',*,*,#3288,.T.);
#4473=ORIENTED_EDGE('',*,*,#3290,.F.);
#4474=ORIENTED_EDGE('',*,*,#3291,.F.);
#4475=ORIENTED_EDGE('',*,*,#3292,.F.);
#4476=ORIENTED_EDGE('',*,*,#3291,.T.);
#4477=ORIENTED_EDGE('',*,*,#3293,.F.);
#4478=ORIENTED_EDGE('',*,*,#3294,.F.);
#4479=ORIENTED_EDGE('',*,*,#3295,.F.);
#4480=ORIENTED_EDGE('',*,*,#3294,.T.);
#4481=ORIENTED_EDGE('',*,*,#3296,.F.);
#4482=ORIENTED_EDGE('',*,*,#3286,.F.);
#4483=ORIENTED_EDGE('',*,*,#3296,.T.);
#4484=ORIENTED_EDGE('',*,*,#3293,.T.);
#4485=ORIENTED_EDGE('',*,*,#3290,.T.);
#4486=ORIENTED_EDGE('',*,*,#3287,.T.);
#4487=ORIENTED_EDGE('',*,*,#3297,.F.);
#4488=ORIENTED_EDGE('',*,*,#3298,.T.);
#4489=ORIENTED_EDGE('',*,*,#3299,.F.);
#4490=ORIENTED_EDGE('',*,*,#3300,.F.);
#4491=ORIENTED_EDGE('',*,*,#3301,.F.);
#4492=ORIENTED_EDGE('',*,*,#3300,.T.);
#4493=ORIENTED_EDGE('',*,*,#3302,.F.);
#4494=ORIENTED_EDGE('',*,*,#3303,.F.);
#4495=ORIENTED_EDGE('',*,*,#3304,.F.);
#4496=ORIENTED_EDGE('',*,*,#3303,.T.);
#4497=ORIENTED_EDGE('',*,*,#3305,.F.);
#4498=ORIENTED_EDGE('',*,*,#3306,.F.);
#4499=ORIENTED_EDGE('',*,*,#3307,.F.);
#4500=ORIENTED_EDGE('',*,*,#3306,.T.);
#4501=ORIENTED_EDGE('',*,*,#3308,.F.);
#4502=ORIENTED_EDGE('',*,*,#3309,.F.);
#4503=ORIENTED_EDGE('',*,*,#3310,.F.);
#4504=ORIENTED_EDGE('',*,*,#3309,.T.);
#4505=ORIENTED_EDGE('',*,*,#3311,.F.);
#4506=ORIENTED_EDGE('',*,*,#3312,.F.);
#4507=ORIENTED_EDGE('',*,*,#3313,.F.);
#4508=ORIENTED_EDGE('',*,*,#3312,.T.);
#4509=ORIENTED_EDGE('',*,*,#3314,.F.);
#4510=ORIENTED_EDGE('',*,*,#3315,.F.);
#4511=ORIENTED_EDGE('',*,*,#3316,.F.);
#4512=ORIENTED_EDGE('',*,*,#3315,.T.);
#4513=ORIENTED_EDGE('',*,*,#3317,.F.);
#4514=ORIENTED_EDGE('',*,*,#3318,.F.);
#4515=ORIENTED_EDGE('',*,*,#3319,.F.);
#4516=ORIENTED_EDGE('',*,*,#3318,.T.);
#4517=ORIENTED_EDGE('',*,*,#3320,.F.);
#4518=ORIENTED_EDGE('',*,*,#3321,.F.);
#4519=ORIENTED_EDGE('',*,*,#3322,.F.);
#4520=ORIENTED_EDGE('',*,*,#3321,.T.);
#4521=ORIENTED_EDGE('',*,*,#3323,.F.);
#4522=ORIENTED_EDGE('',*,*,#3324,.F.);
#4523=ORIENTED_EDGE('',*,*,#3325,.F.);
#4524=ORIENTED_EDGE('',*,*,#3324,.T.);
#4525=ORIENTED_EDGE('',*,*,#3326,.F.);
#4526=ORIENTED_EDGE('',*,*,#3327,.F.);
#4527=ORIENTED_EDGE('',*,*,#3328,.F.);
#4528=ORIENTED_EDGE('',*,*,#3327,.T.);
#4529=ORIENTED_EDGE('',*,*,#3329,.F.);
#4530=ORIENTED_EDGE('',*,*,#3330,.F.);
#4531=ORIENTED_EDGE('',*,*,#3331,.F.);
#4532=ORIENTED_EDGE('',*,*,#3330,.T.);
#4533=ORIENTED_EDGE('',*,*,#3332,.F.);
#4534=ORIENTED_EDGE('',*,*,#3298,.F.);
#4535=ORIENTED_EDGE('',*,*,#3332,.T.);
#4536=ORIENTED_EDGE('',*,*,#3329,.T.);
#4537=ORIENTED_EDGE('',*,*,#3326,.T.);
#4538=ORIENTED_EDGE('',*,*,#3323,.T.);
#4539=ORIENTED_EDGE('',*,*,#3320,.T.);
#4540=ORIENTED_EDGE('',*,*,#3317,.T.);
#4541=ORIENTED_EDGE('',*,*,#3314,.T.);
#4542=ORIENTED_EDGE('',*,*,#3311,.T.);
#4543=ORIENTED_EDGE('',*,*,#3308,.T.);
#4544=ORIENTED_EDGE('',*,*,#3305,.T.);
#4545=ORIENTED_EDGE('',*,*,#3302,.T.);
#4546=ORIENTED_EDGE('',*,*,#3299,.T.);
#4547=ORIENTED_EDGE('',*,*,#3333,.F.);
#4548=ORIENTED_EDGE('',*,*,#3334,.T.);
#4549=ORIENTED_EDGE('',*,*,#3335,.F.);
#4550=ORIENTED_EDGE('',*,*,#3336,.F.);
#4551=ORIENTED_EDGE('',*,*,#3337,.F.);
#4552=ORIENTED_EDGE('',*,*,#3336,.T.);
#4553=ORIENTED_EDGE('',*,*,#3338,.F.);
#4554=ORIENTED_EDGE('',*,*,#3339,.F.);
#4555=ORIENTED_EDGE('',*,*,#3340,.F.);
#4556=ORIENTED_EDGE('',*,*,#3339,.T.);
#4557=ORIENTED_EDGE('',*,*,#3341,.F.);
#4558=ORIENTED_EDGE('',*,*,#3334,.F.);
#4559=ORIENTED_EDGE('',*,*,#3342,.F.);
#4560=ORIENTED_EDGE('',*,*,#3343,.T.);
#4561=ORIENTED_EDGE('',*,*,#3344,.F.);
#4562=ORIENTED_EDGE('',*,*,#3345,.F.);
#4563=ORIENTED_EDGE('',*,*,#3346,.F.);
#4564=ORIENTED_EDGE('',*,*,#3345,.T.);
#4565=ORIENTED_EDGE('',*,*,#3347,.F.);
#4566=ORIENTED_EDGE('',*,*,#3348,.F.);
#4567=ORIENTED_EDGE('',*,*,#3349,.F.);
#4568=ORIENTED_EDGE('',*,*,#3348,.T.);
#4569=ORIENTED_EDGE('',*,*,#3350,.F.);
#4570=ORIENTED_EDGE('',*,*,#3351,.F.);
#4571=ORIENTED_EDGE('',*,*,#3352,.F.);
#4572=ORIENTED_EDGE('',*,*,#3351,.T.);
#4573=ORIENTED_EDGE('',*,*,#3353,.F.);
#4574=ORIENTED_EDGE('',*,*,#3354,.F.);
#4575=ORIENTED_EDGE('',*,*,#3355,.F.);
#4576=ORIENTED_EDGE('',*,*,#3354,.T.);
#4577=ORIENTED_EDGE('',*,*,#3356,.F.);
#4578=ORIENTED_EDGE('',*,*,#3357,.F.);
#4579=ORIENTED_EDGE('',*,*,#3358,.F.);
#4580=ORIENTED_EDGE('',*,*,#3357,.T.);
#4581=ORIENTED_EDGE('',*,*,#3359,.F.);
#4582=ORIENTED_EDGE('',*,*,#3360,.F.);
#4583=ORIENTED_EDGE('',*,*,#3361,.F.);
#4584=ORIENTED_EDGE('',*,*,#3360,.T.);
#4585=ORIENTED_EDGE('',*,*,#3362,.F.);
#4586=ORIENTED_EDGE('',*,*,#3363,.F.);
#4587=ORIENTED_EDGE('',*,*,#3364,.F.);
#4588=ORIENTED_EDGE('',*,*,#3363,.T.);
#4589=ORIENTED_EDGE('',*,*,#3365,.F.);
#4590=ORIENTED_EDGE('',*,*,#3343,.F.);
#4591=ORIENTED_EDGE('',*,*,#3365,.T.);
#4592=ORIENTED_EDGE('',*,*,#3362,.T.);
#4593=ORIENTED_EDGE('',*,*,#3359,.T.);
#4594=ORIENTED_EDGE('',*,*,#3356,.T.);
#4595=ORIENTED_EDGE('',*,*,#3353,.T.);
#4596=ORIENTED_EDGE('',*,*,#3350,.T.);
#4597=ORIENTED_EDGE('',*,*,#3347,.T.);
#4598=ORIENTED_EDGE('',*,*,#3344,.T.);
#4599=ORIENTED_EDGE('',*,*,#3341,.T.);
#4600=ORIENTED_EDGE('',*,*,#3338,.T.);
#4601=ORIENTED_EDGE('',*,*,#3335,.T.);
#4602=ORIENTED_EDGE('',*,*,#3333,.T.);
#4603=ORIENTED_EDGE('',*,*,#3337,.T.);
#4604=ORIENTED_EDGE('',*,*,#3340,.T.);
#4605=ORIENTED_EDGE('',*,*,#3366,.F.);
#4606=ORIENTED_EDGE('',*,*,#3367,.T.);
#4607=ORIENTED_EDGE('',*,*,#3368,.F.);
#4608=ORIENTED_EDGE('',*,*,#3369,.F.);
#4609=ORIENTED_EDGE('',*,*,#3370,.F.);
#4610=ORIENTED_EDGE('',*,*,#3369,.T.);
#4611=ORIENTED_EDGE('',*,*,#3371,.F.);
#4612=ORIENTED_EDGE('',*,*,#3372,.F.);
#4613=ORIENTED_EDGE('',*,*,#3373,.F.);
#4614=ORIENTED_EDGE('',*,*,#3372,.T.);
#4615=ORIENTED_EDGE('',*,*,#3374,.F.);
#4616=ORIENTED_EDGE('',*,*,#3375,.F.);
#4617=ORIENTED_EDGE('',*,*,#3376,.F.);
#4618=ORIENTED_EDGE('',*,*,#3375,.T.);
#4619=ORIENTED_EDGE('',*,*,#3377,.F.);
#4620=ORIENTED_EDGE('',*,*,#3378,.F.);
#4621=ORIENTED_EDGE('',*,*,#3379,.F.);
#4622=ORIENTED_EDGE('',*,*,#3378,.T.);
#4623=ORIENTED_EDGE('',*,*,#3380,.F.);
#4624=ORIENTED_EDGE('',*,*,#3381,.F.);
#4625=ORIENTED_EDGE('',*,*,#3382,.F.);
#4626=ORIENTED_EDGE('',*,*,#3381,.T.);
#4627=ORIENTED_EDGE('',*,*,#3383,.F.);
#4628=ORIENTED_EDGE('',*,*,#3384,.F.);
#4629=ORIENTED_EDGE('',*,*,#3385,.F.);
#4630=ORIENTED_EDGE('',*,*,#3384,.T.);
#4631=ORIENTED_EDGE('',*,*,#3386,.F.);
#4632=ORIENTED_EDGE('',*,*,#3387,.F.);
#4633=ORIENTED_EDGE('',*,*,#3388,.F.);
#4634=ORIENTED_EDGE('',*,*,#3387,.T.);
#4635=ORIENTED_EDGE('',*,*,#3389,.F.);
#4636=ORIENTED_EDGE('',*,*,#3390,.F.);
#4637=ORIENTED_EDGE('',*,*,#3391,.F.);
#4638=ORIENTED_EDGE('',*,*,#3390,.T.);
#4639=ORIENTED_EDGE('',*,*,#3392,.F.);
#4640=ORIENTED_EDGE('',*,*,#3393,.F.);
#4641=ORIENTED_EDGE('',*,*,#3394,.F.);
#4642=ORIENTED_EDGE('',*,*,#3393,.T.);
#4643=ORIENTED_EDGE('',*,*,#3395,.F.);
#4644=ORIENTED_EDGE('',*,*,#3396,.F.);
#4645=ORIENTED_EDGE('',*,*,#3397,.F.);
#4646=ORIENTED_EDGE('',*,*,#3396,.T.);
#4647=ORIENTED_EDGE('',*,*,#3398,.F.);
#4648=ORIENTED_EDGE('',*,*,#3399,.F.);
#4649=ORIENTED_EDGE('',*,*,#3400,.F.);
#4650=ORIENTED_EDGE('',*,*,#3399,.T.);
#4651=ORIENTED_EDGE('',*,*,#3401,.F.);
#4652=ORIENTED_EDGE('',*,*,#3367,.F.);
#4653=ORIENTED_EDGE('',*,*,#3401,.T.);
#4654=ORIENTED_EDGE('',*,*,#3398,.T.);
#4655=ORIENTED_EDGE('',*,*,#3395,.T.);
#4656=ORIENTED_EDGE('',*,*,#3392,.T.);
#4657=ORIENTED_EDGE('',*,*,#3389,.T.);
#4658=ORIENTED_EDGE('',*,*,#3386,.T.);
#4659=ORIENTED_EDGE('',*,*,#3383,.T.);
#4660=ORIENTED_EDGE('',*,*,#3380,.T.);
#4661=ORIENTED_EDGE('',*,*,#3377,.T.);
#4662=ORIENTED_EDGE('',*,*,#3374,.T.);
#4663=ORIENTED_EDGE('',*,*,#3371,.T.);
#4664=ORIENTED_EDGE('',*,*,#3368,.T.);
#4665=ORIENTED_EDGE('',*,*,#3402,.F.);
#4666=ORIENTED_EDGE('',*,*,#3403,.T.);
#4667=ORIENTED_EDGE('',*,*,#3404,.F.);
#4668=ORIENTED_EDGE('',*,*,#3405,.F.);
#4669=ORIENTED_EDGE('',*,*,#3406,.F.);
#4670=ORIENTED_EDGE('',*,*,#3405,.T.);
#4671=ORIENTED_EDGE('',*,*,#3407,.F.);
#4672=ORIENTED_EDGE('',*,*,#3408,.F.);
#4673=ORIENTED_EDGE('',*,*,#3409,.F.);
#4674=ORIENTED_EDGE('',*,*,#3408,.T.);
#4675=ORIENTED_EDGE('',*,*,#3410,.F.);
#4676=ORIENTED_EDGE('',*,*,#3411,.F.);
#4677=ORIENTED_EDGE('',*,*,#3412,.F.);
#4678=ORIENTED_EDGE('',*,*,#3411,.T.);
#4679=ORIENTED_EDGE('',*,*,#3413,.F.);
#4680=ORIENTED_EDGE('',*,*,#3414,.F.);
#4681=ORIENTED_EDGE('',*,*,#3415,.F.);
#4682=ORIENTED_EDGE('',*,*,#3414,.T.);
#4683=ORIENTED_EDGE('',*,*,#3416,.F.);
#4684=ORIENTED_EDGE('',*,*,#3417,.F.);
#4685=ORIENTED_EDGE('',*,*,#3418,.F.);
#4686=ORIENTED_EDGE('',*,*,#3417,.T.);
#4687=ORIENTED_EDGE('',*,*,#3419,.F.);
#4688=ORIENTED_EDGE('',*,*,#3420,.F.);
#4689=ORIENTED_EDGE('',*,*,#3421,.F.);
#4690=ORIENTED_EDGE('',*,*,#3420,.T.);
#4691=ORIENTED_EDGE('',*,*,#3422,.F.);
#4692=ORIENTED_EDGE('',*,*,#3423,.F.);
#4693=ORIENTED_EDGE('',*,*,#3424,.F.);
#4694=ORIENTED_EDGE('',*,*,#3423,.T.);
#4695=ORIENTED_EDGE('',*,*,#3425,.F.);
#4696=ORIENTED_EDGE('',*,*,#3426,.F.);
#4697=ORIENTED_EDGE('',*,*,#3427,.F.);
#4698=ORIENTED_EDGE('',*,*,#3426,.T.);
#4699=ORIENTED_EDGE('',*,*,#3428,.F.);
#4700=ORIENTED_EDGE('',*,*,#3429,.F.);
#4701=ORIENTED_EDGE('',*,*,#3430,.F.);
#4702=ORIENTED_EDGE('',*,*,#3429,.T.);
#4703=ORIENTED_EDGE('',*,*,#3431,.F.);
#4704=ORIENTED_EDGE('',*,*,#3432,.F.);
#4705=ORIENTED_EDGE('',*,*,#3433,.F.);
#4706=ORIENTED_EDGE('',*,*,#3432,.T.);
#4707=ORIENTED_EDGE('',*,*,#3434,.F.);
#4708=ORIENTED_EDGE('',*,*,#3435,.F.);
#4709=ORIENTED_EDGE('',*,*,#3436,.F.);
#4710=ORIENTED_EDGE('',*,*,#3435,.T.);
#4711=ORIENTED_EDGE('',*,*,#3437,.F.);
#4712=ORIENTED_EDGE('',*,*,#3438,.F.);
#4713=ORIENTED_EDGE('',*,*,#3439,.F.);
#4714=ORIENTED_EDGE('',*,*,#3438,.T.);
#4715=ORIENTED_EDGE('',*,*,#3440,.F.);
#4716=ORIENTED_EDGE('',*,*,#3441,.F.);
#4717=ORIENTED_EDGE('',*,*,#3442,.F.);
#4718=ORIENTED_EDGE('',*,*,#3441,.T.);
#4719=ORIENTED_EDGE('',*,*,#3443,.F.);
#4720=ORIENTED_EDGE('',*,*,#3444,.F.);
#4721=ORIENTED_EDGE('',*,*,#3445,.F.);
#4722=ORIENTED_EDGE('',*,*,#3444,.T.);
#4723=ORIENTED_EDGE('',*,*,#3446,.F.);
#4724=ORIENTED_EDGE('',*,*,#3447,.F.);
#4725=ORIENTED_EDGE('',*,*,#3448,.F.);
#4726=ORIENTED_EDGE('',*,*,#3447,.T.);
#4727=ORIENTED_EDGE('',*,*,#3449,.F.);
#4728=ORIENTED_EDGE('',*,*,#3450,.F.);
#4729=ORIENTED_EDGE('',*,*,#3451,.F.);
#4730=ORIENTED_EDGE('',*,*,#3450,.T.);
#4731=ORIENTED_EDGE('',*,*,#3452,.F.);
#4732=ORIENTED_EDGE('',*,*,#3453,.F.);
#4733=ORIENTED_EDGE('',*,*,#3454,.F.);
#4734=ORIENTED_EDGE('',*,*,#3453,.T.);
#4735=ORIENTED_EDGE('',*,*,#3455,.F.);
#4736=ORIENTED_EDGE('',*,*,#3456,.F.);
#4737=ORIENTED_EDGE('',*,*,#3457,.F.);
#4738=ORIENTED_EDGE('',*,*,#3456,.T.);
#4739=ORIENTED_EDGE('',*,*,#3458,.F.);
#4740=ORIENTED_EDGE('',*,*,#3459,.F.);
#4741=ORIENTED_EDGE('',*,*,#3460,.F.);
#4742=ORIENTED_EDGE('',*,*,#3459,.T.);
#4743=ORIENTED_EDGE('',*,*,#3461,.F.);
#4744=ORIENTED_EDGE('',*,*,#3462,.F.);
#4745=ORIENTED_EDGE('',*,*,#3463,.F.);
#4746=ORIENTED_EDGE('',*,*,#3462,.T.);
#4747=ORIENTED_EDGE('',*,*,#3464,.F.);
#4748=ORIENTED_EDGE('',*,*,#3465,.F.);
#4749=ORIENTED_EDGE('',*,*,#3466,.F.);
#4750=ORIENTED_EDGE('',*,*,#3465,.T.);
#4751=ORIENTED_EDGE('',*,*,#3467,.F.);
#4752=ORIENTED_EDGE('',*,*,#3468,.F.);
#4753=ORIENTED_EDGE('',*,*,#3469,.F.);
#4754=ORIENTED_EDGE('',*,*,#3468,.T.);
#4755=ORIENTED_EDGE('',*,*,#3470,.F.);
#4756=ORIENTED_EDGE('',*,*,#3403,.F.);
#4757=ORIENTED_EDGE('',*,*,#3470,.T.);
#4758=ORIENTED_EDGE('',*,*,#3467,.T.);
#4759=ORIENTED_EDGE('',*,*,#3464,.T.);
#4760=ORIENTED_EDGE('',*,*,#3461,.T.);
#4761=ORIENTED_EDGE('',*,*,#3458,.T.);
#4762=ORIENTED_EDGE('',*,*,#3455,.T.);
#4763=ORIENTED_EDGE('',*,*,#3452,.T.);
#4764=ORIENTED_EDGE('',*,*,#3449,.T.);
#4765=ORIENTED_EDGE('',*,*,#3446,.T.);
#4766=ORIENTED_EDGE('',*,*,#3443,.T.);
#4767=ORIENTED_EDGE('',*,*,#3440,.T.);
#4768=ORIENTED_EDGE('',*,*,#3437,.T.);
#4769=ORIENTED_EDGE('',*,*,#3434,.T.);
#4770=ORIENTED_EDGE('',*,*,#3431,.T.);
#4771=ORIENTED_EDGE('',*,*,#3428,.T.);
#4772=ORIENTED_EDGE('',*,*,#3425,.T.);
#4773=ORIENTED_EDGE('',*,*,#3422,.T.);
#4774=ORIENTED_EDGE('',*,*,#3419,.T.);
#4775=ORIENTED_EDGE('',*,*,#3416,.T.);
#4776=ORIENTED_EDGE('',*,*,#3413,.T.);
#4777=ORIENTED_EDGE('',*,*,#3410,.T.);
#4778=ORIENTED_EDGE('',*,*,#3407,.T.);
#4779=ORIENTED_EDGE('',*,*,#3404,.T.);
#4780=ORIENTED_EDGE('',*,*,#3471,.F.);
#4781=ORIENTED_EDGE('',*,*,#3472,.T.);
#4782=ORIENTED_EDGE('',*,*,#3473,.F.);
#4783=ORIENTED_EDGE('',*,*,#3474,.F.);
#4784=ORIENTED_EDGE('',*,*,#3475,.F.);
#4785=ORIENTED_EDGE('',*,*,#3474,.T.);
#4786=ORIENTED_EDGE('',*,*,#3476,.F.);
#4787=ORIENTED_EDGE('',*,*,#3477,.F.);
#4788=ORIENTED_EDGE('',*,*,#3478,.F.);
#4789=ORIENTED_EDGE('',*,*,#3477,.T.);
#4790=ORIENTED_EDGE('',*,*,#3479,.F.);
#4791=ORIENTED_EDGE('',*,*,#3480,.F.);
#4792=ORIENTED_EDGE('',*,*,#3481,.F.);
#4793=ORIENTED_EDGE('',*,*,#3480,.T.);
#4794=ORIENTED_EDGE('',*,*,#3482,.F.);
#4795=ORIENTED_EDGE('',*,*,#3483,.F.);
#4796=ORIENTED_EDGE('',*,*,#3484,.F.);
#4797=ORIENTED_EDGE('',*,*,#3483,.T.);
#4798=ORIENTED_EDGE('',*,*,#3485,.F.);
#4799=ORIENTED_EDGE('',*,*,#3486,.F.);
#4800=ORIENTED_EDGE('',*,*,#3487,.F.);
#4801=ORIENTED_EDGE('',*,*,#3486,.T.);
#4802=ORIENTED_EDGE('',*,*,#3488,.F.);
#4803=ORIENTED_EDGE('',*,*,#3489,.F.);
#4804=ORIENTED_EDGE('',*,*,#3490,.F.);
#4805=ORIENTED_EDGE('',*,*,#3489,.T.);
#4806=ORIENTED_EDGE('',*,*,#3491,.F.);
#4807=ORIENTED_EDGE('',*,*,#3492,.F.);
#4808=ORIENTED_EDGE('',*,*,#3493,.F.);
#4809=ORIENTED_EDGE('',*,*,#3492,.T.);
#4810=ORIENTED_EDGE('',*,*,#3494,.F.);
#4811=ORIENTED_EDGE('',*,*,#3495,.F.);
#4812=ORIENTED_EDGE('',*,*,#3496,.F.);
#4813=ORIENTED_EDGE('',*,*,#3495,.T.);
#4814=ORIENTED_EDGE('',*,*,#3497,.F.);
#4815=ORIENTED_EDGE('',*,*,#3498,.F.);
#4816=ORIENTED_EDGE('',*,*,#3499,.F.);
#4817=ORIENTED_EDGE('',*,*,#3498,.T.);
#4818=ORIENTED_EDGE('',*,*,#3500,.F.);
#4819=ORIENTED_EDGE('',*,*,#3501,.F.);
#4820=ORIENTED_EDGE('',*,*,#3502,.F.);
#4821=ORIENTED_EDGE('',*,*,#3501,.T.);
#4822=ORIENTED_EDGE('',*,*,#3503,.F.);
#4823=ORIENTED_EDGE('',*,*,#3504,.F.);
#4824=ORIENTED_EDGE('',*,*,#3505,.F.);
#4825=ORIENTED_EDGE('',*,*,#3504,.T.);
#4826=ORIENTED_EDGE('',*,*,#3506,.F.);
#4827=ORIENTED_EDGE('',*,*,#3472,.F.);
#4828=ORIENTED_EDGE('',*,*,#3506,.T.);
#4829=ORIENTED_EDGE('',*,*,#3503,.T.);
#4830=ORIENTED_EDGE('',*,*,#3500,.T.);
#4831=ORIENTED_EDGE('',*,*,#3497,.T.);
#4832=ORIENTED_EDGE('',*,*,#3494,.T.);
#4833=ORIENTED_EDGE('',*,*,#3491,.T.);
#4834=ORIENTED_EDGE('',*,*,#3488,.T.);
#4835=ORIENTED_EDGE('',*,*,#3485,.T.);
#4836=ORIENTED_EDGE('',*,*,#3482,.T.);
#4837=ORIENTED_EDGE('',*,*,#3479,.T.);
#4838=ORIENTED_EDGE('',*,*,#3476,.T.);
#4839=ORIENTED_EDGE('',*,*,#3473,.T.);
#4840=ORIENTED_EDGE('',*,*,#3507,.F.);
#4841=ORIENTED_EDGE('',*,*,#3508,.T.);
#4842=ORIENTED_EDGE('',*,*,#3509,.F.);
#4843=ORIENTED_EDGE('',*,*,#3510,.F.);
#4844=ORIENTED_EDGE('',*,*,#3511,.F.);
#4845=ORIENTED_EDGE('',*,*,#3510,.T.);
#4846=ORIENTED_EDGE('',*,*,#3512,.F.);
#4847=ORIENTED_EDGE('',*,*,#3513,.F.);
#4848=ORIENTED_EDGE('',*,*,#3514,.F.);
#4849=ORIENTED_EDGE('',*,*,#3513,.T.);
#4850=ORIENTED_EDGE('',*,*,#3515,.F.);
#4851=ORIENTED_EDGE('',*,*,#3516,.F.);
#4852=ORIENTED_EDGE('',*,*,#3517,.F.);
#4853=ORIENTED_EDGE('',*,*,#3516,.T.);
#4854=ORIENTED_EDGE('',*,*,#3518,.F.);
#4855=ORIENTED_EDGE('',*,*,#3519,.F.);
#4856=ORIENTED_EDGE('',*,*,#3520,.F.);
#4857=ORIENTED_EDGE('',*,*,#3519,.T.);
#4858=ORIENTED_EDGE('',*,*,#3521,.F.);
#4859=ORIENTED_EDGE('',*,*,#3522,.F.);
#4860=ORIENTED_EDGE('',*,*,#3523,.F.);
#4861=ORIENTED_EDGE('',*,*,#3522,.T.);
#4862=ORIENTED_EDGE('',*,*,#3524,.F.);
#4863=ORIENTED_EDGE('',*,*,#3525,.F.);
#4864=ORIENTED_EDGE('',*,*,#3526,.F.);
#4865=ORIENTED_EDGE('',*,*,#3525,.T.);
#4866=ORIENTED_EDGE('',*,*,#3527,.F.);
#4867=ORIENTED_EDGE('',*,*,#3528,.F.);
#4868=ORIENTED_EDGE('',*,*,#3529,.F.);
#4869=ORIENTED_EDGE('',*,*,#3528,.T.);
#4870=ORIENTED_EDGE('',*,*,#3530,.F.);
#4871=ORIENTED_EDGE('',*,*,#3531,.F.);
#4872=ORIENTED_EDGE('',*,*,#3532,.F.);
#4873=ORIENTED_EDGE('',*,*,#3531,.T.);
#4874=ORIENTED_EDGE('',*,*,#3533,.F.);
#4875=ORIENTED_EDGE('',*,*,#3508,.F.);
#4876=ORIENTED_EDGE('',*,*,#3534,.F.);
#4877=ORIENTED_EDGE('',*,*,#3535,.T.);
#4878=ORIENTED_EDGE('',*,*,#3536,.F.);
#4879=ORIENTED_EDGE('',*,*,#3537,.F.);
#4880=ORIENTED_EDGE('',*,*,#3538,.F.);
#4881=ORIENTED_EDGE('',*,*,#3537,.T.);
#4882=ORIENTED_EDGE('',*,*,#3539,.F.);
#4883=ORIENTED_EDGE('',*,*,#3540,.F.);
#4884=ORIENTED_EDGE('',*,*,#3541,.F.);
#4885=ORIENTED_EDGE('',*,*,#3540,.T.);
#4886=ORIENTED_EDGE('',*,*,#3542,.F.);
#4887=ORIENTED_EDGE('',*,*,#3543,.F.);
#4888=ORIENTED_EDGE('',*,*,#3544,.F.);
#4889=ORIENTED_EDGE('',*,*,#3543,.T.);
#4890=ORIENTED_EDGE('',*,*,#3545,.F.);
#4891=ORIENTED_EDGE('',*,*,#3546,.F.);
#4892=ORIENTED_EDGE('',*,*,#3547,.F.);
#4893=ORIENTED_EDGE('',*,*,#3546,.T.);
#4894=ORIENTED_EDGE('',*,*,#3548,.F.);
#4895=ORIENTED_EDGE('',*,*,#3549,.F.);
#4896=ORIENTED_EDGE('',*,*,#3550,.F.);
#4897=ORIENTED_EDGE('',*,*,#3549,.T.);
#4898=ORIENTED_EDGE('',*,*,#3551,.F.);
#4899=ORIENTED_EDGE('',*,*,#3552,.F.);
#4900=ORIENTED_EDGE('',*,*,#3553,.F.);
#4901=ORIENTED_EDGE('',*,*,#3552,.T.);
#4902=ORIENTED_EDGE('',*,*,#3554,.F.);
#4903=ORIENTED_EDGE('',*,*,#3555,.F.);
#4904=ORIENTED_EDGE('',*,*,#3556,.F.);
#4905=ORIENTED_EDGE('',*,*,#3555,.T.);
#4906=ORIENTED_EDGE('',*,*,#3557,.F.);
#4907=ORIENTED_EDGE('',*,*,#3558,.F.);
#4908=ORIENTED_EDGE('',*,*,#3559,.F.);
#4909=ORIENTED_EDGE('',*,*,#3558,.T.);
#4910=ORIENTED_EDGE('',*,*,#3560,.F.);
#4911=ORIENTED_EDGE('',*,*,#3561,.F.);
#4912=ORIENTED_EDGE('',*,*,#3562,.F.);
#4913=ORIENTED_EDGE('',*,*,#3561,.T.);
#4914=ORIENTED_EDGE('',*,*,#3563,.F.);
#4915=ORIENTED_EDGE('',*,*,#3564,.F.);
#4916=ORIENTED_EDGE('',*,*,#3565,.F.);
#4917=ORIENTED_EDGE('',*,*,#3564,.T.);
#4918=ORIENTED_EDGE('',*,*,#3566,.F.);
#4919=ORIENTED_EDGE('',*,*,#3567,.F.);
#4920=ORIENTED_EDGE('',*,*,#3568,.F.);
#4921=ORIENTED_EDGE('',*,*,#3567,.T.);
#4922=ORIENTED_EDGE('',*,*,#3569,.F.);
#4923=ORIENTED_EDGE('',*,*,#3570,.F.);
#4924=ORIENTED_EDGE('',*,*,#3571,.F.);
#4925=ORIENTED_EDGE('',*,*,#3570,.T.);
#4926=ORIENTED_EDGE('',*,*,#3572,.F.);
#4927=ORIENTED_EDGE('',*,*,#3535,.F.);
#4928=ORIENTED_EDGE('',*,*,#3572,.T.);
#4929=ORIENTED_EDGE('',*,*,#3569,.T.);
#4930=ORIENTED_EDGE('',*,*,#3566,.T.);
#4931=ORIENTED_EDGE('',*,*,#3563,.T.);
#4932=ORIENTED_EDGE('',*,*,#3560,.T.);
#4933=ORIENTED_EDGE('',*,*,#3557,.T.);
#4934=ORIENTED_EDGE('',*,*,#3554,.T.);
#4935=ORIENTED_EDGE('',*,*,#3551,.T.);
#4936=ORIENTED_EDGE('',*,*,#3548,.T.);
#4937=ORIENTED_EDGE('',*,*,#3545,.T.);
#4938=ORIENTED_EDGE('',*,*,#3542,.T.);
#4939=ORIENTED_EDGE('',*,*,#3539,.T.);
#4940=ORIENTED_EDGE('',*,*,#3536,.T.);
#4941=ORIENTED_EDGE('',*,*,#3533,.T.);
#4942=ORIENTED_EDGE('',*,*,#3530,.T.);
#4943=ORIENTED_EDGE('',*,*,#3527,.T.);
#4944=ORIENTED_EDGE('',*,*,#3524,.T.);
#4945=ORIENTED_EDGE('',*,*,#3521,.T.);
#4946=ORIENTED_EDGE('',*,*,#3518,.T.);
#4947=ORIENTED_EDGE('',*,*,#3515,.T.);
#4948=ORIENTED_EDGE('',*,*,#3512,.T.);
#4949=ORIENTED_EDGE('',*,*,#3509,.T.);
#4950=ORIENTED_EDGE('',*,*,#3507,.T.);
#4951=ORIENTED_EDGE('',*,*,#3511,.T.);
#4952=ORIENTED_EDGE('',*,*,#3514,.T.);
#4953=ORIENTED_EDGE('',*,*,#3517,.T.);
#4954=ORIENTED_EDGE('',*,*,#3520,.T.);
#4955=ORIENTED_EDGE('',*,*,#3523,.T.);
#4956=ORIENTED_EDGE('',*,*,#3526,.T.);
#4957=ORIENTED_EDGE('',*,*,#3529,.T.);
#4958=ORIENTED_EDGE('',*,*,#3532,.T.);
#4959=ORIENTED_EDGE('',*,*,#3573,.F.);
#4960=ORIENTED_EDGE('',*,*,#3574,.T.);
#4961=ORIENTED_EDGE('',*,*,#3575,.F.);
#4962=ORIENTED_EDGE('',*,*,#3576,.F.);
#4963=ORIENTED_EDGE('',*,*,#3577,.F.);
#4964=ORIENTED_EDGE('',*,*,#3576,.T.);
#4965=ORIENTED_EDGE('',*,*,#3578,.F.);
#4966=ORIENTED_EDGE('',*,*,#3579,.F.);
#4967=ORIENTED_EDGE('',*,*,#3580,.F.);
#4968=ORIENTED_EDGE('',*,*,#3579,.T.);
#4969=ORIENTED_EDGE('',*,*,#3581,.F.);
#4970=ORIENTED_EDGE('',*,*,#3582,.F.);
#4971=ORIENTED_EDGE('',*,*,#3583,.F.);
#4972=ORIENTED_EDGE('',*,*,#3582,.T.);
#4973=ORIENTED_EDGE('',*,*,#3584,.F.);
#4974=ORIENTED_EDGE('',*,*,#3585,.F.);
#4975=ORIENTED_EDGE('',*,*,#3586,.F.);
#4976=ORIENTED_EDGE('',*,*,#3585,.T.);
#4977=ORIENTED_EDGE('',*,*,#3587,.F.);
#4978=ORIENTED_EDGE('',*,*,#3588,.F.);
#4979=ORIENTED_EDGE('',*,*,#3589,.F.);
#4980=ORIENTED_EDGE('',*,*,#3588,.T.);
#4981=ORIENTED_EDGE('',*,*,#3590,.F.);
#4982=ORIENTED_EDGE('',*,*,#3591,.F.);
#4983=ORIENTED_EDGE('',*,*,#3592,.F.);
#4984=ORIENTED_EDGE('',*,*,#3591,.T.);
#4985=ORIENTED_EDGE('',*,*,#3593,.F.);
#4986=ORIENTED_EDGE('',*,*,#3594,.F.);
#4987=ORIENTED_EDGE('',*,*,#3595,.F.);
#4988=ORIENTED_EDGE('',*,*,#3594,.T.);
#4989=ORIENTED_EDGE('',*,*,#3596,.F.);
#4990=ORIENTED_EDGE('',*,*,#3574,.F.);
#4991=ORIENTED_EDGE('',*,*,#3597,.F.);
#4992=ORIENTED_EDGE('',*,*,#3598,.T.);
#4993=ORIENTED_EDGE('',*,*,#3599,.F.);
#4994=ORIENTED_EDGE('',*,*,#3600,.F.);
#4995=ORIENTED_EDGE('',*,*,#3601,.F.);
#4996=ORIENTED_EDGE('',*,*,#3600,.T.);
#4997=ORIENTED_EDGE('',*,*,#3602,.F.);
#4998=ORIENTED_EDGE('',*,*,#3603,.F.);
#4999=ORIENTED_EDGE('',*,*,#3604,.F.);
#5000=ORIENTED_EDGE('',*,*,#3603,.T.);
#5001=ORIENTED_EDGE('',*,*,#3605,.F.);
#5002=ORIENTED_EDGE('',*,*,#3606,.F.);
#5003=ORIENTED_EDGE('',*,*,#3607,.F.);
#5004=ORIENTED_EDGE('',*,*,#3606,.T.);
#5005=ORIENTED_EDGE('',*,*,#3608,.F.);
#5006=ORIENTED_EDGE('',*,*,#3609,.F.);
#5007=ORIENTED_EDGE('',*,*,#3610,.F.);
#5008=ORIENTED_EDGE('',*,*,#3609,.T.);
#5009=ORIENTED_EDGE('',*,*,#3611,.F.);
#5010=ORIENTED_EDGE('',*,*,#3612,.F.);
#5011=ORIENTED_EDGE('',*,*,#3613,.F.);
#5012=ORIENTED_EDGE('',*,*,#3612,.T.);
#5013=ORIENTED_EDGE('',*,*,#3614,.F.);
#5014=ORIENTED_EDGE('',*,*,#3615,.F.);
#5015=ORIENTED_EDGE('',*,*,#3616,.F.);
#5016=ORIENTED_EDGE('',*,*,#3615,.T.);
#5017=ORIENTED_EDGE('',*,*,#3617,.F.);
#5018=ORIENTED_EDGE('',*,*,#3618,.F.);
#5019=ORIENTED_EDGE('',*,*,#3619,.F.);
#5020=ORIENTED_EDGE('',*,*,#3618,.T.);
#5021=ORIENTED_EDGE('',*,*,#3620,.F.);
#5022=ORIENTED_EDGE('',*,*,#3621,.F.);
#5023=ORIENTED_EDGE('',*,*,#3622,.F.);
#5024=ORIENTED_EDGE('',*,*,#3621,.T.);
#5025=ORIENTED_EDGE('',*,*,#3623,.F.);
#5026=ORIENTED_EDGE('',*,*,#3624,.F.);
#5027=ORIENTED_EDGE('',*,*,#3625,.F.);
#5028=ORIENTED_EDGE('',*,*,#3624,.T.);
#5029=ORIENTED_EDGE('',*,*,#3626,.F.);
#5030=ORIENTED_EDGE('',*,*,#3627,.F.);
#5031=ORIENTED_EDGE('',*,*,#3628,.F.);
#5032=ORIENTED_EDGE('',*,*,#3627,.T.);
#5033=ORIENTED_EDGE('',*,*,#3629,.F.);
#5034=ORIENTED_EDGE('',*,*,#3630,.F.);
#5035=ORIENTED_EDGE('',*,*,#3631,.F.);
#5036=ORIENTED_EDGE('',*,*,#3630,.T.);
#5037=ORIENTED_EDGE('',*,*,#3632,.F.);
#5038=ORIENTED_EDGE('',*,*,#3633,.F.);
#5039=ORIENTED_EDGE('',*,*,#3634,.F.);
#5040=ORIENTED_EDGE('',*,*,#3633,.T.);
#5041=ORIENTED_EDGE('',*,*,#3635,.F.);
#5042=ORIENTED_EDGE('',*,*,#3636,.F.);
#5043=ORIENTED_EDGE('',*,*,#3637,.F.);
#5044=ORIENTED_EDGE('',*,*,#3636,.T.);
#5045=ORIENTED_EDGE('',*,*,#3638,.F.);
#5046=ORIENTED_EDGE('',*,*,#3639,.F.);
#5047=ORIENTED_EDGE('',*,*,#3640,.F.);
#5048=ORIENTED_EDGE('',*,*,#3639,.T.);
#5049=ORIENTED_EDGE('',*,*,#3641,.F.);
#5050=ORIENTED_EDGE('',*,*,#3642,.F.);
#5051=ORIENTED_EDGE('',*,*,#3643,.F.);
#5052=ORIENTED_EDGE('',*,*,#3642,.T.);
#5053=ORIENTED_EDGE('',*,*,#3644,.F.);
#5054=ORIENTED_EDGE('',*,*,#3598,.F.);
#5055=ORIENTED_EDGE('',*,*,#3644,.T.);
#5056=ORIENTED_EDGE('',*,*,#3641,.T.);
#5057=ORIENTED_EDGE('',*,*,#3638,.T.);
#5058=ORIENTED_EDGE('',*,*,#3635,.T.);
#5059=ORIENTED_EDGE('',*,*,#3632,.T.);
#5060=ORIENTED_EDGE('',*,*,#3629,.T.);
#5061=ORIENTED_EDGE('',*,*,#3626,.T.);
#5062=ORIENTED_EDGE('',*,*,#3623,.T.);
#5063=ORIENTED_EDGE('',*,*,#3620,.T.);
#5064=ORIENTED_EDGE('',*,*,#3617,.T.);
#5065=ORIENTED_EDGE('',*,*,#3614,.T.);
#5066=ORIENTED_EDGE('',*,*,#3611,.T.);
#5067=ORIENTED_EDGE('',*,*,#3608,.T.);
#5068=ORIENTED_EDGE('',*,*,#3605,.T.);
#5069=ORIENTED_EDGE('',*,*,#3602,.T.);
#5070=ORIENTED_EDGE('',*,*,#3599,.T.);
#5071=ORIENTED_EDGE('',*,*,#3596,.T.);
#5072=ORIENTED_EDGE('',*,*,#3593,.T.);
#5073=ORIENTED_EDGE('',*,*,#3590,.T.);
#5074=ORIENTED_EDGE('',*,*,#3587,.T.);
#5075=ORIENTED_EDGE('',*,*,#3584,.T.);
#5076=ORIENTED_EDGE('',*,*,#3581,.T.);
#5077=ORIENTED_EDGE('',*,*,#3578,.T.);
#5078=ORIENTED_EDGE('',*,*,#3575,.T.);
#5079=ORIENTED_EDGE('',*,*,#3573,.T.);
#5080=ORIENTED_EDGE('',*,*,#3577,.T.);
#5081=ORIENTED_EDGE('',*,*,#3580,.T.);
#5082=ORIENTED_EDGE('',*,*,#3583,.T.);
#5083=ORIENTED_EDGE('',*,*,#3586,.T.);
#5084=ORIENTED_EDGE('',*,*,#3589,.T.);
#5085=ORIENTED_EDGE('',*,*,#3592,.T.);
#5086=ORIENTED_EDGE('',*,*,#3595,.T.);
#5087=ORIENTED_EDGE('',*,*,#3645,.T.);
#5088=ORIENTED_EDGE('',*,*,#3646,.T.);
#5089=ORIENTED_EDGE('',*,*,#3647,.T.);
#5090=ORIENTED_EDGE('',*,*,#3648,.T.);
#5091=ORIENTED_EDGE('',*,*,#3646,.F.);
#5092=ORIENTED_EDGE('',*,*,#3649,.F.);
#5093=ORIENTED_EDGE('',*,*,#3650,.F.);
#5094=ORIENTED_EDGE('',*,*,#3651,.T.);
#5095=ORIENTED_EDGE('',*,*,#3645,.F.);
#5096=ORIENTED_EDGE('',*,*,#3652,.T.);
#5097=ORIENTED_EDGE('',*,*,#3653,.F.);
#5098=ORIENTED_EDGE('',*,*,#3654,.T.);
#5099=ORIENTED_EDGE('',*,*,#3655,.F.);
#5100=ORIENTED_EDGE('',*,*,#3656,.T.);
#5101=ORIENTED_EDGE('',*,*,#3657,.F.);
#5102=ORIENTED_EDGE('',*,*,#3649,.T.);
#5103=ORIENTED_EDGE('',*,*,#2940,.T.);
#5104=ORIENTED_EDGE('',*,*,#2944,.T.);
#5105=ORIENTED_EDGE('',*,*,#2947,.T.);
#5106=ORIENTED_EDGE('',*,*,#2950,.T.);
#5107=ORIENTED_EDGE('',*,*,#2953,.T.);
#5108=ORIENTED_EDGE('',*,*,#2956,.T.);
#5109=ORIENTED_EDGE('',*,*,#2959,.T.);
#5110=ORIENTED_EDGE('',*,*,#2962,.T.);
#5111=ORIENTED_EDGE('',*,*,#2965,.T.);
#5112=ORIENTED_EDGE('',*,*,#2968,.T.);
#5113=ORIENTED_EDGE('',*,*,#2971,.T.);
#5114=ORIENTED_EDGE('',*,*,#2974,.T.);
#5115=ORIENTED_EDGE('',*,*,#3060,.T.);
#5116=ORIENTED_EDGE('',*,*,#3064,.T.);
#5117=ORIENTED_EDGE('',*,*,#3067,.T.);
#5118=ORIENTED_EDGE('',*,*,#3070,.T.);
#5119=ORIENTED_EDGE('',*,*,#3073,.T.);
#5120=ORIENTED_EDGE('',*,*,#3076,.T.);
#5121=ORIENTED_EDGE('',*,*,#3079,.T.);
#5122=ORIENTED_EDGE('',*,*,#3082,.T.);
#5123=ORIENTED_EDGE('',*,*,#3085,.T.);
#5124=ORIENTED_EDGE('',*,*,#3088,.T.);
#5125=ORIENTED_EDGE('',*,*,#3174,.T.);
#5126=ORIENTED_EDGE('',*,*,#3178,.T.);
#5127=ORIENTED_EDGE('',*,*,#3181,.T.);
#5128=ORIENTED_EDGE('',*,*,#3184,.T.);
#5129=ORIENTED_EDGE('',*,*,#3187,.T.);
#5130=ORIENTED_EDGE('',*,*,#3190,.T.);
#5131=ORIENTED_EDGE('',*,*,#3193,.T.);
#5132=ORIENTED_EDGE('',*,*,#3196,.T.);
#5133=ORIENTED_EDGE('',*,*,#3199,.T.);
#5134=ORIENTED_EDGE('',*,*,#3202,.T.);
#5135=ORIENTED_EDGE('',*,*,#3205,.T.);
#5136=ORIENTED_EDGE('',*,*,#3208,.T.);
#5137=ORIENTED_EDGE('',*,*,#3211,.T.);
#5138=ORIENTED_EDGE('',*,*,#3285,.T.);
#5139=ORIENTED_EDGE('',*,*,#3289,.T.);
#5140=ORIENTED_EDGE('',*,*,#3292,.T.);
#5141=ORIENTED_EDGE('',*,*,#3295,.T.);
#5142=ORIENTED_EDGE('',*,*,#3342,.T.);
#5143=ORIENTED_EDGE('',*,*,#3346,.T.);
#5144=ORIENTED_EDGE('',*,*,#3349,.T.);
#5145=ORIENTED_EDGE('',*,*,#3352,.T.);
#5146=ORIENTED_EDGE('',*,*,#3355,.T.);
#5147=ORIENTED_EDGE('',*,*,#3358,.T.);
#5148=ORIENTED_EDGE('',*,*,#3361,.T.);
#5149=ORIENTED_EDGE('',*,*,#3364,.T.);
#5150=ORIENTED_EDGE('',*,*,#3402,.T.);
#5151=ORIENTED_EDGE('',*,*,#3406,.T.);
#5152=ORIENTED_EDGE('',*,*,#3409,.T.);
#5153=ORIENTED_EDGE('',*,*,#3412,.T.);
#5154=ORIENTED_EDGE('',*,*,#3415,.T.);
#5155=ORIENTED_EDGE('',*,*,#3418,.T.);
#5156=ORIENTED_EDGE('',*,*,#3421,.T.);
#5157=ORIENTED_EDGE('',*,*,#3424,.T.);
#5158=ORIENTED_EDGE('',*,*,#3427,.T.);
#5159=ORIENTED_EDGE('',*,*,#3430,.T.);
#5160=ORIENTED_EDGE('',*,*,#3433,.T.);
#5161=ORIENTED_EDGE('',*,*,#3436,.T.);
#5162=ORIENTED_EDGE('',*,*,#3439,.T.);
#5163=ORIENTED_EDGE('',*,*,#3442,.T.);
#5164=ORIENTED_EDGE('',*,*,#3445,.T.);
#5165=ORIENTED_EDGE('',*,*,#3448,.T.);
#5166=ORIENTED_EDGE('',*,*,#3451,.T.);
#5167=ORIENTED_EDGE('',*,*,#3454,.T.);
#5168=ORIENTED_EDGE('',*,*,#3457,.T.);
#5169=ORIENTED_EDGE('',*,*,#3460,.T.);
#5170=ORIENTED_EDGE('',*,*,#3463,.T.);
#5171=ORIENTED_EDGE('',*,*,#3466,.T.);
#5172=ORIENTED_EDGE('',*,*,#3469,.T.);
#5173=ORIENTED_EDGE('',*,*,#3534,.T.);
#5174=ORIENTED_EDGE('',*,*,#3538,.T.);
#5175=ORIENTED_EDGE('',*,*,#3541,.T.);
#5176=ORIENTED_EDGE('',*,*,#3544,.T.);
#5177=ORIENTED_EDGE('',*,*,#3547,.T.);
#5178=ORIENTED_EDGE('',*,*,#3550,.T.);
#5179=ORIENTED_EDGE('',*,*,#3553,.T.);
#5180=ORIENTED_EDGE('',*,*,#3556,.T.);
#5181=ORIENTED_EDGE('',*,*,#3559,.T.);
#5182=ORIENTED_EDGE('',*,*,#3562,.T.);
#5183=ORIENTED_EDGE('',*,*,#3565,.T.);
#5184=ORIENTED_EDGE('',*,*,#3568,.T.);
#5185=ORIENTED_EDGE('',*,*,#3571,.T.);
#5186=ORIENTED_EDGE('',*,*,#3658,.F.);
#5187=ORIENTED_EDGE('',*,*,#3659,.F.);
#5188=ORIENTED_EDGE('',*,*,#3660,.F.);
#5189=ORIENTED_EDGE('',*,*,#3661,.F.);
#5190=ORIENTED_EDGE('',*,*,#3662,.T.);
#5191=ORIENTED_EDGE('',*,*,#3663,.T.);
#5192=ORIENTED_EDGE('',*,*,#3664,.T.);
#5193=ORIENTED_EDGE('',*,*,#3665,.T.);
#5194=ORIENTED_EDGE('',*,*,#3597,.T.);
#5195=ORIENTED_EDGE('',*,*,#3601,.T.);
#5196=ORIENTED_EDGE('',*,*,#3604,.T.);
#5197=ORIENTED_EDGE('',*,*,#3607,.T.);
#5198=ORIENTED_EDGE('',*,*,#3610,.T.);
#5199=ORIENTED_EDGE('',*,*,#3613,.T.);
#5200=ORIENTED_EDGE('',*,*,#3616,.T.);
#5201=ORIENTED_EDGE('',*,*,#3619,.T.);
#5202=ORIENTED_EDGE('',*,*,#3622,.T.);
#5203=ORIENTED_EDGE('',*,*,#3625,.T.);
#5204=ORIENTED_EDGE('',*,*,#3628,.T.);
#5205=ORIENTED_EDGE('',*,*,#3631,.T.);
#5206=ORIENTED_EDGE('',*,*,#3634,.T.);
#5207=ORIENTED_EDGE('',*,*,#3637,.T.);
#5208=ORIENTED_EDGE('',*,*,#3640,.T.);
#5209=ORIENTED_EDGE('',*,*,#3643,.T.);
#5210=ORIENTED_EDGE('',*,*,#3471,.T.);
#5211=ORIENTED_EDGE('',*,*,#3475,.T.);
#5212=ORIENTED_EDGE('',*,*,#3478,.T.);
#5213=ORIENTED_EDGE('',*,*,#3481,.T.);
#5214=ORIENTED_EDGE('',*,*,#3484,.T.);
#5215=ORIENTED_EDGE('',*,*,#3487,.T.);
#5216=ORIENTED_EDGE('',*,*,#3490,.T.);
#5217=ORIENTED_EDGE('',*,*,#3493,.T.);
#5218=ORIENTED_EDGE('',*,*,#3496,.T.);
#5219=ORIENTED_EDGE('',*,*,#3499,.T.);
#5220=ORIENTED_EDGE('',*,*,#3502,.T.);
#5221=ORIENTED_EDGE('',*,*,#3505,.T.);
#5222=ORIENTED_EDGE('',*,*,#3366,.T.);
#5223=ORIENTED_EDGE('',*,*,#3370,.T.);
#5224=ORIENTED_EDGE('',*,*,#3373,.T.);
#5225=ORIENTED_EDGE('',*,*,#3376,.T.);
#5226=ORIENTED_EDGE('',*,*,#3379,.T.);
#5227=ORIENTED_EDGE('',*,*,#3382,.T.);
#5228=ORIENTED_EDGE('',*,*,#3385,.T.);
#5229=ORIENTED_EDGE('',*,*,#3388,.T.);
#5230=ORIENTED_EDGE('',*,*,#3391,.T.);
#5231=ORIENTED_EDGE('',*,*,#3394,.T.);
#5232=ORIENTED_EDGE('',*,*,#3397,.T.);
#5233=ORIENTED_EDGE('',*,*,#3400,.T.);
#5234=ORIENTED_EDGE('',*,*,#3297,.T.);
#5235=ORIENTED_EDGE('',*,*,#3301,.T.);
#5236=ORIENTED_EDGE('',*,*,#3304,.T.);
#5237=ORIENTED_EDGE('',*,*,#3307,.T.);
#5238=ORIENTED_EDGE('',*,*,#3310,.T.);
#5239=ORIENTED_EDGE('',*,*,#3313,.T.);
#5240=ORIENTED_EDGE('',*,*,#3316,.T.);
#5241=ORIENTED_EDGE('',*,*,#3319,.T.);
#5242=ORIENTED_EDGE('',*,*,#3322,.T.);
#5243=ORIENTED_EDGE('',*,*,#3325,.T.);
#5244=ORIENTED_EDGE('',*,*,#3328,.T.);
#5245=ORIENTED_EDGE('',*,*,#3331,.T.);
#5246=ORIENTED_EDGE('',*,*,#3237,.T.);
#5247=ORIENTED_EDGE('',*,*,#3241,.T.);
#5248=ORIENTED_EDGE('',*,*,#3244,.T.);
#5249=ORIENTED_EDGE('',*,*,#3247,.T.);
#5250=ORIENTED_EDGE('',*,*,#3250,.T.);
#5251=ORIENTED_EDGE('',*,*,#3253,.T.);
#5252=ORIENTED_EDGE('',*,*,#3256,.T.);
#5253=ORIENTED_EDGE('',*,*,#3259,.T.);
#5254=ORIENTED_EDGE('',*,*,#3262,.T.);
#5255=ORIENTED_EDGE('',*,*,#3265,.T.);
#5256=ORIENTED_EDGE('',*,*,#3268,.T.);
#5257=ORIENTED_EDGE('',*,*,#3271,.T.);
#5258=ORIENTED_EDGE('',*,*,#3274,.T.);
#5259=ORIENTED_EDGE('',*,*,#3277,.T.);
#5260=ORIENTED_EDGE('',*,*,#3280,.T.);
#5261=ORIENTED_EDGE('',*,*,#3283,.T.);
#5262=ORIENTED_EDGE('',*,*,#3090,.T.);
#5263=ORIENTED_EDGE('',*,*,#3094,.T.);
#5264=ORIENTED_EDGE('',*,*,#3097,.T.);
#5265=ORIENTED_EDGE('',*,*,#3100,.T.);
#5266=ORIENTED_EDGE('',*,*,#3103,.T.);
#5267=ORIENTED_EDGE('',*,*,#3106,.T.);
#5268=ORIENTED_EDGE('',*,*,#3109,.T.);
#5269=ORIENTED_EDGE('',*,*,#3112,.T.);
#5270=ORIENTED_EDGE('',*,*,#3115,.T.);
#5271=ORIENTED_EDGE('',*,*,#3118,.T.);
#5272=ORIENTED_EDGE('',*,*,#3121,.T.);
#5273=ORIENTED_EDGE('',*,*,#3124,.T.);
#5274=ORIENTED_EDGE('',*,*,#3127,.T.);
#5275=ORIENTED_EDGE('',*,*,#3130,.T.);
#5276=ORIENTED_EDGE('',*,*,#3133,.T.);
#5277=ORIENTED_EDGE('',*,*,#3136,.T.);
#5278=ORIENTED_EDGE('',*,*,#3139,.T.);
#5279=ORIENTED_EDGE('',*,*,#3142,.T.);
#5280=ORIENTED_EDGE('',*,*,#3145,.T.);
#5281=ORIENTED_EDGE('',*,*,#3148,.T.);
#5282=ORIENTED_EDGE('',*,*,#3151,.T.);
#5283=ORIENTED_EDGE('',*,*,#3154,.T.);
#5284=ORIENTED_EDGE('',*,*,#3157,.T.);
#5285=ORIENTED_EDGE('',*,*,#3160,.T.);
#5286=ORIENTED_EDGE('',*,*,#3163,.T.);
#5287=ORIENTED_EDGE('',*,*,#3166,.T.);
#5288=ORIENTED_EDGE('',*,*,#3169,.T.);
#5289=ORIENTED_EDGE('',*,*,#3172,.T.);
#5290=ORIENTED_EDGE('',*,*,#2976,.T.);
#5291=ORIENTED_EDGE('',*,*,#2980,.T.);
#5292=ORIENTED_EDGE('',*,*,#2983,.T.);
#5293=ORIENTED_EDGE('',*,*,#2986,.T.);
#5294=ORIENTED_EDGE('',*,*,#2989,.T.);
#5295=ORIENTED_EDGE('',*,*,#2992,.T.);
#5296=ORIENTED_EDGE('',*,*,#2995,.T.);
#5297=ORIENTED_EDGE('',*,*,#2998,.T.);
#5298=ORIENTED_EDGE('',*,*,#3001,.T.);
#5299=ORIENTED_EDGE('',*,*,#3004,.T.);
#5300=ORIENTED_EDGE('',*,*,#3007,.T.);
#5301=ORIENTED_EDGE('',*,*,#3010,.T.);
#5302=ORIENTED_EDGE('',*,*,#3013,.T.);
#5303=ORIENTED_EDGE('',*,*,#3016,.T.);
#5304=ORIENTED_EDGE('',*,*,#3019,.T.);
#5305=ORIENTED_EDGE('',*,*,#3022,.T.);
#5306=ORIENTED_EDGE('',*,*,#3025,.T.);
#5307=ORIENTED_EDGE('',*,*,#3028,.T.);
#5308=ORIENTED_EDGE('',*,*,#3031,.T.);
#5309=ORIENTED_EDGE('',*,*,#3034,.T.);
#5310=ORIENTED_EDGE('',*,*,#3037,.T.);
#5311=ORIENTED_EDGE('',*,*,#3040,.T.);
#5312=ORIENTED_EDGE('',*,*,#3043,.T.);
#5313=ORIENTED_EDGE('',*,*,#3046,.T.);
#5314=ORIENTED_EDGE('',*,*,#3049,.T.);
#5315=ORIENTED_EDGE('',*,*,#3052,.T.);
#5316=ORIENTED_EDGE('',*,*,#3055,.T.);
#5317=ORIENTED_EDGE('',*,*,#3058,.T.);
#5318=ORIENTED_EDGE('',*,*,#2874,.T.);
#5319=ORIENTED_EDGE('',*,*,#2878,.T.);
#5320=ORIENTED_EDGE('',*,*,#2881,.T.);
#5321=ORIENTED_EDGE('',*,*,#2884,.T.);
#5322=ORIENTED_EDGE('',*,*,#2887,.T.);
#5323=ORIENTED_EDGE('',*,*,#2890,.T.);
#5324=ORIENTED_EDGE('',*,*,#2893,.T.);
#5325=ORIENTED_EDGE('',*,*,#2896,.T.);
#5326=ORIENTED_EDGE('',*,*,#2899,.T.);
#5327=ORIENTED_EDGE('',*,*,#2902,.T.);
#5328=ORIENTED_EDGE('',*,*,#2905,.T.);
#5329=ORIENTED_EDGE('',*,*,#2908,.T.);
#5330=ORIENTED_EDGE('',*,*,#2911,.T.);
#5331=ORIENTED_EDGE('',*,*,#3653,.T.);
#5332=ORIENTED_EDGE('',*,*,#3666,.T.);
#5333=ORIENTED_EDGE('',*,*,#3667,.T.);
#5334=ORIENTED_EDGE('',*,*,#3668,.T.);
#5335=ORIENTED_EDGE('',*,*,#3668,.F.);
#5336=ORIENTED_EDGE('',*,*,#3669,.T.);
#5337=ORIENTED_EDGE('',*,*,#3670,.F.);
#5338=ORIENTED_EDGE('',*,*,#3654,.F.);
#5339=ORIENTED_EDGE('',*,*,#3655,.T.);
#5340=ORIENTED_EDGE('',*,*,#3670,.T.);
#5341=ORIENTED_EDGE('',*,*,#3671,.T.);
#5342=ORIENTED_EDGE('',*,*,#3672,.T.);
#5343=ORIENTED_EDGE('',*,*,#3657,.T.);
#5344=ORIENTED_EDGE('',*,*,#3673,.T.);
#5345=ORIENTED_EDGE('',*,*,#3674,.T.);
#5346=ORIENTED_EDGE('',*,*,#3650,.T.);
#5347=ORIENTED_EDGE('',*,*,#3647,.F.);
#5348=ORIENTED_EDGE('',*,*,#3651,.F.);
#5349=ORIENTED_EDGE('',*,*,#3674,.F.);
#5350=ORIENTED_EDGE('',*,*,#3675,.F.);
#5351=ORIENTED_EDGE('',*,*,#3671,.F.);
#5352=ORIENTED_EDGE('',*,*,#3669,.F.);
#5353=ORIENTED_EDGE('',*,*,#3667,.F.);
#5354=ORIENTED_EDGE('',*,*,#3676,.F.);
#5355=ORIENTED_EDGE('',*,*,#3677,.T.);
#5356=ORIENTED_EDGE('',*,*,#3678,.T.);
#5357=ORIENTED_EDGE('',*,*,#3679,.T.);
#5358=ORIENTED_EDGE('',*,*,#3680,.T.);
#5359=ORIENTED_EDGE('',*,*,#3681,.F.);
#5360=ORIENTED_EDGE('',*,*,#3682,.F.);
#5361=ORIENTED_EDGE('',*,*,#3683,.F.);
#5362=ORIENTED_EDGE('',*,*,#3684,.F.);
#5363=ORIENTED_EDGE('',*,*,#3665,.F.);
#5364=ORIENTED_EDGE('',*,*,#3685,.T.);
#5365=ORIENTED_EDGE('',*,*,#3686,.T.);
#5366=ORIENTED_EDGE('',*,*,#3685,.F.);
#5367=ORIENTED_EDGE('',*,*,#3686,.F.);
#5368=ORIENTED_EDGE('',*,*,#3687,.F.);
#5369=ORIENTED_EDGE('',*,*,#3664,.F.);
#5370=ORIENTED_EDGE('',*,*,#3688,.T.);
#5371=ORIENTED_EDGE('',*,*,#3689,.T.);
#5372=ORIENTED_EDGE('',*,*,#3688,.F.);
#5373=ORIENTED_EDGE('',*,*,#3689,.F.);
#5374=ORIENTED_EDGE('',*,*,#3690,.F.);
#5375=ORIENTED_EDGE('',*,*,#3663,.F.);
#5376=ORIENTED_EDGE('',*,*,#3691,.T.);
#5377=ORIENTED_EDGE('',*,*,#3692,.T.);
#5378=ORIENTED_EDGE('',*,*,#3691,.F.);
#5379=ORIENTED_EDGE('',*,*,#3692,.F.);
#5380=ORIENTED_EDGE('',*,*,#3693,.F.);
#5381=ORIENTED_EDGE('',*,*,#3662,.F.);
#5382=ORIENTED_EDGE('',*,*,#3694,.T.);
#5383=ORIENTED_EDGE('',*,*,#3695,.T.);
#5384=ORIENTED_EDGE('',*,*,#3694,.F.);
#5385=ORIENTED_EDGE('',*,*,#3695,.F.);
#5386=ORIENTED_EDGE('',*,*,#3696,.F.);
#5387=ORIENTED_EDGE('',*,*,#3687,.T.);
#5388=ORIENTED_EDGE('',*,*,#3697,.T.);
#5389=ORIENTED_EDGE('',*,*,#3677,.F.);
#5390=ORIENTED_EDGE('',*,*,#3697,.F.);
#5391=ORIENTED_EDGE('',*,*,#3696,.T.);
#5392=ORIENTED_EDGE('',*,*,#3698,.T.);
#5393=ORIENTED_EDGE('',*,*,#3678,.F.);
#5394=ORIENTED_EDGE('',*,*,#3698,.F.);
#5395=ORIENTED_EDGE('',*,*,#3693,.T.);
#5396=ORIENTED_EDGE('',*,*,#3699,.T.);
#5397=ORIENTED_EDGE('',*,*,#3679,.F.);
#5398=ORIENTED_EDGE('',*,*,#3699,.F.);
#5399=ORIENTED_EDGE('',*,*,#3690,.T.);
#5400=ORIENTED_EDGE('',*,*,#3700,.T.);
#5401=ORIENTED_EDGE('',*,*,#3680,.F.);
#5402=ORIENTED_EDGE('',*,*,#3700,.F.);
#5403=ORIENTED_EDGE('',*,*,#3658,.T.);
#5404=ORIENTED_EDGE('',*,*,#3701,.T.);
#5405=ORIENTED_EDGE('',*,*,#3682,.T.);
#5406=ORIENTED_EDGE('',*,*,#3702,.F.);
#5407=ORIENTED_EDGE('',*,*,#3661,.T.);
#5408=ORIENTED_EDGE('',*,*,#3703,.T.);
#5409=ORIENTED_EDGE('',*,*,#3683,.T.);
#5410=ORIENTED_EDGE('',*,*,#3701,.F.);
#5411=ORIENTED_EDGE('',*,*,#3660,.T.);
#5412=ORIENTED_EDGE('',*,*,#3704,.T.);
#5413=ORIENTED_EDGE('',*,*,#3684,.T.);
#5414=ORIENTED_EDGE('',*,*,#3703,.F.);
#5415=ORIENTED_EDGE('',*,*,#3681,.T.);
#5416=ORIENTED_EDGE('',*,*,#3704,.F.);
#5417=ORIENTED_EDGE('',*,*,#3659,.T.);
#5418=ORIENTED_EDGE('',*,*,#3702,.T.);
#5419=ORIENTED_EDGE('',*,*,#3648,.F.);
#5420=ORIENTED_EDGE('',*,*,#3676,.T.);
#5421=ORIENTED_EDGE('',*,*,#3666,.F.);
#5422=ORIENTED_EDGE('',*,*,#3652,.F.);
#5423=ORIENTED_EDGE('',*,*,#3672,.F.);
#5424=ORIENTED_EDGE('',*,*,#3675,.T.);
#5425=ORIENTED_EDGE('',*,*,#3673,.F.);
#5426=ORIENTED_EDGE('',*,*,#3656,.F.);
#5427=PLANE('',#5900);
#5428=PLANE('',#5901);
#5429=PLANE('',#5902);
#5430=PLANE('',#5903);
#5431=PLANE('',#5904);
#5432=PLANE('',#5905);
#5433=PLANE('',#5906);
#5434=PLANE('',#5907);
#5435=PLANE('',#5908);
#5436=PLANE('',#5909);
#5437=PLANE('',#5910);
#5438=PLANE('',#5911);
#5439=PLANE('',#5912);
#5440=PLANE('',#5913);
#5441=PLANE('',#5914);
#5442=PLANE('',#5915);
#5443=PLANE('',#5916);
#5444=PLANE('',#5917);
#5445=PLANE('',#5918);
#5446=PLANE('',#5919);
#5447=PLANE('',#5920);
#5448=PLANE('',#5921);
#5449=PLANE('',#5922);
#5450=PLANE('',#5923);
#5451=PLANE('',#5924);
#5452=PLANE('',#5925);
#5453=PLANE('',#5926);
#5454=PLANE('',#5927);
#5455=PLANE('',#5928);
#5456=PLANE('',#5929);
#5457=PLANE('',#5930);
#5458=PLANE('',#5931);
#5459=PLANE('',#5932);
#5460=PLANE('',#5933);
#5461=PLANE('',#5934);
#5462=PLANE('',#5935);
#5463=PLANE('',#5936);
#5464=PLANE('',#5937);
#5465=PLANE('',#5938);
#5466=PLANE('',#5939);
#5467=PLANE('',#5940);
#5468=PLANE('',#5941);
#5469=PLANE('',#5942);
#5470=PLANE('',#5943);
#5471=PLANE('',#5944);
#5472=PLANE('',#5945);
#5473=PLANE('',#5946);
#5474=PLANE('',#5947);
#5475=PLANE('',#5948);
#5476=PLANE('',#5949);
#5477=PLANE('',#5950);
#5478=PLANE('',#5951);
#5479=PLANE('',#5952);
#5480=PLANE('',#5953);
#5481=PLANE('',#5954);
#5482=PLANE('',#5955);
#5483=PLANE('',#5956);
#5484=PLANE('',#5957);
#5485=PLANE('',#5958);
#5486=PLANE('',#5959);
#5487=PLANE('',#5960);
#5488=PLANE('',#5961);
#5489=PLANE('',#5962);
#5490=PLANE('',#5963);
#5491=PLANE('',#5964);
#5492=PLANE('',#5965);
#5493=PLANE('',#5966);
#5494=PLANE('',#5967);
#5495=PLANE('',#5968);
#5496=PLANE('',#5969);
#5497=PLANE('',#5970);
#5498=PLANE('',#5971);
#5499=PLANE('',#5972);
#5500=PLANE('',#5973);
#5501=PLANE('',#5974);
#5502=PLANE('',#5975);
#5503=PLANE('',#5976);
#5504=PLANE('',#5977);
#5505=PLANE('',#5978);
#5506=PLANE('',#5979);
#5507=PLANE('',#5980);
#5508=PLANE('',#5981);
#5509=PLANE('',#5982);
#5510=PLANE('',#5983);
#5511=PLANE('',#5984);
#5512=PLANE('',#5985);
#5513=PLANE('',#5986);
#5514=PLANE('',#5987);
#5515=PLANE('',#5988);
#5516=PLANE('',#5989);
#5517=PLANE('',#5990);
#5518=PLANE('',#5991);
#5519=PLANE('',#5992);
#5520=PLANE('',#5993);
#5521=PLANE('',#5994);
#5522=PLANE('',#5995);
#5523=PLANE('',#5996);
#5524=PLANE('',#5997);
#5525=PLANE('',#5998);
#5526=PLANE('',#5999);
#5527=PLANE('',#6000);
#5528=PLANE('',#6001);
#5529=PLANE('',#6002);
#5530=PLANE('',#6003);
#5531=PLANE('',#6004);
#5532=PLANE('',#6005);
#5533=PLANE('',#6006);
#5534=PLANE('',#6007);
#5535=PLANE('',#6008);
#5536=PLANE('',#6009);
#5537=PLANE('',#6010);
#5538=PLANE('',#6011);
#5539=PLANE('',#6012);
#5540=PLANE('',#6013);
#5541=PLANE('',#6014);
#5542=PLANE('',#6015);
#5543=PLANE('',#6016);
#5544=PLANE('',#6017);
#5545=PLANE('',#6018);
#5546=PLANE('',#6019);
#5547=PLANE('',#6020);
#5548=PLANE('',#6021);
#5549=PLANE('',#6022);
#5550=PLANE('',#6023);
#5551=PLANE('',#6024);
#5552=PLANE('',#6025);
#5553=PLANE('',#6026);
#5554=PLANE('',#6027);
#5555=PLANE('',#6028);
#5556=PLANE('',#6029);
#5557=PLANE('',#6030);
#5558=PLANE('',#6031);
#5559=PLANE('',#6032);
#5560=PLANE('',#6033);
#5561=PLANE('',#6034);
#5562=PLANE('',#6038);
#5563=PLANE('',#6039);
#5564=PLANE('',#6049);
#5565=PLANE('',#6054);
#5566=PLANE('',#6061);
#5567=PLANE('',#6065);
#5568=PLANE('',#6069);
#5569=PLANE('',#6073);
#5570=PLANE('',#6087);
#5571=PLANE('',#6088);
#5572=ADVANCED_FACE('',(#553),#5427,.T.);
#5573=ADVANCED_FACE('',(#554),#400,.T.);
#5574=ADVANCED_FACE('',(#555),#401,.T.);
#5575=ADVANCED_FACE('',(#556),#402,.T.);
#5576=ADVANCED_FACE('',(#557),#403,.T.);
#5577=ADVANCED_FACE('',(#558),#404,.T.);
#5578=ADVANCED_FACE('',(#559),#405,.T.);
#5579=ADVANCED_FACE('',(#560),#406,.T.);
#5580=ADVANCED_FACE('',(#561),#5428,.T.);
#5581=ADVANCED_FACE('',(#562),#5429,.T.);
#5582=ADVANCED_FACE('',(#563),#5430,.T.);
#5583=ADVANCED_FACE('',(#564),#5431,.T.);
#5584=ADVANCED_FACE('',(#565),#407,.T.);
#5585=ADVANCED_FACE('',(#566),#408,.T.);
#5586=ADVANCED_FACE('',(#567),#409,.T.);
#5587=ADVANCED_FACE('',(#568),#410,.T.);
#5588=ADVANCED_FACE('',(#569),#411,.T.);
#5589=ADVANCED_FACE('',(#570),#412,.T.);
#5590=ADVANCED_FACE('',(#571),#413,.T.);
#5591=ADVANCED_FACE('',(#572),#414,.T.);
#5592=ADVANCED_FACE('',(#573),#415,.T.);
#5593=ADVANCED_FACE('',(#574),#416,.T.);
#5594=ADVANCED_FACE('',(#575),#5432,.T.);
#5595=ADVANCED_FACE('',(#576,#59),#5433,.T.);
#5596=ADVANCED_FACE('',(#577),#5434,.T.);
#5597=ADVANCED_FACE('',(#578),#417,.T.);
#5598=ADVANCED_FACE('',(#579),#418,.T.);
#5599=ADVANCED_FACE('',(#580),#419,.T.);
#5600=ADVANCED_FACE('',(#581),#420,.T.);
#5601=ADVANCED_FACE('',(#582),#421,.T.);
#5602=ADVANCED_FACE('',(#583),#422,.T.);
#5603=ADVANCED_FACE('',(#584),#423,.T.);
#5604=ADVANCED_FACE('',(#585),#424,.T.);
#5605=ADVANCED_FACE('',(#586),#425,.T.);
#5606=ADVANCED_FACE('',(#587),#426,.T.);
#5607=ADVANCED_FACE('',(#588),#427,.T.);
#5608=ADVANCED_FACE('',(#589),#428,.T.);
#5609=ADVANCED_FACE('',(#590),#429,.T.);
#5610=ADVANCED_FACE('',(#591),#430,.T.);
#5611=ADVANCED_FACE('',(#592),#431,.T.);
#5612=ADVANCED_FACE('',(#593),#432,.T.);
#5613=ADVANCED_FACE('',(#594),#433,.T.);
#5614=ADVANCED_FACE('',(#595),#434,.T.);
#5615=ADVANCED_FACE('',(#596),#435,.T.);
#5616=ADVANCED_FACE('',(#597),#436,.T.);
#5617=ADVANCED_FACE('',(#598),#437,.T.);
#5618=ADVANCED_FACE('',(#599,#60),#5435,.T.);
#5619=ADVANCED_FACE('',(#600),#5436,.T.);
#5620=ADVANCED_FACE('',(#601),#5437,.T.);
#5621=ADVANCED_FACE('',(#602),#438,.T.);
#5622=ADVANCED_FACE('',(#603),#439,.T.);
#5623=ADVANCED_FACE('',(#604),#440,.T.);
#5624=ADVANCED_FACE('',(#605),#441,.T.);
#5625=ADVANCED_FACE('',(#606),#442,.T.);
#5626=ADVANCED_FACE('',(#607),#443,.T.);
#5627=ADVANCED_FACE('',(#608),#444,.T.);
#5628=ADVANCED_FACE('',(#609),#445,.T.);
#5629=ADVANCED_FACE('',(#610),#446,.T.);
#5630=ADVANCED_FACE('',(#611),#447,.T.);
#5631=ADVANCED_FACE('',(#612),#448,.T.);
#5632=ADVANCED_FACE('',(#613),#449,.T.);
#5633=ADVANCED_FACE('',(#614),#450,.T.);
#5634=ADVANCED_FACE('',(#615),#5438,.T.);
#5635=ADVANCED_FACE('',(#616),#451,.T.);
#5636=ADVANCED_FACE('',(#617),#452,.T.);
#5637=ADVANCED_FACE('',(#618),#453,.T.);
#5638=ADVANCED_FACE('',(#619),#454,.T.);
#5639=ADVANCED_FACE('',(#620),#455,.T.);
#5640=ADVANCED_FACE('',(#621),#456,.T.);
#5641=ADVANCED_FACE('',(#622),#457,.T.);
#5642=ADVANCED_FACE('',(#623),#458,.T.);
#5643=ADVANCED_FACE('',(#624),#459,.T.);
#5644=ADVANCED_FACE('',(#625),#460,.T.);
#5645=ADVANCED_FACE('',(#626),#461,.T.);
#5646=ADVANCED_FACE('',(#627),#462,.T.);
#5647=ADVANCED_FACE('',(#628),#463,.T.);
#5648=ADVANCED_FACE('',(#629),#5439,.T.);
#5649=ADVANCED_FACE('',(#630),#5440,.T.);
#5650=ADVANCED_FACE('',(#631),#5441,.T.);
#5651=ADVANCED_FACE('',(#632),#5442,.T.);
#5652=ADVANCED_FACE('',(#633),#5443,.T.);
#5653=ADVANCED_FACE('',(#634),#5444,.T.);
#5654=ADVANCED_FACE('',(#635),#5445,.T.);
#5655=ADVANCED_FACE('',(#636),#5446,.T.);
#5656=ADVANCED_FACE('',(#637),#5447,.T.);
#5657=ADVANCED_FACE('',(#638),#5448,.T.);
#5658=ADVANCED_FACE('',(#639),#5449,.T.);
#5659=ADVANCED_FACE('',(#640),#5450,.T.);
#5660=ADVANCED_FACE('',(#641),#5451,.T.);
#5661=ADVANCED_FACE('',(#642),#464,.T.);
#5662=ADVANCED_FACE('',(#643),#465,.T.);
#5663=ADVANCED_FACE('',(#644),#466,.T.);
#5664=ADVANCED_FACE('',(#645),#467,.T.);
#5665=ADVANCED_FACE('',(#646),#468,.T.);
#5666=ADVANCED_FACE('',(#647),#469,.T.);
#5667=ADVANCED_FACE('',(#648),#470,.T.);
#5668=ADVANCED_FACE('',(#649),#471,.T.);
#5669=ADVANCED_FACE('',(#650),#472,.T.);
#5670=ADVANCED_FACE('',(#651),#473,.T.);
#5671=ADVANCED_FACE('',(#652),#474,.T.);
#5672=ADVANCED_FACE('',(#653),#475,.T.);
#5673=ADVANCED_FACE('',(#654),#476,.T.);
#5674=ADVANCED_FACE('',(#655),#5452,.T.);
#5675=ADVANCED_FACE('',(#656),#477,.T.);
#5676=ADVANCED_FACE('',(#657),#478,.T.);
#5677=ADVANCED_FACE('',(#658),#479,.T.);
#5678=ADVANCED_FACE('',(#659),#480,.T.);
#5679=ADVANCED_FACE('',(#660),#481,.T.);
#5680=ADVANCED_FACE('',(#661),#482,.T.);
#5681=ADVANCED_FACE('',(#662),#483,.T.);
#5682=ADVANCED_FACE('',(#663),#484,.T.);
#5683=ADVANCED_FACE('',(#664),#485,.T.);
#5684=ADVANCED_FACE('',(#665),#486,.T.);
#5685=ADVANCED_FACE('',(#666),#487,.T.);
#5686=ADVANCED_FACE('',(#667),#488,.T.);
#5687=ADVANCED_FACE('',(#668),#489,.T.);
#5688=ADVANCED_FACE('',(#669),#5453,.T.);
#5689=ADVANCED_FACE('',(#670),#5454,.T.);
#5690=ADVANCED_FACE('',(#671),#5455,.T.);
#5691=ADVANCED_FACE('',(#672),#5456,.T.);
#5692=ADVANCED_FACE('',(#673),#5457,.T.);
#5693=ADVANCED_FACE('',(#674),#5458,.T.);
#5694=ADVANCED_FACE('',(#675),#5459,.T.);
#5695=ADVANCED_FACE('',(#676),#5460,.T.);
#5696=ADVANCED_FACE('',(#677),#5461,.T.);
#5697=ADVANCED_FACE('',(#678),#5462,.T.);
#5698=ADVANCED_FACE('',(#679),#5463,.T.);
#5699=ADVANCED_FACE('',(#680),#5464,.T.);
#5700=ADVANCED_FACE('',(#681),#5465,.T.);
#5701=ADVANCED_FACE('',(#682),#5466,.T.);
#5702=ADVANCED_FACE('',(#683),#5467,.T.);
#5703=ADVANCED_FACE('',(#684),#5468,.T.);
#5704=ADVANCED_FACE('',(#685),#490,.T.);
#5705=ADVANCED_FACE('',(#686),#491,.T.);
#5706=ADVANCED_FACE('',(#687),#492,.T.);
#5707=ADVANCED_FACE('',(#688),#493,.T.);
#5708=ADVANCED_FACE('',(#689),#494,.T.);
#5709=ADVANCED_FACE('',(#690),#5469,.T.);
#5710=ADVANCED_FACE('',(#691),#5470,.T.);
#5711=ADVANCED_FACE('',(#692),#5471,.T.);
#5712=ADVANCED_FACE('',(#693),#5472,.T.);
#5713=ADVANCED_FACE('',(#694),#5473,.T.);
#5714=ADVANCED_FACE('',(#695),#495,.T.);
#5715=ADVANCED_FACE('',(#696),#496,.T.);
#5716=ADVANCED_FACE('',(#697),#497,.T.);
#5717=ADVANCED_FACE('',(#698),#498,.T.);
#5718=ADVANCED_FACE('',(#699),#499,.T.);
#5719=ADVANCED_FACE('',(#700),#500,.T.);
#5720=ADVANCED_FACE('',(#701),#501,.T.);
#5721=ADVANCED_FACE('',(#702),#5474,.T.);
#5722=ADVANCED_FACE('',(#703),#502,.T.);
#5723=ADVANCED_FACE('',(#704),#503,.T.);
#5724=ADVANCED_FACE('',(#705),#504,.T.);
#5725=ADVANCED_FACE('',(#706),#5475,.T.);
#5726=ADVANCED_FACE('',(#707),#5476,.T.);
#5727=ADVANCED_FACE('',(#708,#61),#5477,.T.);
#5728=ADVANCED_FACE('',(#709),#5478,.T.);
#5729=ADVANCED_FACE('',(#710),#5479,.T.);
#5730=ADVANCED_FACE('',(#711),#5480,.T.);
#5731=ADVANCED_FACE('',(#712),#5481,.T.);
#5732=ADVANCED_FACE('',(#713),#5482,.T.);
#5733=ADVANCED_FACE('',(#714),#5483,.T.);
#5734=ADVANCED_FACE('',(#715),#5484,.T.);
#5735=ADVANCED_FACE('',(#716),#5485,.T.);
#5736=ADVANCED_FACE('',(#717),#5486,.T.);
#5737=ADVANCED_FACE('',(#718),#5487,.T.);
#5738=ADVANCED_FACE('',(#719),#5488,.T.);
#5739=ADVANCED_FACE('',(#720),#5489,.T.);
#5740=ADVANCED_FACE('',(#721),#5490,.T.);
#5741=ADVANCED_FACE('',(#722),#5491,.T.);
#5742=ADVANCED_FACE('',(#723),#5492,.T.);
#5743=ADVANCED_FACE('',(#724),#5493,.T.);
#5744=ADVANCED_FACE('',(#725),#5494,.T.);
#5745=ADVANCED_FACE('',(#726),#5495,.T.);
#5746=ADVANCED_FACE('',(#727),#5496,.T.);
#5747=ADVANCED_FACE('',(#728),#5497,.T.);
#5748=ADVANCED_FACE('',(#729),#5498,.T.);
#5749=ADVANCED_FACE('',(#730),#5499,.T.);
#5750=ADVANCED_FACE('',(#731),#5500,.T.);
#5751=ADVANCED_FACE('',(#732),#5501,.T.);
#5752=ADVANCED_FACE('',(#733),#5502,.T.);
#5753=ADVANCED_FACE('',(#734),#5503,.T.);
#5754=ADVANCED_FACE('',(#735),#5504,.T.);
#5755=ADVANCED_FACE('',(#736),#5505,.T.);
#5756=ADVANCED_FACE('',(#737),#5506,.T.);
#5757=ADVANCED_FACE('',(#738),#5507,.T.);
#5758=ADVANCED_FACE('',(#739,#62),#5508,.T.);
#5759=ADVANCED_FACE('',(#740),#5509,.T.);
#5760=ADVANCED_FACE('',(#741),#5510,.T.);
#5761=ADVANCED_FACE('',(#742),#5511,.T.);
#5762=ADVANCED_FACE('',(#743),#5512,.T.);
#5763=ADVANCED_FACE('',(#744),#5513,.T.);
#5764=ADVANCED_FACE('',(#745),#5514,.T.);
#5765=ADVANCED_FACE('',(#746),#5515,.T.);
#5766=ADVANCED_FACE('',(#747),#5516,.T.);
#5767=ADVANCED_FACE('',(#748),#5517,.T.);
#5768=ADVANCED_FACE('',(#749),#5518,.T.);
#5769=ADVANCED_FACE('',(#750),#5519,.T.);
#5770=ADVANCED_FACE('',(#751),#5520,.T.);
#5771=ADVANCED_FACE('',(#752),#5521,.T.);
#5772=ADVANCED_FACE('',(#753),#5522,.T.);
#5773=ADVANCED_FACE('',(#754),#5523,.T.);
#5774=ADVANCED_FACE('',(#755),#505,.T.);
#5775=ADVANCED_FACE('',(#756),#506,.T.);
#5776=ADVANCED_FACE('',(#757),#507,.T.);
#5777=ADVANCED_FACE('',(#758),#508,.T.);
#5778=ADVANCED_FACE('',(#759),#509,.T.);
#5779=ADVANCED_FACE('',(#760),#510,.T.);
#5780=ADVANCED_FACE('',(#761),#511,.T.);
#5781=ADVANCED_FACE('',(#762),#512,.T.);
#5782=ADVANCED_FACE('',(#763),#513,.T.);
#5783=ADVANCED_FACE('',(#764),#5524,.T.);
#5784=ADVANCED_FACE('',(#765),#5525,.T.);
#5785=ADVANCED_FACE('',(#766),#5526,.T.);
#5786=ADVANCED_FACE('',(#767),#514,.T.);
#5787=ADVANCED_FACE('',(#768),#515,.T.);
#5788=ADVANCED_FACE('',(#769),#516,.T.);
#5789=ADVANCED_FACE('',(#770),#517,.T.);
#5790=ADVANCED_FACE('',(#771),#518,.T.);
#5791=ADVANCED_FACE('',(#772),#519,.T.);
#5792=ADVANCED_FACE('',(#773),#520,.T.);
#5793=ADVANCED_FACE('',(#774),#521,.T.);
#5794=ADVANCED_FACE('',(#775),#522,.T.);
#5795=ADVANCED_FACE('',(#776),#523,.T.);
#5796=ADVANCED_FACE('',(#777),#5527,.T.);
#5797=ADVANCED_FACE('',(#778),#5528,.T.);
#5798=ADVANCED_FACE('',(#779),#5529,.T.);
#5799=ADVANCED_FACE('',(#780),#5530,.T.);
#5800=ADVANCED_FACE('',(#781),#5531,.T.);
#5801=ADVANCED_FACE('',(#782),#5532,.T.);
#5802=ADVANCED_FACE('',(#783),#5533,.T.);
#5803=ADVANCED_FACE('',(#784),#5534,.T.);
#5804=ADVANCED_FACE('',(#785),#5535,.T.);
#5805=ADVANCED_FACE('',(#786),#5536,.T.);
#5806=ADVANCED_FACE('',(#787),#5537,.T.);
#5807=ADVANCED_FACE('',(#788),#5538,.T.);
#5808=ADVANCED_FACE('',(#789),#5539,.T.);
#5809=ADVANCED_FACE('',(#790),#5540,.T.);
#5810=ADVANCED_FACE('',(#791),#5541,.T.);
#5811=ADVANCED_FACE('',(#792),#524,.T.);
#5812=ADVANCED_FACE('',(#793),#525,.T.);
#5813=ADVANCED_FACE('',(#794),#526,.T.);
#5814=ADVANCED_FACE('',(#795),#527,.T.);
#5815=ADVANCED_FACE('',(#796),#528,.T.);
#5816=ADVANCED_FACE('',(#797),#529,.T.);
#5817=ADVANCED_FACE('',(#798),#5542,.T.);
#5818=ADVANCED_FACE('',(#799),#5543,.T.);
#5819=ADVANCED_FACE('',(#800),#5544,.T.);
#5820=ADVANCED_FACE('',(#801),#5545,.T.);
#5821=ADVANCED_FACE('',(#802),#5546,.T.);
#5822=ADVANCED_FACE('',(#803),#530,.T.);
#5823=ADVANCED_FACE('',(#804),#531,.T.);
#5824=ADVANCED_FACE('',(#805),#532,.T.);
#5825=ADVANCED_FACE('',(#806),#533,.T.);
#5826=ADVANCED_FACE('',(#807),#534,.T.);
#5827=ADVANCED_FACE('',(#808),#535,.T.);
#5828=ADVANCED_FACE('',(#809),#536,.T.);
#5829=ADVANCED_FACE('',(#810),#537,.T.);
#5830=ADVANCED_FACE('',(#811),#5547,.T.);
#5831=ADVANCED_FACE('',(#812),#5548,.T.);
#5832=ADVANCED_FACE('',(#813,#63),#5549,.T.);
#5833=ADVANCED_FACE('',(#814),#5550,.T.);
#5834=ADVANCED_FACE('',(#815),#5551,.T.);
#5835=ADVANCED_FACE('',(#816),#538,.T.);
#5836=ADVANCED_FACE('',(#817),#539,.T.);
#5837=ADVANCED_FACE('',(#818),#540,.T.);
#5838=ADVANCED_FACE('',(#819),#541,.T.);
#5839=ADVANCED_FACE('',(#820),#542,.T.);
#5840=ADVANCED_FACE('',(#821),#5552,.T.);
#5841=ADVANCED_FACE('',(#822),#5553,.T.);
#5842=ADVANCED_FACE('',(#823),#5554,.T.);
#5843=ADVANCED_FACE('',(#824),#5555,.T.);
#5844=ADVANCED_FACE('',(#825),#5556,.T.);
#5845=ADVANCED_FACE('',(#826),#543,.T.);
#5846=ADVANCED_FACE('',(#827),#544,.T.);
#5847=ADVANCED_FACE('',(#828),#545,.T.);
#5848=ADVANCED_FACE('',(#829),#546,.T.);
#5849=ADVANCED_FACE('',(#830),#547,.T.);
#5850=ADVANCED_FACE('',(#831),#548,.T.);
#5851=ADVANCED_FACE('',(#832),#549,.T.);
#5852=ADVANCED_FACE('',(#833),#5557,.T.);
#5853=ADVANCED_FACE('',(#834),#550,.T.);
#5854=ADVANCED_FACE('',(#835),#551,.T.);
#5855=ADVANCED_FACE('',(#836),#552,.T.);
#5856=ADVANCED_FACE('',(#837),#5558,.T.);
#5857=ADVANCED_FACE('',(#838),#5559,.T.);
#5858=ADVANCED_FACE('',(#839,#64),#5560,.T.);
#5859=ADVANCED_FACE('',(#840),#5561,.T.);
#5860=ADVANCED_FACE('',(#841),#43,.T.);
#5861=ADVANCED_FACE('',(#842),#5562,.T.);
#5862=ADVANCED_FACE('',(#843,#65,#66,#67,#68,#69,#70,#71,#72,#73,#74,#75,
#76,#77,#78,#79,#80,#81,#82,#83,#84),#5563,.T.);
#5863=ADVANCED_FACE('',(#844),#44,.T.);
#5864=ADVANCED_FACE('',(#845),#5564,.T.);
#5865=ADVANCED_FACE('',(#846),#45,.T.);
#5866=ADVANCED_FACE('',(#847),#46,.T.);
#5867=ADVANCED_FACE('',(#848,#85,#86,#87,#88,#89),#5565,.F.);
#5868=ADVANCED_FACE('',(#849),#47,.F.);
#5869=ADVANCED_FACE('',(#850,#90),#5566,.T.);
#5870=ADVANCED_FACE('',(#851),#48,.F.);
#5871=ADVANCED_FACE('',(#852,#91),#5567,.T.);
#5872=ADVANCED_FACE('',(#853),#49,.F.);
#5873=ADVANCED_FACE('',(#854,#92),#5568,.T.);
#5874=ADVANCED_FACE('',(#855),#50,.F.);
#5875=ADVANCED_FACE('',(#856,#93),#5569,.T.);
#5876=ADVANCED_FACE('',(#857),#51,.F.);
#5877=ADVANCED_FACE('',(#858),#52,.F.);
#5878=ADVANCED_FACE('',(#859),#53,.F.);
#5879=ADVANCED_FACE('',(#860),#54,.F.);
#5880=ADVANCED_FACE('',(#861),#55,.T.);
#5881=ADVANCED_FACE('',(#862),#56,.T.);
#5882=ADVANCED_FACE('',(#863),#57,.T.);
#5883=ADVANCED_FACE('',(#864),#58,.T.);
#5884=ADVANCED_FACE('',(#865),#5570,.T.);
#5885=ADVANCED_FACE('',(#866),#5571,.T.);
#5886=CLOSED_SHELL('',(#5572,#5573,#5574,#5575,#5576,#5577,#5578,#5579,
#5580,#5581,#5582,#5583,#5584,#5585,#5586,#5587,#5588,#5589,#5590,#5591,
#5592,#5593,#5594,#5595,#5596,#5597,#5598,#5599,#5600,#5601,#5602,#5603,
#5604,#5605,#5606,#5607,#5608,#5609,#5610,#5611,#5612,#5613,#5614,#5615,
#5616,#5617,#5618,#5619,#5620,#5621,#5622,#5623,#5624,#5625,#5626,#5627,
#5628,#5629,#5630,#5631,#5632,#5633,#5634,#5635,#5636,#5637,#5638,#5639,
#5640,#5641,#5642,#5643,#5644,#5645,#5646,#5647,#5648,#5649,#5650,#5651,
#5652,#5653,#5654,#5655,#5656,#5657,#5658,#5659,#5660,#5661,#5662,#5663,
#5664,#5665,#5666,#5667,#5668,#5669,#5670,#5671,#5672,#5673,#5674,#5675,
#5676,#5677,#5678,#5679,#5680,#5681,#5682,#5683,#5684,#5685,#5686,#5687,
#5688,#5689,#5690,#5691,#5692,#5693,#5694,#5695,#5696,#5697,#5698,#5699,
#5700,#5701,#5702,#5703,#5704,#5705,#5706,#5707,#5708,#5709,#5710,#5711,
#5712,#5713,#5714,#5715,#5716,#5717,#5718,#5719,#5720,#5721,#5722,#5723,
#5724,#5725,#5726,#5727,#5728,#5729,#5730,#5731,#5732,#5733,#5734,#5735,
#5736,#5737,#5738,#5739,#5740,#5741,#5742,#5743,#5744,#5745,#5746,#5747,
#5748,#5749,#5750,#5751,#5752,#5753,#5754,#5755,#5756,#5757,#5758,#5759,
#5760,#5761,#5762,#5763,#5764,#5765,#5766,#5767,#5768,#5769,#5770,#5771,
#5772,#5773,#5774,#5775,#5776,#5777,#5778,#5779,#5780,#5781,#5782,#5783,
#5784,#5785,#5786,#5787,#5788,#5789,#5790,#5791,#5792,#5793,#5794,#5795,
#5796,#5797,#5798,#5799,#5800,#5801,#5802,#5803,#5804,#5805,#5806,#5807,
#5808,#5809,#5810,#5811,#5812,#5813,#5814,#5815,#5816,#5817,#5818,#5819,
#5820,#5821,#5822,#5823,#5824,#5825,#5826,#5827,#5828,#5829,#5830,#5831,
#5832,#5833,#5834,#5835,#5836,#5837,#5838,#5839,#5840,#5841,#5842,#5843,
#5844,#5845,#5846,#5847,#5848,#5849,#5850,#5851,#5852,#5853,#5854,#5855,
#5856,#5857,#5858,#5859,#5860,#5861,#5862,#5863,#5864,#5865,#5866,#5867,
#5868,#5869,#5870,#5871,#5872,#5873,#5874,#5875,#5876,#5877,#5878,#5879,
#5880,#5881,#5882,#5883,#5884,#5885));
#5887=DERIVED_UNIT_ELEMENT(#5889,1.);
#5888=DERIVED_UNIT_ELEMENT(#11352,-3.);
#5889=(
MASS_UNIT()
NAMED_UNIT(*)
SI_UNIT(.KILO.,.GRAM.)
);
#5890=DERIVED_UNIT((#5887,#5888));
#5891=MEASURE_REPRESENTATION_ITEM('density measure',
POSITIVE_RATIO_MEASURE(952.),#5890);
#5892=PROPERTY_DEFINITION_REPRESENTATION(#5897,#5894);
#5893=PROPERTY_DEFINITION_REPRESENTATION(#5898,#5895);
#5894=REPRESENTATION('material name',(#5896),#11349);
#5895=REPRESENTATION('density',(#5891),#11349);
#5896=DESCRIPTIVE_REPRESENTATION_ITEM('Plastic, Opaque White',
'Plastic, Opaque White');
#5897=PROPERTY_DEFINITION('material property','material name',#11359);
#5898=PROPERTY_DEFINITION('material property','density of part',#11359);
#5899=AXIS2_PLACEMENT_3D('',#6996,#6089,#6090);
#5900=AXIS2_PLACEMENT_3D('',#6997,#6091,#6092);
#5901=AXIS2_PLACEMENT_3D('',#7167,#6104,#6105);
#5902=AXIS2_PLACEMENT_3D('',#7173,#6109,#6110);
#5903=AXIS2_PLACEMENT_3D('',#7176,#6113,#6114);
#5904=AXIS2_PLACEMENT_3D('',#7185,#6119,#6120);
#5905=AXIS2_PLACEMENT_3D('',#7421,#6134,#6135);
#5906=AXIS2_PLACEMENT_3D('',#7424,#6138,#6139);
#5907=AXIS2_PLACEMENT_3D('',#7425,#6140,#6141);
#5908=AXIS2_PLACEMENT_3D('',#7909,#6163,#6164);
#5909=AXIS2_PLACEMENT_3D('',#7910,#6165,#6166);
#5910=AXIS2_PLACEMENT_3D('',#7911,#6167,#6168);
#5911=AXIS2_PLACEMENT_3D('',#8219,#6186,#6187);
#5912=AXIS2_PLACEMENT_3D('',#8521,#6203,#6204);
#5913=AXIS2_PLACEMENT_3D('',#8522,#6205,#6206);
#5914=AXIS2_PLACEMENT_3D('',#8531,#6211,#6212);
#5915=AXIS2_PLACEMENT_3D('',#8537,#6216,#6217);
#5916=AXIS2_PLACEMENT_3D('',#8543,#6221,#6222);
#5917=AXIS2_PLACEMENT_3D('',#8549,#6226,#6227);
#5918=AXIS2_PLACEMENT_3D('',#8555,#6231,#6232);
#5919=AXIS2_PLACEMENT_3D('',#8561,#6236,#6237);
#5920=AXIS2_PLACEMENT_3D('',#8567,#6241,#6242);
#5921=AXIS2_PLACEMENT_3D('',#8573,#6246,#6247);
#5922=AXIS2_PLACEMENT_3D('',#8579,#6251,#6252);
#5923=AXIS2_PLACEMENT_3D('',#8582,#6255,#6256);
#5924=AXIS2_PLACEMENT_3D('',#8583,#6257,#6258);
#5925=AXIS2_PLACEMENT_3D('',#8891,#6276,#6277);
#5926=AXIS2_PLACEMENT_3D('',#9193,#6293,#6294);
#5927=AXIS2_PLACEMENT_3D('',#9194,#6295,#6296);
#5928=AXIS2_PLACEMENT_3D('',#9203,#6301,#6302);
#5929=AXIS2_PLACEMENT_3D('',#9209,#6306,#6307);
#5930=AXIS2_PLACEMENT_3D('',#9215,#6311,#6312);
#5931=AXIS2_PLACEMENT_3D('',#9221,#6316,#6317);
#5932=AXIS2_PLACEMENT_3D('',#9227,#6321,#6322);
#5933=AXIS2_PLACEMENT_3D('',#9233,#6326,#6327);
#5934=AXIS2_PLACEMENT_3D('',#9239,#6331,#6332);
#5935=AXIS2_PLACEMENT_3D('',#9245,#6336,#6337);
#5936=AXIS2_PLACEMENT_3D('',#9251,#6341,#6342);
#5937=AXIS2_PLACEMENT_3D('',#9257,#6346,#6347);
#5938=AXIS2_PLACEMENT_3D('',#9263,#6351,#6352);
#5939=AXIS2_PLACEMENT_3D('',#9269,#6356,#6357);
#5940=AXIS2_PLACEMENT_3D('',#9272,#6360,#6361);
#5941=AXIS2_PLACEMENT_3D('',#9273,#6362,#6363);
#5942=AXIS2_PLACEMENT_3D('',#9397,#6373,#6374);
#5943=AXIS2_PLACEMENT_3D('',#9403,#6378,#6379);
#5944=AXIS2_PLACEMENT_3D('',#9406,#6382,#6383);
#5945=AXIS2_PLACEMENT_3D('',#9415,#6388,#6389);
#5946=AXIS2_PLACEMENT_3D('',#9421,#6393,#6394);
#5947=AXIS2_PLACEMENT_3D('',#9588,#6405,#6406);
#5948=AXIS2_PLACEMENT_3D('',#9663,#6413,#6414);
#5949=AXIS2_PLACEMENT_3D('',#9669,#6418,#6419);
#5950=AXIS2_PLACEMENT_3D('',#9672,#6422,#6423);
#5951=AXIS2_PLACEMENT_3D('',#9673,#6424,#6425);
#5952=AXIS2_PLACEMENT_3D('',#9674,#6426,#6427);
#5953=AXIS2_PLACEMENT_3D('',#9683,#6432,#6433);
#5954=AXIS2_PLACEMENT_3D('',#9689,#6437,#6438);
#5955=AXIS2_PLACEMENT_3D('',#9695,#6442,#6443);
#5956=AXIS2_PLACEMENT_3D('',#9698,#6446,#6447);
#5957=AXIS2_PLACEMENT_3D('',#9699,#6448,#6449);
#5958=AXIS2_PLACEMENT_3D('',#9708,#6454,#6455);
#5959=AXIS2_PLACEMENT_3D('',#9714,#6459,#6460);
#5960=AXIS2_PLACEMENT_3D('',#9720,#6464,#6465);
#5961=AXIS2_PLACEMENT_3D('',#9726,#6469,#6470);
#5962=AXIS2_PLACEMENT_3D('',#9732,#6474,#6475);
#5963=AXIS2_PLACEMENT_3D('',#9738,#6479,#6480);
#5964=AXIS2_PLACEMENT_3D('',#9744,#6484,#6485);
#5965=AXIS2_PLACEMENT_3D('',#9750,#6489,#6490);
#5966=AXIS2_PLACEMENT_3D('',#9756,#6494,#6495);
#5967=AXIS2_PLACEMENT_3D('',#9762,#6499,#6500);
#5968=AXIS2_PLACEMENT_3D('',#9768,#6504,#6505);
#5969=AXIS2_PLACEMENT_3D('',#9771,#6508,#6509);
#5970=AXIS2_PLACEMENT_3D('',#9772,#6510,#6511);
#5971=AXIS2_PLACEMENT_3D('',#9781,#6516,#6517);
#5972=AXIS2_PLACEMENT_3D('',#9787,#6521,#6522);
#5973=AXIS2_PLACEMENT_3D('',#9790,#6525,#6526);
#5974=AXIS2_PLACEMENT_3D('',#9799,#6531,#6532);
#5975=AXIS2_PLACEMENT_3D('',#9805,#6536,#6537);
#5976=AXIS2_PLACEMENT_3D('',#9811,#6541,#6542);
#5977=AXIS2_PLACEMENT_3D('',#9817,#6546,#6547);
#5978=AXIS2_PLACEMENT_3D('',#9823,#6551,#6552);
#5979=AXIS2_PLACEMENT_3D('',#9829,#6556,#6557);
#5980=AXIS2_PLACEMENT_3D('',#9835,#6561,#6562);
#5981=AXIS2_PLACEMENT_3D('',#9838,#6565,#6566);
#5982=AXIS2_PLACEMENT_3D('',#9839,#6567,#6568);
#5983=AXIS2_PLACEMENT_3D('',#9840,#6569,#6570);
#5984=AXIS2_PLACEMENT_3D('',#9849,#6575,#6576);
#5985=AXIS2_PLACEMENT_3D('',#9855,#6580,#6581);
#5986=AXIS2_PLACEMENT_3D('',#9861,#6585,#6586);
#5987=AXIS2_PLACEMENT_3D('',#9867,#6590,#6591);
#5988=AXIS2_PLACEMENT_3D('',#9873,#6595,#6596);
#5989=AXIS2_PLACEMENT_3D('',#9879,#6600,#6601);
#5990=AXIS2_PLACEMENT_3D('',#9885,#6605,#6606);
#5991=AXIS2_PLACEMENT_3D('',#9891,#6610,#6611);
#5992=AXIS2_PLACEMENT_3D('',#9897,#6615,#6616);
#5993=AXIS2_PLACEMENT_3D('',#9903,#6620,#6621);
#5994=AXIS2_PLACEMENT_3D('',#9909,#6625,#6626);
#5995=AXIS2_PLACEMENT_3D('',#9912,#6629,#6630);
#5996=AXIS2_PLACEMENT_3D('',#9913,#6631,#6632);
#5997=AXIS2_PLACEMENT_3D('',#10129,#6646,#6647);
#5998=AXIS2_PLACEMENT_3D('',#10135,#6651,#6652);
#5999=AXIS2_PLACEMENT_3D('',#10141,#6656,#6657);
#6000=AXIS2_PLACEMENT_3D('',#10374,#6670,#6671);
#6001=AXIS2_PLACEMENT_3D('',#10375,#6672,#6673);
#6002=AXIS2_PLACEMENT_3D('',#10384,#6678,#6679);
#6003=AXIS2_PLACEMENT_3D('',#10390,#6683,#6684);
#6004=AXIS2_PLACEMENT_3D('',#10396,#6688,#6689);
#6005=AXIS2_PLACEMENT_3D('',#10402,#6693,#6694);
#6006=AXIS2_PLACEMENT_3D('',#10408,#6698,#6699);
#6007=AXIS2_PLACEMENT_3D('',#10414,#6703,#6704);
#6008=AXIS2_PLACEMENT_3D('',#10420,#6708,#6709);
#6009=AXIS2_PLACEMENT_3D('',#10426,#6713,#6714);
#6010=AXIS2_PLACEMENT_3D('',#10432,#6718,#6719);
#6011=AXIS2_PLACEMENT_3D('',#10438,#6723,#6724);
#6012=AXIS2_PLACEMENT_3D('',#10444,#6728,#6729);
#6013=AXIS2_PLACEMENT_3D('',#10447,#6732,#6733);
#6014=AXIS2_PLACEMENT_3D('',#10448,#6734,#6735);
#6015=AXIS2_PLACEMENT_3D('',#10595,#6746,#6747);
#6016=AXIS2_PLACEMENT_3D('',#10601,#6751,#6752);
#6017=AXIS2_PLACEMENT_3D('',#10604,#6755,#6756);
#6018=AXIS2_PLACEMENT_3D('',#10613,#6761,#6762);
#6019=AXIS2_PLACEMENT_3D('',#10619,#6766,#6767);
#6020=AXIS2_PLACEMENT_3D('',#10809,#6779,#6780);
#6021=AXIS2_PLACEMENT_3D('',#10815,#6784,#6785);
#6022=AXIS2_PLACEMENT_3D('',#10818,#6788,#6789);
#6023=AXIS2_PLACEMENT_3D('',#10819,#6790,#6791);
#6024=AXIS2_PLACEMENT_3D('',#10820,#6792,#6793);
#6025=AXIS2_PLACEMENT_3D('',#10944,#6803,#6804);
#6026=AXIS2_PLACEMENT_3D('',#10950,#6808,#6809);
#6027=AXIS2_PLACEMENT_3D('',#10953,#6812,#6813);
#6028=AXIS2_PLACEMENT_3D('',#10962,#6818,#6819);
#6029=AXIS2_PLACEMENT_3D('',#10968,#6823,#6824);
#6030=AXIS2_PLACEMENT_3D('',#11135,#6835,#6836);
#6031=AXIS2_PLACEMENT_3D('',#11210,#6843,#6844);
#6032=AXIS2_PLACEMENT_3D('',#11216,#6848,#6849);
#6033=AXIS2_PLACEMENT_3D('',#11219,#6852,#6853);
#6034=AXIS2_PLACEMENT_3D('',#11220,#6854,#6855);
#6035=AXIS2_PLACEMENT_3D('',#11221,#6856,#6857);
#6036=AXIS2_PLACEMENT_3D('',#11224,#6858,#6859);
#6037=AXIS2_PLACEMENT_3D('',#11228,#6861,#6862);
#6038=AXIS2_PLACEMENT_3D('',#11230,#6864,#6865);
#6039=AXIS2_PLACEMENT_3D('',#11236,#6869,#6870);
#6040=AXIS2_PLACEMENT_3D('',#11240,#6872,#6873);
#6041=AXIS2_PLACEMENT_3D('',#11244,#6875,#6876);
#6042=AXIS2_PLACEMENT_3D('',#11247,#6878,#6879);
#6043=AXIS2_PLACEMENT_3D('',#11257,#6884,#6885);
#6044=AXIS2_PLACEMENT_3D('',#11259,#6886,#6887);
#6045=AXIS2_PLACEMENT_3D('',#11261,#6888,#6889);
#6046=AXIS2_PLACEMENT_3D('',#11263,#6890,#6891);
#6047=AXIS2_PLACEMENT_3D('',#11264,#6892,#6893);
#6048=AXIS2_PLACEMENT_3D('',#11268,#6895,#6896);
#6049=AXIS2_PLACEMENT_3D('',#11270,#6898,#6899);
#6050=AXIS2_PLACEMENT_3D('',#11274,#6902,#6903);
#6051=AXIS2_PLACEMENT_3D('',#11276,#6904,#6905);
#6052=AXIS2_PLACEMENT_3D('',#11278,#6907,#6908);
#6053=AXIS2_PLACEMENT_3D('',#11281,#6910,#6911);
#6054=AXIS2_PLACEMENT_3D('',#11282,#6912,#6913);
#6055=AXIS2_PLACEMENT_3D('',#11286,#6916,#6917);
#6056=AXIS2_PLACEMENT_3D('',#11288,#6918,#6919);
#6057=AXIS2_PLACEMENT_3D('',#11290,#6920,#6921);
#6058=AXIS2_PLACEMENT_3D('',#11292,#6922,#6923);
#6059=AXIS2_PLACEMENT_3D('',#11301,#6928,#6929);
#6060=AXIS2_PLACEMENT_3D('',#11304,#6931,#6932);
#6061=AXIS2_PLACEMENT_3D('',#11305,#6933,#6934);
#6062=AXIS2_PLACEMENT_3D('',#11307,#6935,#6936);
#6063=AXIS2_PLACEMENT_3D('',#11308,#6937,#6938);
#6064=AXIS2_PLACEMENT_3D('',#11311,#6940,#6941);
#6065=AXIS2_PLACEMENT_3D('',#11312,#6942,#6943);
#6066=AXIS2_PLACEMENT_3D('',#11314,#6944,#6945);
#6067=AXIS2_PLACEMENT_3D('',#11315,#6946,#6947);
#6068=AXIS2_PLACEMENT_3D('',#11318,#6949,#6950);
#6069=AXIS2_PLACEMENT_3D('',#11319,#6951,#6952);
#6070=AXIS2_PLACEMENT_3D('',#11321,#6953,#6954);
#6071=AXIS2_PLACEMENT_3D('',#11322,#6955,#6956);
#6072=AXIS2_PLACEMENT_3D('',#11325,#6958,#6959);
#6073=AXIS2_PLACEMENT_3D('',#11326,#6960,#6961);
#6074=AXIS2_PLACEMENT_3D('',#11328,#6962,#6963);
#6075=AXIS2_PLACEMENT_3D('',#11329,#6964,#6965);
#6076=AXIS2_PLACEMENT_3D('',#11331,#6967,#6968);
#6077=AXIS2_PLACEMENT_3D('',#11333,#6970,#6971);
#6078=AXIS2_PLACEMENT_3D('',#11335,#6973,#6974);
#6079=AXIS2_PLACEMENT_3D('',#11337,#6976,#6977);
#6080=AXIS2_PLACEMENT_3D('',#11338,#6978,#6979);
#6081=AXIS2_PLACEMENT_3D('',#11339,#6980,#6981);
#6082=AXIS2_PLACEMENT_3D('',#11340,#6982,#6983);
#6083=AXIS2_PLACEMENT_3D('',#11341,#6984,#6985);
#6084=AXIS2_PLACEMENT_3D('',#11342,#6986,#6987);
#6085=AXIS2_PLACEMENT_3D('',#11343,#6988,#6989);
#6086=AXIS2_PLACEMENT_3D('',#11344,#6990,#6991);
#6087=AXIS2_PLACEMENT_3D('',#11345,#6992,#6993);
#6088=AXIS2_PLACEMENT_3D('',#11346,#6994,#6995);
#6089=DIRECTION('axis',(0.,0.,1.));
#6090=DIRECTION('refdir',(1.,0.,0.));
#6091=DIRECTION('center_axis',(0.,1.,0.));
#6092=DIRECTION('ref_axis',(-1.,0.,0.));
#6093=DIRECTION('',(1.,0.,0.));
#6094=DIRECTION('',(0.,0.,1.));
#6095=DIRECTION('',(-1.,0.,0.));
#6096=DIRECTION('',(0.,0.,1.));
#6097=DIRECTION('',(0.,0.,1.));
#6098=DIRECTION('',(0.,0.,1.));
#6099=DIRECTION('',(0.,0.,1.));
#6100=DIRECTION('',(0.,0.,1.));
#6101=DIRECTION('',(0.,0.,1.));
#6102=DIRECTION('',(0.,0.,1.));
#6103=DIRECTION('',(0.,0.,1.));
#6104=DIRECTION('center_axis',(0.,-1.,0.));
#6105=DIRECTION('ref_axis',(1.,0.,0.));
#6106=DIRECTION('',(-1.,0.,0.));
#6107=DIRECTION('',(1.,0.,0.));
#6108=DIRECTION('',(0.,0.,1.));
#6109=DIRECTION('center_axis',(0.978947479465228,-0.204112303521068,0.));
#6110=DIRECTION('ref_axis',(0.204112303521068,0.978947479465228,0.));
#6111=DIRECTION('',(-0.204112303521068,-0.978947479465228,0.));
#6112=DIRECTION('',(0.204112303521068,0.978947479465228,0.));
#6113=DIRECTION('center_axis',(-0.978768836501581,0.204967228339901,0.));
#6114=DIRECTION('ref_axis',(-0.204967228339901,-0.978768836501581,0.));
#6115=DIRECTION('',(0.204967228339901,0.978768836501581,0.));
#6116=DIRECTION('',(0.,0.,1.));
#6117=DIRECTION('',(-0.204967228339901,-0.978768836501581,0.));
#6118=DIRECTION('',(0.,0.,1.));
#6119=DIRECTION('center_axis',(0.,1.,0.));
#6120=DIRECTION('ref_axis',(-1.,0.,0.));
#6121=DIRECTION('',(1.,0.,0.));
#6122=DIRECTION('',(-1.,0.,0.));
#6123=DIRECTION('',(0.,0.,1.));
#6124=DIRECTION('',(0.,0.,1.));
#6125=DIRECTION('',(0.,0.,1.));
#6126=DIRECTION('',(0.,0.,1.));
#6127=DIRECTION('',(0.,0.,1.));
#6128=DIRECTION('',(0.,0.,1.));
#6129=DIRECTION('',(0.,0.,1.));
#6130=DIRECTION('',(0.,0.,1.));
#6131=DIRECTION('',(0.,0.,1.));
#6132=DIRECTION('',(0.,0.,1.));
#6133=DIRECTION('',(0.,0.,1.));
#6134=DIRECTION('center_axis',(0.,-1.,0.));
#6135=DIRECTION('ref_axis',(1.,0.,0.));
#6136=DIRECTION('',(-1.,0.,0.));
#6137=DIRECTION('',(1.,0.,0.));
#6138=DIRECTION('center_axis',(0.,0.,1.));
#6139=DIRECTION('ref_axis',(-1.,0.,0.));
#6140=DIRECTION('center_axis',(0.,0.,1.));
#6141=DIRECTION('ref_axis',(1.,0.,0.));
#6142=DIRECTION('',(0.,0.,1.));
#6143=DIRECTION('',(0.,0.,1.));
#6144=DIRECTION('',(0.,0.,1.));
#6145=DIRECTION('',(0.,0.,1.));
#6146=DIRECTION('',(0.,0.,1.));
#6147=DIRECTION('',(0.,0.,1.));
#6148=DIRECTION('',(0.,0.,1.));
#6149=DIRECTION('',(0.,0.,1.));
#6150=DIRECTION('',(0.,0.,1.));
#6151=DIRECTION('',(0.,0.,1.));
#6152=DIRECTION('',(0.,0.,1.));
#6153=DIRECTION('',(0.,0.,1.));
#6154=DIRECTION('',(0.,0.,1.));
#6155=DIRECTION('',(0.,0.,1.));
#6156=DIRECTION('',(0.,0.,1.));
#6157=DIRECTION('',(0.,0.,1.));
#6158=DIRECTION('',(0.,0.,1.));
#6159=DIRECTION('',(0.,0.,1.));
#6160=DIRECTION('',(0.,0.,1.));
#6161=DIRECTION('',(0.,0.,1.));
#6162=DIRECTION('',(0.,0.,1.));
#6163=DIRECTION('center_axis',(0.,0.,1.));
#6164=DIRECTION('ref_axis',(-1.,0.,0.));
#6165=DIRECTION('center_axis',(0.,0.,1.));
#6166=DIRECTION('ref_axis',(1.,0.,0.));
#6167=DIRECTION('center_axis',(-0.0521941042695354,0.998636958799093,0.));
#6168=DIRECTION('ref_axis',(-0.998636958799093,-0.0521941042695354,0.));
#6169=DIRECTION('',(0.998636958799093,0.0521941042695354,0.));
#6170=DIRECTION('',(0.,0.,1.));
#6171=DIRECTION('',(-0.998636958799093,-0.0521941042695354,0.));
#6172=DIRECTION('',(0.,0.,1.));
#6173=DIRECTION('',(0.,0.,1.));
#6174=DIRECTION('',(0.,0.,1.));
#6175=DIRECTION('',(0.,0.,1.));
#6176=DIRECTION('',(0.,0.,1.));
#6177=DIRECTION('',(0.,0.,1.));
#6178=DIRECTION('',(0.,0.,1.));
#6179=DIRECTION('',(0.,0.,1.));
#6180=DIRECTION('',(0.,0.,1.));
#6181=DIRECTION('',(0.,0.,1.));
#6182=DIRECTION('',(0.,0.,1.));
#6183=DIRECTION('',(0.,0.,1.));
#6184=DIRECTION('',(0.,0.,1.));
#6185=DIRECTION('',(0.,0.,1.));
#6186=DIRECTION('center_axis',(0.044937294448937,-0.998989809541424,0.));
#6187=DIRECTION('ref_axis',(0.998989809541423,0.044937294448937,0.));
#6188=DIRECTION('',(-0.998989809541423,-0.044937294448937,0.));
#6189=DIRECTION('',(0.998989809541423,0.044937294448937,0.));
#6190=DIRECTION('',(0.,0.,1.));
#6191=DIRECTION('',(0.,0.,1.));
#6192=DIRECTION('',(0.,0.,1.));
#6193=DIRECTION('',(0.,0.,1.));
#6194=DIRECTION('',(0.,0.,1.));
#6195=DIRECTION('',(0.,0.,1.));
#6196=DIRECTION('',(0.,0.,1.));
#6197=DIRECTION('',(0.,0.,1.));
#6198=DIRECTION('',(0.,0.,1.));
#6199=DIRECTION('',(0.,0.,1.));
#6200=DIRECTION('',(0.,0.,1.));
#6201=DIRECTION('',(0.,0.,1.));
#6202=DIRECTION('',(0.,0.,1.));
#6203=DIRECTION('center_axis',(0.,0.,1.));
#6204=DIRECTION('ref_axis',(-1.,0.,0.));
#6205=DIRECTION('center_axis',(0.,-1.,0.));
#6206=DIRECTION('ref_axis',(1.,0.,0.));
#6207=DIRECTION('',(-1.,0.,0.));
#6208=DIRECTION('',(0.,0.,1.));
#6209=DIRECTION('',(1.,0.,0.));
#6210=DIRECTION('',(0.,0.,1.));
#6211=DIRECTION('center_axis',(-0.92782560156422,-0.373014279997419,0.));
#6212=DIRECTION('ref_axis',(0.373014279997419,-0.92782560156422,0.));
#6213=DIRECTION('',(-0.373014279997419,0.92782560156422,0.));
#6214=DIRECTION('',(0.373014279997419,-0.92782560156422,0.));
#6215=DIRECTION('',(0.,0.,1.));
#6216=DIRECTION('center_axis',(0.978823014557803,-0.204708344167927,0.));
#6217=DIRECTION('ref_axis',(0.204708344167927,0.978823014557803,0.));
#6218=DIRECTION('',(-0.204708344167927,-0.978823014557803,0.));
#6219=DIRECTION('',(0.204708344167927,0.978823014557803,0.));
#6220=DIRECTION('',(0.,0.,1.));
#6221=DIRECTION('center_axis',(0.,-1.,0.));
#6222=DIRECTION('ref_axis',(1.,0.,0.));
#6223=DIRECTION('',(-1.,0.,0.));
#6224=DIRECTION('',(1.,0.,0.));
#6225=DIRECTION('',(0.,0.,1.));
#6226=DIRECTION('center_axis',(-0.978902565909648,0.204327595922594,0.));
#6227=DIRECTION('ref_axis',(-0.204327595922594,-0.978902565909648,0.));
#6228=DIRECTION('',(0.204327595922594,0.978902565909648,0.));
#6229=DIRECTION('',(-0.204327595922594,-0.978902565909648,0.));
#6230=DIRECTION('',(0.,0.,1.));
#6231=DIRECTION('center_axis',(0.,1.,0.));
#6232=DIRECTION('ref_axis',(-1.,0.,0.));
#6233=DIRECTION('',(1.,0.,0.));
#6234=DIRECTION('',(-1.,0.,0.));
#6235=DIRECTION('',(0.,0.,1.));
#6236=DIRECTION('center_axis',(0.926970367711072,0.375134559039287,0.));
#6237=DIRECTION('ref_axis',(-0.375134559039287,0.926970367711072,0.));
#6238=DIRECTION('',(0.375134559039287,-0.926970367711072,0.));
#6239=DIRECTION('',(-0.375134559039287,0.926970367711072,0.));
#6240=DIRECTION('',(0.,0.,1.));
#6241=DIRECTION('center_axis',(-0.978855784932863,0.204551588367014,0.));
#6242=DIRECTION('ref_axis',(-0.204551588367014,-0.978855784932863,0.));
#6243=DIRECTION('',(0.204551588367014,0.978855784932863,0.));
#6244=DIRECTION('',(-0.204551588367014,-0.978855784932863,0.));
#6245=DIRECTION('',(0.,0.,1.));
#6246=DIRECTION('center_axis',(0.,1.,0.));
#6247=DIRECTION('ref_axis',(-1.,0.,0.));
#6248=DIRECTION('',(1.,0.,0.));
#6249=DIRECTION('',(-1.,0.,0.));
#6250=DIRECTION('',(0.,0.,1.));
#6251=DIRECTION('center_axis',(0.978902565909648,-0.204327595922594,0.));
#6252=DIRECTION('ref_axis',(0.204327595922594,0.978902565909648,0.));
#6253=DIRECTION('',(-0.204327595922594,-0.978902565909648,0.));
#6254=DIRECTION('',(0.204327595922594,0.978902565909648,0.));
#6255=DIRECTION('center_axis',(0.,0.,1.));
#6256=DIRECTION('ref_axis',(1.,0.,0.));
#6257=DIRECTION('center_axis',(-0.0521941042695354,0.998636958799093,0.));
#6258=DIRECTION('ref_axis',(-0.998636958799093,-0.0521941042695354,0.));
#6259=DIRECTION('',(0.998636958799093,0.0521941042695354,0.));
#6260=DIRECTION('',(0.,0.,1.));
#6261=DIRECTION('',(-0.998636958799093,-0.0521941042695354,0.));
#6262=DIRECTION('',(0.,0.,1.));
#6263=DIRECTION('',(0.,0.,1.));
#6264=DIRECTION('',(0.,0.,1.));
#6265=DIRECTION('',(0.,0.,1.));
#6266=DIRECTION('',(0.,0.,1.));
#6267=DIRECTION('',(0.,0.,1.));
#6268=DIRECTION('',(0.,0.,1.));
#6269=DIRECTION('',(0.,0.,1.));
#6270=DIRECTION('',(0.,0.,1.));
#6271=DIRECTION('',(0.,0.,1.));
#6272=DIRECTION('',(0.,0.,1.));
#6273=DIRECTION('',(0.,0.,1.));
#6274=DIRECTION('',(0.,0.,1.));
#6275=DIRECTION('',(0.,0.,1.));
#6276=DIRECTION('center_axis',(0.0449374300447411,-0.998989803441944,0.));
#6277=DIRECTION('ref_axis',(0.998989803441944,0.044937430044741,0.));
#6278=DIRECTION('',(-0.998989803441944,-0.044937430044741,0.));
#6279=DIRECTION('',(0.998989803441944,0.0449374300447411,0.));
#6280=DIRECTION('',(0.,0.,1.));
#6281=DIRECTION('',(0.,0.,1.));
#6282=DIRECTION('',(0.,0.,1.));
#6283=DIRECTION('',(0.,0.,1.));
#6284=DIRECTION('',(0.,0.,1.));
#6285=DIRECTION('',(0.,0.,1.));
#6286=DIRECTION('',(0.,0.,1.));
#6287=DIRECTION('',(0.,0.,1.));
#6288=DIRECTION('',(0.,0.,1.));
#6289=DIRECTION('',(0.,0.,1.));
#6290=DIRECTION('',(0.,0.,1.));
#6291=DIRECTION('',(0.,0.,1.));
#6292=DIRECTION('',(0.,0.,1.));
#6293=DIRECTION('center_axis',(0.,0.,1.));
#6294=DIRECTION('ref_axis',(-1.,0.,0.));
#6295=DIRECTION('center_axis',(0.,-1.,0.));
#6296=DIRECTION('ref_axis',(1.,0.,0.));
#6297=DIRECTION('',(-1.,0.,0.));
#6298=DIRECTION('',(0.,0.,1.));
#6299=DIRECTION('',(1.,0.,0.));
#6300=DIRECTION('',(0.,0.,1.));
#6301=DIRECTION('center_axis',(-0.999065378580417,-0.0432246379044227,0.));
#6302=DIRECTION('ref_axis',(0.0432246379044227,-0.999065378580417,0.));
#6303=DIRECTION('',(-0.0432246379044227,0.999065378580417,0.));
#6304=DIRECTION('',(0.0432246379044227,-0.999065378580417,0.));
#6305=DIRECTION('',(0.,0.,1.));
#6306=DIRECTION('center_axis',(0.982387685982169,-0.186854045796713,0.));
#6307=DIRECTION('ref_axis',(0.186854045796713,0.982387685982169,0.));
#6308=DIRECTION('',(-0.186854045796713,-0.982387685982169,0.));
#6309=DIRECTION('',(0.186854045796713,0.982387685982169,0.));
#6310=DIRECTION('',(0.,0.,1.));
#6311=DIRECTION('center_axis',(0.,-1.,0.));
#6312=DIRECTION('ref_axis',(1.,0.,0.));
#6313=DIRECTION('',(-1.,0.,0.));
#6314=DIRECTION('',(1.,0.,0.));
#6315=DIRECTION('',(0.,0.,1.));
#6316=DIRECTION('center_axis',(-0.978902682613587,0.2043270368109,0.));
#6317=DIRECTION('ref_axis',(-0.2043270368109,-0.978902682613587,0.));
#6318=DIRECTION('',(0.2043270368109,0.978902682613587,0.));
#6319=DIRECTION('',(-0.2043270368109,-0.978902682613587,0.));
#6320=DIRECTION('',(0.,0.,1.));
#6321=DIRECTION('center_axis',(0.,1.,0.));
#6322=DIRECTION('ref_axis',(-1.,0.,0.));
#6323=DIRECTION('',(1.,0.,0.));
#6324=DIRECTION('',(-1.,0.,0.));
#6325=DIRECTION('',(0.,0.,1.));
#6326=DIRECTION('center_axis',(0.999041379057642,0.0437758258700417,0.));
#6327=DIRECTION('ref_axis',(-0.0437758258700417,0.999041379057642,0.));
#6328=DIRECTION('',(0.0437758258700417,-0.999041379057642,0.));
#6329=DIRECTION('',(-0.0437758258700417,0.999041379057642,0.));
#6330=DIRECTION('',(0.,0.,1.));
#6331=DIRECTION('center_axis',(-0.899104323351621,0.43773441232147,0.));
#6332=DIRECTION('ref_axis',(-0.43773441232147,-0.899104323351622,0.));
#6333=DIRECTION('',(0.43773441232147,0.899104323351622,0.));
#6334=DIRECTION('',(-0.43773441232147,-0.899104323351622,0.));
#6335=DIRECTION('',(0.,0.,1.));
#6336=DIRECTION('center_axis',(0.,1.,0.));
#6337=DIRECTION('ref_axis',(-1.,0.,0.));
#6338=DIRECTION('',(1.,0.,0.));
#6339=DIRECTION('',(-1.,0.,0.));
#6340=DIRECTION('',(0.,0.,1.));
#6341=DIRECTION('center_axis',(0.978768982798147,-0.204966529736642,0.));
#6342=DIRECTION('ref_axis',(0.204966529736642,0.978768982798147,0.));
#6343=DIRECTION('',(-0.204966529736642,-0.978768982798146,0.));
#6344=DIRECTION('',(0.204966529736642,0.978768982798147,0.));
#6345=DIRECTION('',(0.,0.,1.));
#6346=DIRECTION('center_axis',(0.,-1.,0.));
#6347=DIRECTION('ref_axis',(1.,0.,0.));
#6348=DIRECTION('',(-1.,0.,0.));
#6349=DIRECTION('',(1.,0.,0.));
#6350=DIRECTION('',(0.,0.,1.));
#6351=DIRECTION('center_axis',(-0.972900209335411,0.231225393664089,0.));
#6352=DIRECTION('ref_axis',(-0.231225393664089,-0.972900209335411,0.));
#6353=DIRECTION('',(0.231225393664089,0.972900209335411,0.));
#6354=DIRECTION('',(-0.231225393664089,-0.972900209335411,0.));
#6355=DIRECTION('',(0.,0.,1.));
#6356=DIRECTION('center_axis',(0.902874219820959,-0.429904807117453,0.));
#6357=DIRECTION('ref_axis',(0.429904807117453,0.902874219820959,0.));
#6358=DIRECTION('',(-0.429904807117453,-0.902874219820959,0.));
#6359=DIRECTION('',(0.429904807117453,0.902874219820959,0.));
#6360=DIRECTION('center_axis',(0.,0.,1.));
#6361=DIRECTION('ref_axis',(1.,0.,0.));
#6362=DIRECTION('center_axis',(0.,1.,0.));
#6363=DIRECTION('ref_axis',(-1.,0.,0.));
#6364=DIRECTION('',(1.,0.,0.));
#6365=DIRECTION('',(0.,0.,1.));
#6366=DIRECTION('',(-1.,0.,0.));
#6367=DIRECTION('',(0.,0.,1.));
#6368=DIRECTION('',(0.,0.,1.));
#6369=DIRECTION('',(0.,0.,1.));
#6370=DIRECTION('',(0.,0.,1.));
#6371=DIRECTION('',(0.,0.,1.));
#6372=DIRECTION('',(0.,0.,1.));
#6373=DIRECTION('center_axis',(0.,-1.,0.));
#6374=DIRECTION('ref_axis',(1.,0.,0.));
#6375=DIRECTION('',(-1.,0.,0.));
#6376=DIRECTION('',(1.,0.,0.));
#6377=DIRECTION('',(0.,0.,1.));
#6378=DIRECTION('center_axis',(0.979022836910691,-0.203750545538759,0.));
#6379=DIRECTION('ref_axis',(0.203750545538759,0.979022836910691,0.));
#6380=DIRECTION('',(-0.203750545538759,-0.979022836910691,0.));
#6381=DIRECTION('',(0.203750545538759,0.979022836910691,0.));
#6382=DIRECTION('center_axis',(0.,-1.,0.));
#6383=DIRECTION('ref_axis',(1.,0.,0.));
#6384=DIRECTION('',(-1.,0.,0.));
#6385=DIRECTION('',(0.,0.,1.));
#6386=DIRECTION('',(1.,0.,0.));
#6387=DIRECTION('',(0.,0.,1.));
#6388=DIRECTION('center_axis',(-0.978768982798147,0.204966529736642,0.));
#6389=DIRECTION('ref_axis',(-0.204966529736642,-0.978768982798147,0.));
#6390=DIRECTION('',(0.204966529736642,0.978768982798146,0.));
#6391=DIRECTION('',(-0.204966529736642,-0.978768982798147,0.));
#6392=DIRECTION('',(0.,0.,1.));
#6393=DIRECTION('center_axis',(0.,1.,0.));
#6394=DIRECTION('ref_axis',(-1.,0.,0.));
#6395=DIRECTION('',(1.,0.,0.));
#6396=DIRECTION('',(-1.,0.,0.));
#6397=DIRECTION('',(0.,0.,1.));
#6398=DIRECTION('',(0.,0.,1.));
#6399=DIRECTION('',(0.,0.,1.));
#6400=DIRECTION('',(0.,0.,1.));
#6401=DIRECTION('',(0.,0.,1.));
#6402=DIRECTION('',(0.,0.,1.));
#6403=DIRECTION('',(0.,0.,1.));
#6404=DIRECTION('',(0.,0.,1.));
#6405=DIRECTION('center_axis',(0.,-1.,0.));
#6406=DIRECTION('ref_axis',(1.,0.,0.));
#6407=DIRECTION('',(-1.,0.,0.));
#6408=DIRECTION('',(1.,0.,0.));
#6409=DIRECTION('',(0.,0.,1.));
#6410=DIRECTION('',(0.,0.,1.));
#6411=DIRECTION('',(0.,0.,1.));
#6412=DIRECTION('',(0.,0.,1.));
#6413=DIRECTION('center_axis',(0.,-1.,0.));
#6414=DIRECTION('ref_axis',(1.,0.,0.));
#6415=DIRECTION('',(-1.,0.,0.));
#6416=DIRECTION('',(1.,0.,0.));
#6417=DIRECTION('',(0.,0.,1.));
#6418=DIRECTION('center_axis',(0.978806088091721,-0.204789262205277,0.));
#6419=DIRECTION('ref_axis',(0.204789262205277,0.978806088091721,0.));
#6420=DIRECTION('',(-0.204789262205277,-0.978806088091721,0.));
#6421=DIRECTION('',(0.204789262205277,0.978806088091721,0.));
#6422=DIRECTION('center_axis',(0.,0.,1.));
#6423=DIRECTION('ref_axis',(-1.,0.,0.));
#6424=DIRECTION('center_axis',(0.,0.,1.));
#6425=DIRECTION('ref_axis',(1.,0.,0.));
#6426=DIRECTION('center_axis',(0.,1.,0.));
#6427=DIRECTION('ref_axis',(-1.,0.,0.));
#6428=DIRECTION('',(1.,0.,0.));
#6429=DIRECTION('',(0.,0.,1.));
#6430=DIRECTION('',(-1.,0.,0.));
#6431=DIRECTION('',(0.,0.,1.));
#6432=DIRECTION('center_axis',(0.97877442084733,-0.204940559906949,0.));
#6433=DIRECTION('ref_axis',(0.204940559906949,0.97877442084733,0.));
#6434=DIRECTION('',(-0.204940559906949,-0.97877442084733,0.));
#6435=DIRECTION('',(0.204940559906949,0.97877442084733,0.));
#6436=DIRECTION('',(0.,0.,1.));
#6437=DIRECTION('center_axis',(0.,-1.,0.));
#6438=DIRECTION('ref_axis',(1.,0.,0.));
#6439=DIRECTION('',(-1.,0.,0.));
#6440=DIRECTION('',(1.,0.,0.));
#6441=DIRECTION('',(0.,0.,1.));
#6442=DIRECTION('center_axis',(-0.97877442084733,0.204940559906949,0.));
#6443=DIRECTION('ref_axis',(-0.204940559906949,-0.97877442084733,0.));
#6444=DIRECTION('',(0.204940559906949,0.97877442084733,0.));
#6445=DIRECTION('',(-0.204940559906949,-0.97877442084733,0.));
#6446=DIRECTION('center_axis',(0.,0.,1.));
#6447=DIRECTION('ref_axis',(1.,0.,0.));
#6448=DIRECTION('center_axis',(-0.978902682613587,0.2043270368109,0.));
#6449=DIRECTION('ref_axis',(-0.2043270368109,-0.978902682613587,0.));
#6450=DIRECTION('',(0.2043270368109,0.978902682613587,0.));
#6451=DIRECTION('',(0.,0.,1.));
#6452=DIRECTION('',(-0.2043270368109,-0.978902682613587,0.));
#6453=DIRECTION('',(0.,0.,1.));
#6454=DIRECTION('center_axis',(0.,1.,0.));
#6455=DIRECTION('ref_axis',(-1.,0.,0.));
#6456=DIRECTION('',(1.,0.,0.));
#6457=DIRECTION('',(-1.,0.,0.));
#6458=DIRECTION('',(0.,0.,1.));
#6459=DIRECTION('center_axis',(0.978914678813134,-0.204269556234351,0.));
#6460=DIRECTION('ref_axis',(0.204269556234351,0.978914678813134,0.));
#6461=DIRECTION('',(-0.204269556234351,-0.978914678813134,0.));
#6462=DIRECTION('',(0.204269556234351,0.978914678813134,0.));
#6463=DIRECTION('',(0.,0.,1.));
#6464=DIRECTION('center_axis',(-0.676608339433548,0.736343095987853,0.));
#6465=DIRECTION('ref_axis',(-0.736343095987853,-0.676608339433548,0.));
#6466=DIRECTION('',(0.736343095987853,0.676608339433548,0.));
#6467=DIRECTION('',(-0.736343095987853,-0.676608339433548,0.));
#6468=DIRECTION('',(0.,0.,1.));
#6469=DIRECTION('center_axis',(0.,1.,0.));
#6470=DIRECTION('ref_axis',(-1.,0.,0.));
#6471=DIRECTION('',(1.,0.,0.));
#6472=DIRECTION('',(-1.,0.,0.));
#6473=DIRECTION('',(0.,0.,1.));
#6474=DIRECTION('center_axis',(0.65801889502073,-0.75300141686168,0.));
#6475=DIRECTION('ref_axis',(0.75300141686168,0.65801889502073,0.));
#6476=DIRECTION('',(-0.75300141686168,-0.65801889502073,0.));
#6477=DIRECTION('',(0.75300141686168,0.65801889502073,0.));
#6478=DIRECTION('',(0.,0.,1.));
#6479=DIRECTION('center_axis',(0.879136802838844,0.476569493247622,0.));
#6480=DIRECTION('ref_axis',(-0.476569493247622,0.879136802838844,0.));
#6481=DIRECTION('',(0.476569493247622,-0.879136802838844,0.));
#6482=DIRECTION('',(-0.476569493247622,0.879136802838844,0.));
#6483=DIRECTION('',(0.,0.,1.));
#6484=DIRECTION('center_axis',(0.,-1.,0.));
#6485=DIRECTION('ref_axis',(1.,0.,0.));
#6486=DIRECTION('',(-1.,0.,0.));
#6487=DIRECTION('',(1.,0.,0.));
#6488=DIRECTION('',(0.,0.,1.));
#6489=DIRECTION('center_axis',(-0.887716246661781,-0.460390991889198,0.));
#6490=DIRECTION('ref_axis',(0.460390991889198,-0.887716246661781,0.));
#6491=DIRECTION('',(-0.460390991889198,0.887716246661781,0.));
#6492=DIRECTION('',(0.460390991889198,-0.887716246661781,0.));
#6493=DIRECTION('',(0.,0.,1.));
#6494=DIRECTION('center_axis',(0.65794309874063,-0.753067645580115,0.));
#6495=DIRECTION('ref_axis',(0.753067645580115,0.65794309874063,0.));
#6496=DIRECTION('',(-0.753067645580115,-0.65794309874063,0.));
#6497=DIRECTION('',(0.753067645580115,0.65794309874063,0.));
#6498=DIRECTION('',(0.,0.,1.));
#6499=DIRECTION('center_axis',(0.978780313583396,-0.204912414805912,0.));
#6500=DIRECTION('ref_axis',(0.204912414805912,0.978780313583395,0.));
#6501=DIRECTION('',(-0.204912414805912,-0.978780313583395,0.));
#6502=DIRECTION('',(0.204912414805912,0.978780313583396,0.));
#6503=DIRECTION('',(0.,0.,1.));
#6504=DIRECTION('center_axis',(0.,-1.,0.));
#6505=DIRECTION('ref_axis',(1.,0.,0.));
#6506=DIRECTION('',(-1.,0.,0.));
#6507=DIRECTION('',(1.,0.,0.));
#6508=DIRECTION('center_axis',(0.,0.,1.));
#6509=DIRECTION('ref_axis',(1.,0.,0.));
#6510=DIRECTION('center_axis',(-0.989781000175616,-0.142595833359035,0.));
#6511=DIRECTION('ref_axis',(0.142595833359035,-0.989781000175616,0.));
#6512=DIRECTION('',(-0.142595833359035,0.989781000175616,0.));
#6513=DIRECTION('',(0.,0.,1.));
#6514=DIRECTION('',(0.142595833359035,-0.989781000175616,0.));
#6515=DIRECTION('',(0.,0.,1.));
#6516=DIRECTION('center_axis',(0.857491342921186,-0.514498393403926,0.));
#6517=DIRECTION('ref_axis',(0.514498393403926,0.857491342921186,0.));
#6518=DIRECTION('',(-0.514498393403926,-0.857491342921186,0.));
#6519=DIRECTION('',(0.514498393403926,0.857491342921186,0.));
#6520=DIRECTION('',(0.,0.,1.));
#6521=DIRECTION('center_axis',(0.,1.,0.));
#6522=DIRECTION('ref_axis',(-1.,0.,0.));
#6523=DIRECTION('',(1.,0.,0.));
#6524=DIRECTION('',(-1.,0.,0.));
#6525=DIRECTION('center_axis',(0.,-1.,0.));
#6526=DIRECTION('ref_axis',(1.,0.,0.));
#6527=DIRECTION('',(-1.,0.,0.));
#6528=DIRECTION('',(0.,0.,1.));
#6529=DIRECTION('',(1.,0.,0.));
#6530=DIRECTION('',(0.,0.,1.));
#6531=DIRECTION('center_axis',(0.878725571982169,-0.477327318665724,0.));
#6532=DIRECTION('ref_axis',(0.477327318665724,0.878725571982169,0.));
#6533=DIRECTION('',(-0.477327318665724,-0.878725571982169,0.));
#6534=DIRECTION('',(0.477327318665724,0.878725571982169,0.));
#6535=DIRECTION('',(0.,0.,1.));
#6536=DIRECTION('center_axis',(0.,-1.,0.));
#6537=DIRECTION('ref_axis',(1.,0.,0.));
#6538=DIRECTION('',(-1.,0.,0.));
#6539=DIRECTION('',(1.,0.,0.));
#6540=DIRECTION('',(0.,0.,1.));
#6541=DIRECTION('center_axis',(-0.87046268280075,0.49223441351791,0.));
#6542=DIRECTION('ref_axis',(-0.49223441351791,-0.87046268280075,0.));
#6543=DIRECTION('',(0.49223441351791,0.87046268280075,0.));
#6544=DIRECTION('',(-0.49223441351791,-0.87046268280075,0.));
#6545=DIRECTION('',(0.,0.,1.));
#6546=DIRECTION('center_axis',(0.,1.,0.));
#6547=DIRECTION('ref_axis',(-1.,0.,0.));
#6548=DIRECTION('',(1.,0.,0.));
#6549=DIRECTION('',(-1.,0.,0.));
#6550=DIRECTION('',(0.,0.,1.));
#6551=DIRECTION('center_axis',(0.98707673330545,0.160248315332928,0.));
#6552=DIRECTION('ref_axis',(-0.160248315332928,0.98707673330545,0.));
#6553=DIRECTION('',(0.160248315332928,-0.98707673330545,0.));
#6554=DIRECTION('',(-0.160248315332928,0.98707673330545,0.));
#6555=DIRECTION('',(0.,0.,1.));
#6556=DIRECTION('center_axis',(0.,-1.,0.));
#6557=DIRECTION('ref_axis',(1.,0.,0.));
#6558=DIRECTION('',(-1.,0.,0.));
#6559=DIRECTION('',(1.,0.,0.));
#6560=DIRECTION('',(0.,0.,1.));
#6561=DIRECTION('center_axis',(-0.98875681209743,-0.149532493227817,0.));
#6562=DIRECTION('ref_axis',(0.149532493227817,-0.98875681209743,0.));
#6563=DIRECTION('',(-0.149532493227817,0.98875681209743,0.));
#6564=DIRECTION('',(0.149532493227817,-0.98875681209743,0.));
#6565=DIRECTION('center_axis',(0.,0.,1.));
#6566=DIRECTION('ref_axis',(1.,0.,0.));
#6567=DIRECTION('center_axis',(0.,0.,1.));
#6568=DIRECTION('ref_axis',(1.,0.,0.));
#6569=DIRECTION('center_axis',(-0.978902565909648,0.204327595922594,0.));
#6570=DIRECTION('ref_axis',(-0.204327595922594,-0.978902565909648,0.));
#6571=DIRECTION('',(0.204327595922594,0.978902565909648,0.));
#6572=DIRECTION('',(0.,0.,1.));
#6573=DIRECTION('',(-0.204327595922594,-0.978902565909648,0.));
#6574=DIRECTION('',(0.,0.,1.));
#6575=DIRECTION('center_axis',(0.,1.,0.));
#6576=DIRECTION('ref_axis',(-1.,0.,0.));
#6577=DIRECTION('',(1.,0.,0.));
#6578=DIRECTION('',(-1.,0.,0.));
#6579=DIRECTION('',(0.,0.,1.));
#6580=DIRECTION('center_axis',(0.979011904460727,-0.203803068976352,0.));
#6581=DIRECTION('ref_axis',(0.203803068976352,0.979011904460727,0.));
#6582=DIRECTION('',(-0.203803068976352,-0.979011904460727,0.));
#6583=DIRECTION('',(0.203803068976352,0.979011904460727,0.));
#6584=DIRECTION('',(0.,0.,1.));
#6585=DIRECTION('center_axis',(0.,-1.,0.));
#6586=DIRECTION('ref_axis',(1.,0.,0.));
#6587=DIRECTION('',(-1.,0.,0.));
#6588=DIRECTION('',(1.,0.,0.));
#6589=DIRECTION('',(0.,0.,1.));
#6590=DIRECTION('center_axis',(0.978611847217447,-0.205715464867513,0.));
#6591=DIRECTION('ref_axis',(0.205715464867513,0.978611847217447,0.));
#6592=DIRECTION('',(-0.205715464867513,-0.978611847217447,0.));
#6593=DIRECTION('',(0.205715464867513,0.978611847217447,0.));
#6594=DIRECTION('',(0.,0.,1.));
#6595=DIRECTION('center_axis',(0.,1.,0.));
#6596=DIRECTION('ref_axis',(-1.,0.,0.));
#6597=DIRECTION('',(1.,0.,0.));
#6598=DIRECTION('',(-1.,0.,0.));
#6599=DIRECTION('',(0.,0.,1.));
#6600=DIRECTION('center_axis',(0.979014654852354,-0.203789856431391,0.));
#6601=DIRECTION('ref_axis',(0.203789856431391,0.979014654852354,0.));
#6602=DIRECTION('',(-0.203789856431391,-0.979014654852354,0.));
#6603=DIRECTION('',(0.203789856431391,0.979014654852354,0.));
#6604=DIRECTION('',(0.,0.,1.));
#6605=DIRECTION('center_axis',(0.,-1.,0.));
#6606=DIRECTION('ref_axis',(1.,0.,0.));
#6607=DIRECTION('',(-1.,0.,0.));
#6608=DIRECTION('',(1.,0.,0.));
#6609=DIRECTION('',(0.,0.,1.));
#6610=DIRECTION('center_axis',(0.974308507877843,-0.225217520359433,0.));
#6611=DIRECTION('ref_axis',(0.225217520359433,0.974308507877843,0.));
#6612=DIRECTION('',(-0.225217520359433,-0.974308507877843,0.));
#6613=DIRECTION('',(0.225217520359433,0.974308507877843,0.));
#6614=DIRECTION('',(0.,0.,1.));
#6615=DIRECTION('center_axis',(0.,1.,0.));
#6616=DIRECTION('ref_axis',(-1.,0.,0.));
#6617=DIRECTION('',(1.,0.,0.));
#6618=DIRECTION('',(-1.,0.,0.));
#6619=DIRECTION('',(0.,0.,1.));
#6620=DIRECTION('center_axis',(0.978209497898992,-0.207620274106848,0.));
#6621=DIRECTION('ref_axis',(0.207620274106848,0.978209497898992,0.));
#6622=DIRECTION('',(-0.207620274106848,-0.978209497898992,0.));
#6623=DIRECTION('',(0.207620274106848,0.978209497898992,0.));
#6624=DIRECTION('',(0.,0.,1.));
#6625=DIRECTION('center_axis',(0.,-1.,0.));
#6626=DIRECTION('ref_axis',(1.,0.,0.));
#6627=DIRECTION('',(-1.,0.,0.));
#6628=DIRECTION('',(1.,0.,0.));
#6629=DIRECTION('center_axis',(0.,0.,1.));
#6630=DIRECTION('ref_axis',(1.,0.,0.));
#6631=DIRECTION('center_axis',(-0.147823547445031,-0.989013750572138,0.));
#6632=DIRECTION('ref_axis',(0.989013750572138,-0.147823547445031,0.));
#6633=DIRECTION('',(-0.989013750572138,0.147823547445031,0.));
#6634=DIRECTION('',(0.,0.,1.));
#6635=DIRECTION('',(0.989013750572138,-0.147823547445031,0.));
#6636=DIRECTION('',(0.,0.,1.));
#6637=DIRECTION('',(0.,0.,1.));
#6638=DIRECTION('',(0.,0.,1.));
#6639=DIRECTION('',(0.,0.,1.));
#6640=DIRECTION('',(0.,0.,1.));
#6641=DIRECTION('',(0.,0.,1.));
#6642=DIRECTION('',(0.,0.,1.));
#6643=DIRECTION('',(0.,0.,1.));
#6644=DIRECTION('',(0.,0.,1.));
#6645=DIRECTION('',(0.,0.,1.));
#6646=DIRECTION('center_axis',(0.,1.,0.));
#6647=DIRECTION('ref_axis',(-1.,0.,0.));
#6648=DIRECTION('',(1.,0.,0.));
#6649=DIRECTION('',(-1.,0.,0.));
#6650=DIRECTION('',(0.,0.,1.));
#6651=DIRECTION('center_axis',(0.979415380898643,-0.201855174962563,0.));
#6652=DIRECTION('ref_axis',(0.201855174962563,0.979415380898643,0.));
#6653=DIRECTION('',(-0.201855174962563,-0.979415380898643,0.));
#6654=DIRECTION('',(0.201855174962563,0.979415380898643,0.));
#6655=DIRECTION('',(0.,0.,1.));
#6656=DIRECTION('center_axis',(0.,-1.,0.));
#6657=DIRECTION('ref_axis',(1.,0.,0.));
#6658=DIRECTION('',(-1.,0.,0.));
#6659=DIRECTION('',(1.,0.,0.));
#6660=DIRECTION('',(0.,0.,1.));
#6661=DIRECTION('',(0.,0.,1.));
#6662=DIRECTION('',(0.,0.,1.));
#6663=DIRECTION('',(0.,0.,1.));
#6664=DIRECTION('',(0.,0.,1.));
#6665=DIRECTION('',(0.,0.,1.));
#6666=DIRECTION('',(0.,0.,1.));
#6667=DIRECTION('',(0.,0.,1.));
#6668=DIRECTION('',(0.,0.,1.));
#6669=DIRECTION('',(0.,0.,1.));
#6670=DIRECTION('center_axis',(0.,0.,1.));
#6671=DIRECTION('ref_axis',(-1.,0.,0.));
#6672=DIRECTION('center_axis',(-0.978902565909648,0.204327595922594,0.));
#6673=DIRECTION('ref_axis',(-0.204327595922594,-0.978902565909648,0.));
#6674=DIRECTION('',(0.204327595922594,0.978902565909648,0.));
#6675=DIRECTION('',(0.,0.,1.));
#6676=DIRECTION('',(-0.204327595922594,-0.978902565909648,0.));
#6677=DIRECTION('',(0.,0.,1.));
#6678=DIRECTION('center_axis',(0.,1.,0.));
#6679=DIRECTION('ref_axis',(-1.,0.,0.));
#6680=DIRECTION('',(1.,0.,0.));
#6681=DIRECTION('',(-1.,0.,0.));
#6682=DIRECTION('',(0.,0.,1.));
#6683=DIRECTION('center_axis',(0.979013297803861,-0.20379637563806,0.));
#6684=DIRECTION('ref_axis',(0.20379637563806,0.979013297803861,0.));
#6685=DIRECTION('',(-0.20379637563806,-0.979013297803861,0.));
#6686=DIRECTION('',(0.20379637563806,0.979013297803861,0.));
#6687=DIRECTION('',(0.,0.,1.));
#6688=DIRECTION('center_axis',(0.,-1.,0.));
#6689=DIRECTION('ref_axis',(1.,0.,0.));
#6690=DIRECTION('',(-1.,0.,0.));
#6691=DIRECTION('',(1.,0.,0.));
#6692=DIRECTION('',(0.,0.,1.));
#6693=DIRECTION('center_axis',(0.978611847217447,-0.205715464867513,0.));
#6694=DIRECTION('ref_axis',(0.205715464867513,0.978611847217447,0.));
#6695=DIRECTION('',(-0.205715464867513,-0.978611847217447,0.));
#6696=DIRECTION('',(0.205715464867513,0.978611847217447,0.));
#6697=DIRECTION('',(0.,0.,1.));
#6698=DIRECTION('center_axis',(0.,1.,0.));
#6699=DIRECTION('ref_axis',(-1.,0.,0.));
#6700=DIRECTION('',(1.,0.,0.));
#6701=DIRECTION('',(-1.,0.,0.));
#6702=DIRECTION('',(0.,0.,1.));
#6703=DIRECTION('center_axis',(0.979013261548686,-0.203796549803485,0.));
#6704=DIRECTION('ref_axis',(0.203796549803485,0.979013261548686,0.));
#6705=DIRECTION('',(-0.203796549803485,-0.979013261548686,0.));
#6706=DIRECTION('',(0.203796549803485,0.979013261548686,0.));
#6707=DIRECTION('',(0.,0.,1.));
#6708=DIRECTION('center_axis',(0.,-1.,0.));
#6709=DIRECTION('ref_axis',(1.,0.,0.));
#6710=DIRECTION('',(-1.,0.,0.));
#6711=DIRECTION('',(1.,0.,0.));
#6712=DIRECTION('',(0.,0.,1.));
#6713=DIRECTION('center_axis',(0.974308507877843,-0.225217520359433,0.));
#6714=DIRECTION('ref_axis',(0.225217520359433,0.974308507877843,0.));
#6715=DIRECTION('',(-0.225217520359433,-0.974308507877843,0.));
#6716=DIRECTION('',(0.225217520359433,0.974308507877843,0.));
#6717=DIRECTION('',(0.,0.,1.));
#6718=DIRECTION('center_axis',(0.,1.,0.));
#6719=DIRECTION('ref_axis',(-1.,0.,0.));
#6720=DIRECTION('',(1.,0.,0.));
#6721=DIRECTION('',(-1.,0.,0.));
#6722=DIRECTION('',(0.,0.,1.));
#6723=DIRECTION('center_axis',(0.978209497898992,-0.207620274106848,0.));
#6724=DIRECTION('ref_axis',(0.207620274106848,0.978209497898992,0.));
#6725=DIRECTION('',(-0.207620274106848,-0.978209497898992,0.));
#6726=DIRECTION('',(0.207620274106848,0.978209497898992,0.));
#6727=DIRECTION('',(0.,0.,1.));
#6728=DIRECTION('center_axis',(0.,-1.,0.));
#6729=DIRECTION('ref_axis',(1.,0.,0.));
#6730=DIRECTION('',(-1.,0.,0.));
#6731=DIRECTION('',(1.,0.,0.));
#6732=DIRECTION('center_axis',(0.,0.,1.));
#6733=DIRECTION('ref_axis',(1.,0.,0.));
#6734=DIRECTION('center_axis',(0.,1.,0.));
#6735=DIRECTION('ref_axis',(-1.,0.,0.));
#6736=DIRECTION('',(1.,0.,0.));
#6737=DIRECTION('',(0.,0.,1.));
#6738=DIRECTION('',(-1.,0.,0.));
#6739=DIRECTION('',(0.,0.,1.));
#6740=DIRECTION('',(0.,0.,1.));
#6741=DIRECTION('',(0.,0.,1.));
#6742=DIRECTION('',(0.,0.,1.));
#6743=DIRECTION('',(0.,0.,1.));
#6744=DIRECTION('',(0.,0.,1.));
#6745=DIRECTION('',(0.,0.,1.));
#6746=DIRECTION('center_axis',(0.,-1.,0.));
#6747=DIRECTION('ref_axis',(1.,0.,0.));
#6748=DIRECTION('',(-1.,0.,0.));
#6749=DIRECTION('',(1.,0.,0.));
#6750=DIRECTION('',(0.,0.,1.));
#6751=DIRECTION('center_axis',(0.978574303813996,-0.20589398222132,0.));
#6752=DIRECTION('ref_axis',(0.20589398222132,0.978574303813996,0.));
#6753=DIRECTION('',(-0.20589398222132,-0.978574303813996,0.));
#6754=DIRECTION('',(0.20589398222132,0.978574303813996,0.));
#6755=DIRECTION('center_axis',(0.,-1.,0.));
#6756=DIRECTION('ref_axis',(1.,0.,0.));
#6757=DIRECTION('',(-1.,0.,0.));
#6758=DIRECTION('',(0.,0.,1.));
#6759=DIRECTION('',(1.,0.,0.));
#6760=DIRECTION('',(0.,0.,1.));
#6761=DIRECTION('center_axis',(-0.978768807242213,0.204967368060516,0.));
#6762=DIRECTION('ref_axis',(-0.204967368060516,-0.978768807242213,0.));
#6763=DIRECTION('',(0.204967368060516,0.978768807242213,0.));
#6764=DIRECTION('',(-0.204967368060515,-0.978768807242213,0.));
#6765=DIRECTION('',(0.,0.,1.));
#6766=DIRECTION('center_axis',(0.,1.,0.));
#6767=DIRECTION('ref_axis',(-1.,0.,0.));
#6768=DIRECTION('',(1.,0.,0.));
#6769=DIRECTION('',(-1.,0.,0.));
#6770=DIRECTION('',(0.,0.,1.));
#6771=DIRECTION('',(0.,0.,1.));
#6772=DIRECTION('',(0.,0.,1.));
#6773=DIRECTION('',(0.,0.,1.));
#6774=DIRECTION('',(0.,0.,1.));
#6775=DIRECTION('',(0.,0.,1.));
#6776=DIRECTION('',(0.,0.,1.));
#6777=DIRECTION('',(0.,0.,1.));
#6778=DIRECTION('',(0.,0.,1.));
#6779=DIRECTION('center_axis',(0.,-1.,0.));
#6780=DIRECTION('ref_axis',(1.,0.,0.));
#6781=DIRECTION('',(-1.,0.,0.));
#6782=DIRECTION('',(1.,0.,0.));
#6783=DIRECTION('',(0.,0.,1.));
#6784=DIRECTION('center_axis',(0.978790561040296,-0.204863460915858,0.));
#6785=DIRECTION('ref_axis',(0.204863460915858,0.978790561040296,0.));
#6786=DIRECTION('',(-0.204863460915858,-0.978790561040296,0.));
#6787=DIRECTION('',(0.204863460915858,0.978790561040296,0.));
#6788=DIRECTION('center_axis',(0.,0.,1.));
#6789=DIRECTION('ref_axis',(-1.,0.,0.));
#6790=DIRECTION('center_axis',(0.,0.,1.));
#6791=DIRECTION('ref_axis',(1.,0.,0.));
#6792=DIRECTION('center_axis',(0.,1.,0.));
#6793=DIRECTION('ref_axis',(-1.,0.,0.));
#6794=DIRECTION('',(1.,0.,0.));
#6795=DIRECTION('',(0.,0.,1.));
#6796=DIRECTION('',(-1.,0.,0.));
#6797=DIRECTION('',(0.,0.,1.));
#6798=DIRECTION('',(0.,0.,1.));
#6799=DIRECTION('',(0.,0.,1.));
#6800=DIRECTION('',(0.,0.,1.));
#6801=DIRECTION('',(0.,0.,1.));
#6802=DIRECTION('',(0.,0.,1.));
#6803=DIRECTION('center_axis',(0.,-1.,0.));
#6804=DIRECTION('ref_axis',(1.,0.,0.));
#6805=DIRECTION('',(-1.,0.,0.));
#6806=DIRECTION('',(1.,0.,0.));
#6807=DIRECTION('',(0.,0.,1.));
#6808=DIRECTION('center_axis',(0.979021754112662,-0.203755748321777,0.));
#6809=DIRECTION('ref_axis',(0.203755748321777,0.979021754112662,0.));
#6810=DIRECTION('',(-0.203755748321777,-0.979021754112662,0.));
#6811=DIRECTION('',(0.203755748321777,0.979021754112662,0.));
#6812=DIRECTION('center_axis',(0.,-1.,0.));
#6813=DIRECTION('ref_axis',(1.,0.,0.));
#6814=DIRECTION('',(-1.,0.,0.));
#6815=DIRECTION('',(0.,0.,1.));
#6816=DIRECTION('',(1.,0.,0.));
#6817=DIRECTION('',(0.,0.,1.));
#6818=DIRECTION('center_axis',(-0.978768865760931,0.204967088619274,0.));
#6819=DIRECTION('ref_axis',(-0.204967088619274,-0.97876886576093,0.));
#6820=DIRECTION('',(0.204967088619274,0.97876886576093,0.));
#6821=DIRECTION('',(-0.204967088619274,-0.97876886576093,0.));
#6822=DIRECTION('',(0.,0.,1.));
#6823=DIRECTION('center_axis',(0.,1.,0.));
#6824=DIRECTION('ref_axis',(-1.,0.,0.));
#6825=DIRECTION('',(1.,0.,0.));
#6826=DIRECTION('',(-1.,0.,0.));
#6827=DIRECTION('',(0.,0.,1.));
#6828=DIRECTION('',(0.,0.,1.));
#6829=DIRECTION('',(0.,0.,1.));
#6830=DIRECTION('',(0.,0.,1.));
#6831=DIRECTION('',(0.,0.,1.));
#6832=DIRECTION('',(0.,0.,1.));
#6833=DIRECTION('',(0.,0.,1.));
#6834=DIRECTION('',(0.,0.,1.));
#6835=DIRECTION('center_axis',(0.,-1.,0.));
#6836=DIRECTION('ref_axis',(1.,0.,0.));
#6837=DIRECTION('',(-1.,0.,0.));
#6838=DIRECTION('',(1.,0.,0.));
#6839=DIRECTION('',(0.,0.,1.));
#6840=DIRECTION('',(0.,0.,1.));
#6841=DIRECTION('',(0.,0.,1.));
#6842=DIRECTION('',(0.,0.,1.));
#6843=DIRECTION('center_axis',(0.,-1.,0.));
#6844=DIRECTION('ref_axis',(1.,0.,0.));
#6845=DIRECTION('',(-1.,0.,0.));
#6846=DIRECTION('',(1.,0.,0.));
#6847=DIRECTION('',(0.,0.,1.));
#6848=DIRECTION('center_axis',(0.978805664430136,-0.204791287118081,0.));
#6849=DIRECTION('ref_axis',(0.204791287118081,0.978805664430136,0.));
#6850=DIRECTION('',(-0.204791287118081,-0.978805664430136,0.));
#6851=DIRECTION('',(0.204791287118081,0.978805664430136,0.));
#6852=DIRECTION('center_axis',(0.,0.,1.));
#6853=DIRECTION('ref_axis',(-1.,0.,0.));
#6854=DIRECTION('center_axis',(0.,0.,1.));
#6855=DIRECTION('ref_axis',(1.,0.,0.));
#6856=DIRECTION('center_axis',(0.,0.,1.));
#6857=DIRECTION('ref_axis',(-0.707106781186547,0.707106781186547,0.));
#6858=DIRECTION('center_axis',(0.,0.,-1.));
#6859=DIRECTION('ref_axis',(-0.707106781186547,0.707106781186547,0.));
#6860=DIRECTION('',(0.,0.,-1.));
#6861=DIRECTION('center_axis',(0.,0.,1.));
#6862=DIRECTION('ref_axis',(-0.707106781186547,0.707106781186547,0.));
#6863=DIRECTION('',(0.,0.,1.));
#6864=DIRECTION('center_axis',(0.,1.,0.));
#6865=DIRECTION('ref_axis',(-1.,0.,0.));
#6866=DIRECTION('',(-1.,0.,0.));
#6867=DIRECTION('',(0.,0.,1.));
#6868=DIRECTION('',(-1.,0.,0.));
#6869=DIRECTION('center_axis',(0.,0.,1.));
#6870=DIRECTION('ref_axis',(1.,0.,0.));
#6871=DIRECTION('',(0.,-1.,0.));
#6872=DIRECTION('center_axis',(0.,0.,-1.));
#6873=DIRECTION('ref_axis',(-0.707106781186547,-0.707106781186547,0.));
#6874=DIRECTION('',(1.,0.,0.));
#6875=DIRECTION('center_axis',(0.,0.,-1.));
#6876=DIRECTION('ref_axis',(0.707106781186547,-0.707106781186547,0.));
#6877=DIRECTION('',(0.,1.,0.));
#6878=DIRECTION('center_axis',(0.,0.,-1.));
#6879=DIRECTION('ref_axis',(0.707106781186547,0.707106781186547,0.));
#6880=DIRECTION('',(0.,1.,0.));
#6881=DIRECTION('',(1.,0.,0.));
#6882=DIRECTION('',(0.,-1.,0.));
#6883=DIRECTION('',(-1.,0.,0.));
#6884=DIRECTION('center_axis',(0.,0.,-1.));
#6885=DIRECTION('ref_axis',(-1.,0.,0.));
#6886=DIRECTION('center_axis',(0.,0.,-1.));
#6887=DIRECTION('ref_axis',(-1.,0.,0.));
#6888=DIRECTION('center_axis',(0.,0.,-1.));
#6889=DIRECTION('ref_axis',(-1.,0.,0.));
#6890=DIRECTION('center_axis',(0.,0.,-1.));
#6891=DIRECTION('ref_axis',(-1.,0.,0.));
#6892=DIRECTION('center_axis',(0.,0.,1.));
#6893=DIRECTION('ref_axis',(-0.707106781186547,-0.707106781186547,0.));
#6894=DIRECTION('',(0.,0.,-1.));
#6895=DIRECTION('center_axis',(0.,0.,1.));
#6896=DIRECTION('ref_axis',(-0.707106781186547,-0.707106781186547,0.));
#6897=DIRECTION('',(0.,0.,1.));
#6898=DIRECTION('center_axis',(0.,-1.,0.));
#6899=DIRECTION('ref_axis',(1.,0.,0.));
#6900=DIRECTION('',(1.,0.,0.));
#6901=DIRECTION('',(0.,0.,-1.));
#6902=DIRECTION('center_axis',(0.,0.,1.));
#6903=DIRECTION('ref_axis',(0.707106781186547,-0.707106781186547,0.));
#6904=DIRECTION('center_axis',(0.,0.,1.));
#6905=DIRECTION('ref_axis',(0.707106781186547,-0.707106781186547,0.));
#6906=DIRECTION('',(0.,0.,1.));
#6907=DIRECTION('center_axis',(0.,0.,1.));
#6908=DIRECTION('ref_axis',(0.707106781186547,0.707106781186547,0.));
#6909=DIRECTION('',(0.,0.,-1.));
#6910=DIRECTION('center_axis',(0.,0.,1.));
#6911=DIRECTION('ref_axis',(0.707106781186547,0.707106781186547,0.));
#6912=DIRECTION('center_axis',(0.,0.,1.));
#6913=DIRECTION('ref_axis',(1.,0.,0.));
#6914=DIRECTION('',(0.,1.,0.));
#6915=DIRECTION('',(0.,-1.,0.));
#6916=DIRECTION('center_axis',(0.,0.,1.));
#6917=DIRECTION('ref_axis',(-1.,0.,0.));
#6918=DIRECTION('center_axis',(0.,0.,1.));
#6919=DIRECTION('ref_axis',(-1.,0.,0.));
#6920=DIRECTION('center_axis',(0.,0.,1.));
#6921=DIRECTION('ref_axis',(-1.,0.,0.));
#6922=DIRECTION('center_axis',(0.,0.,1.));
#6923=DIRECTION('ref_axis',(-1.,0.,0.));
#6924=DIRECTION('',(-1.,0.,0.));
#6925=DIRECTION('',(0.,-1.,0.));
#6926=DIRECTION('',(1.,0.,0.));
#6927=DIRECTION('',(0.,1.,0.));
#6928=DIRECTION('center_axis',(0.,0.,-1.));
#6929=DIRECTION('ref_axis',(-1.,0.,0.));
#6930=DIRECTION('',(0.,0.,-1.));
#6931=DIRECTION('center_axis',(0.,0.,-1.));
#6932=DIRECTION('ref_axis',(-1.,0.,0.));
#6933=DIRECTION('center_axis',(0.,0.,1.));
#6934=DIRECTION('ref_axis',(-1.,0.,0.));
#6935=DIRECTION('center_axis',(0.,0.,1.));
#6936=DIRECTION('ref_axis',(-1.,0.,0.));
#6937=DIRECTION('center_axis',(0.,0.,-1.));
#6938=DIRECTION('ref_axis',(-1.,0.,0.));
#6939=DIRECTION('',(0.,0.,-1.));
#6940=DIRECTION('center_axis',(0.,0.,-1.));
#6941=DIRECTION('ref_axis',(-1.,0.,0.));
#6942=DIRECTION('center_axis',(0.,0.,1.));
#6943=DIRECTION('ref_axis',(-1.,0.,0.));
#6944=DIRECTION('center_axis',(0.,0.,1.));
#6945=DIRECTION('ref_axis',(-1.,0.,0.));
#6946=DIRECTION('center_axis',(0.,0.,-1.));
#6947=DIRECTION('ref_axis',(-1.,0.,0.));
#6948=DIRECTION('',(0.,0.,-1.));
#6949=DIRECTION('center_axis',(0.,0.,-1.));
#6950=DIRECTION('ref_axis',(-1.,0.,0.));
#6951=DIRECTION('center_axis',(0.,0.,1.));
#6952=DIRECTION('ref_axis',(-1.,0.,0.));
#6953=DIRECTION('center_axis',(0.,0.,1.));
#6954=DIRECTION('ref_axis',(-1.,0.,0.));
#6955=DIRECTION('center_axis',(0.,0.,-1.));
#6956=DIRECTION('ref_axis',(-1.,0.,0.));
#6957=DIRECTION('',(0.,0.,-1.));
#6958=DIRECTION('center_axis',(0.,0.,-1.));
#6959=DIRECTION('ref_axis',(-1.,0.,0.));
#6960=DIRECTION('center_axis',(0.,0.,1.));
#6961=DIRECTION('ref_axis',(-1.,0.,0.));
#6962=DIRECTION('center_axis',(0.,0.,1.));
#6963=DIRECTION('ref_axis',(-1.,0.,0.));
#6964=DIRECTION('center_axis',(0.,0.,-1.));
#6965=DIRECTION('ref_axis',(-1.,0.,0.));
#6966=DIRECTION('',(0.,0.,-1.));
#6967=DIRECTION('center_axis',(0.,0.,-1.));
#6968=DIRECTION('ref_axis',(-1.,0.,0.));
#6969=DIRECTION('',(0.,0.,-1.));
#6970=DIRECTION('center_axis',(0.,0.,-1.));
#6971=DIRECTION('ref_axis',(-1.,0.,0.));
#6972=DIRECTION('',(0.,0.,-1.));
#6973=DIRECTION('center_axis',(0.,0.,-1.));
#6974=DIRECTION('ref_axis',(-1.,0.,0.));
#6975=DIRECTION('',(0.,0.,-1.));
#6976=DIRECTION('center_axis',(0.,-1.,0.));
#6977=DIRECTION('ref_axis',(-0.707106781186547,0.,0.707106781186547));
#6978=DIRECTION('center_axis',(0.707106781186548,-0.707106781186547,6.2803698347351E-16));
#6979=DIRECTION('ref_axis',(0.707106781186547,0.707106781186548,6.2803698347351E-16));
#6980=DIRECTION('center_axis',(-0.707106781186548,-0.707106781186547,0.));
#6981=DIRECTION('ref_axis',(0.707106781186547,-0.707106781186548,0.));
#6982=DIRECTION('center_axis',(1.,0.,0.));
#6983=DIRECTION('ref_axis',(0.,-0.707106781186547,0.707106781186547));
#6984=DIRECTION('center_axis',(0.707106781186548,0.707106781186547,0.));
#6985=DIRECTION('ref_axis',(-0.707106781186547,0.707106781186548,0.));
#6986=DIRECTION('center_axis',(0.,1.,0.));
#6987=DIRECTION('ref_axis',(0.707106781186547,0.,0.707106781186547));
#6988=DIRECTION('center_axis',(-0.707106781186548,0.707106781186547,6.2803698347351E-16));
#6989=DIRECTION('ref_axis',(-0.707106781186547,-0.707106781186548,6.2803698347351E-16));
#6990=DIRECTION('center_axis',(-1.,0.,0.));
#6991=DIRECTION('ref_axis',(0.,0.707106781186547,0.707106781186547));
#6992=DIRECTION('center_axis',(-1.,0.,0.));
#6993=DIRECTION('ref_axis',(0.,-1.,0.));
#6994=DIRECTION('center_axis',(1.,0.,0.));
#6995=DIRECTION('ref_axis',(0.,1.,0.));
#6996=CARTESIAN_POINT('',(0.,0.,0.));
#6997=CARTESIAN_POINT('Origin',(-27.7298759482801,28.643928989768,10.));
#6998=CARTESIAN_POINT('',(-28.1473379395902,28.643928989768,10.));
#6999=CARTESIAN_POINT('',(-27.7298759482801,28.643928989768,10.));
#7000=CARTESIAN_POINT('',(-13.86493797414,28.643928989768,10.));
#7001=CARTESIAN_POINT('',(-28.1473379395902,28.643928989768,11.));
#7002=CARTESIAN_POINT('',(-28.1473379395902,28.643928989768,10.));
#7003=CARTESIAN_POINT('',(-27.7298759482801,28.643928989768,11.));
#7004=CARTESIAN_POINT('',(-28.1473379395902,28.643928989768,11.));
#7005=CARTESIAN_POINT('',(-27.7298759482801,28.643928989768,10.));
#7006=CARTESIAN_POINT('Ctrl Pts',(-27.073668744415,28.6998631805182,10.));
#7007=CARTESIAN_POINT('Ctrl Pts',(-27.073668744415,28.6998631805182,11.));
#7008=CARTESIAN_POINT('Ctrl Pts',(-27.1620197552444,28.6836829922749,10.));
#7009=CARTESIAN_POINT('Ctrl Pts',(-27.1620197552444,28.6836829922749,11.));
#7010=CARTESIAN_POINT('Ctrl Pts',(-27.3787250811099,28.6439965989569,10.));
#7011=CARTESIAN_POINT('Ctrl Pts',(-27.3787250811099,28.6439965989569,11.));
#7012=CARTESIAN_POINT('Ctrl Pts',(-27.599255836023,28.643954138844,10.));
#7013=CARTESIAN_POINT('Ctrl Pts',(-27.599255836023,28.643954138844,11.));
#7014=CARTESIAN_POINT('Ctrl Pts',(-27.7298759482801,28.643928989768,10.));
#7015=CARTESIAN_POINT('Ctrl Pts',(-27.7298759482801,28.643928989768,11.));
#7016=CARTESIAN_POINT('',(-27.073668744415,28.6998631805182,10.));
#7017=CARTESIAN_POINT('Ctrl Pts',(-27.7298759482801,28.643928989768,10.));
#7018=CARTESIAN_POINT('Ctrl Pts',(-27.599255836023,28.643954138844,10.));
#7019=CARTESIAN_POINT('Ctrl Pts',(-27.3787250811099,28.6439965989569,10.));
#7020=CARTESIAN_POINT('Ctrl Pts',(-27.1620197552444,28.6836829922749,10.));
#7021=CARTESIAN_POINT('Ctrl Pts',(-27.073668744415,28.6998631805182,10.));
#7022=CARTESIAN_POINT('',(-27.073668744415,28.6998631805182,11.));
#7023=CARTESIAN_POINT('Ctrl Pts',(-27.073668744415,28.6998631805182,11.));
#7024=CARTESIAN_POINT('Ctrl Pts',(-27.1620197552444,28.6836829922749,11.));
#7025=CARTESIAN_POINT('Ctrl Pts',(-27.3787250811099,28.6439965989569,11.));
#7026=CARTESIAN_POINT('Ctrl Pts',(-27.599255836023,28.643954138844,11.));
#7027=CARTESIAN_POINT('Ctrl Pts',(-27.7298759482801,28.643928989768,11.));
#7028=CARTESIAN_POINT('',(-27.073668744415,28.6998631805182,10.));
#7029=CARTESIAN_POINT('Ctrl Pts',(-26.7012267373502,28.9085944741964,10.));
#7030=CARTESIAN_POINT('Ctrl Pts',(-26.7012267373502,28.9085944741964,11.));
#7031=CARTESIAN_POINT('Ctrl Pts',(-26.7583210501926,28.8618990789023,10.));
#7032=CARTESIAN_POINT('Ctrl Pts',(-26.7583210501926,28.8618990789023,11.));
#7033=CARTESIAN_POINT('Ctrl Pts',(-26.8702345178405,28.7703690586536,10.));
#7034=CARTESIAN_POINT('Ctrl Pts',(-26.8702345178405,28.7703690586536,11.));
#7035=CARTESIAN_POINT('Ctrl Pts',(-27.0067826594052,28.7230444427771,10.));
#7036=CARTESIAN_POINT('Ctrl Pts',(-27.0067826594052,28.7230444427771,11.));
#7037=CARTESIAN_POINT('Ctrl Pts',(-27.073668744415,28.6998631805182,10.));
#7038=CARTESIAN_POINT('Ctrl Pts',(-27.073668744415,28.6998631805182,11.));
#7039=CARTESIAN_POINT('',(-26.7012267373502,28.9085944741964,10.));
#7040=CARTESIAN_POINT('Ctrl Pts',(-27.073668744415,28.6998631805182,10.));
#7041=CARTESIAN_POINT('Ctrl Pts',(-27.0067826594052,28.7230444427771,10.));
#7042=CARTESIAN_POINT('Ctrl Pts',(-26.8702345178405,28.7703690586536,10.));
#7043=CARTESIAN_POINT('Ctrl Pts',(-26.7583210501926,28.8618990789023,10.));
#7044=CARTESIAN_POINT('Ctrl Pts',(-26.7012267373502,28.9085944741964,10.));
#7045=CARTESIAN_POINT('',(-26.7012267373502,28.9085944741964,11.));
#7046=CARTESIAN_POINT('Ctrl Pts',(-26.7012267373502,28.9085944741964,11.));
#7047=CARTESIAN_POINT('Ctrl Pts',(-26.7583210501926,28.8618990789023,11.));
#7048=CARTESIAN_POINT('Ctrl Pts',(-26.8702345178405,28.7703690586536,11.));
#7049=CARTESIAN_POINT('Ctrl Pts',(-27.0067826594052,28.7230444427771,11.));
#7050=CARTESIAN_POINT('Ctrl Pts',(-27.073668744415,28.6998631805182,11.));
#7051=CARTESIAN_POINT('',(-26.7012267373502,28.9085944741964,10.));
#7052=CARTESIAN_POINT('Ctrl Pts',(-26.2919490598142,29.4979532808065,10.));
#7053=CARTESIAN_POINT('Ctrl Pts',(-26.2919490598142,29.4979532808065,11.));
#7054=CARTESIAN_POINT('Ctrl Pts',(-26.3482260656062,29.3835356306797,10.));
#7055=CARTESIAN_POINT('Ctrl Pts',(-26.3482260656062,29.3835356306797,11.));
#7056=CARTESIAN_POINT('Ctrl Pts',(-26.4550740497696,29.1663013429502,10.));
#7057=CARTESIAN_POINT('Ctrl Pts',(-26.4550740497696,29.1663013429502,11.));
#7058=CARTESIAN_POINT('Ctrl Pts',(-26.6221499727771,28.9913830295017,10.));
#7059=CARTESIAN_POINT('Ctrl Pts',(-26.6221499727771,28.9913830295017,11.));
#7060=CARTESIAN_POINT('Ctrl Pts',(-26.7012267373502,28.9085944741964,10.));
#7061=CARTESIAN_POINT('Ctrl Pts',(-26.7012267373502,28.9085944741964,11.));
#7062=CARTESIAN_POINT('',(-26.2919490598142,29.4979532808065,10.));
#7063=CARTESIAN_POINT('Ctrl Pts',(-26.7012267373502,28.9085944741964,10.));
#7064=CARTESIAN_POINT('Ctrl Pts',(-26.6221499727771,28.9913830295017,10.));
#7065=CARTESIAN_POINT('Ctrl Pts',(-26.4550740497696,29.1663013429502,10.));
#7066=CARTESIAN_POINT('Ctrl Pts',(-26.3482260656062,29.3835356306797,10.));
#7067=CARTESIAN_POINT('Ctrl Pts',(-26.2919490598142,29.4979532808065,10.));
#7068=CARTESIAN_POINT('',(-26.2919490598142,29.4979532808065,11.));
#7069=CARTESIAN_POINT('Ctrl Pts',(-26.2919490598142,29.4979532808065,11.));
#7070=CARTESIAN_POINT('Ctrl Pts',(-26.3482260656062,29.3835356306797,11.));
#7071=CARTESIAN_POINT('Ctrl Pts',(-26.4550740497696,29.1663013429502,11.));
#7072=CARTESIAN_POINT('Ctrl Pts',(-26.6221499727771,28.9913830295017,11.));
#7073=CARTESIAN_POINT('Ctrl Pts',(-26.7012267373502,28.9085944741964,11.));
#7074=CARTESIAN_POINT('',(-26.2919490598142,29.4979532808065,10.));
#7075=CARTESIAN_POINT('Ctrl Pts',(-26.1255102418363,30.3656204789877,10.));
#7076=CARTESIAN_POINT('Ctrl Pts',(-26.1255102418363,30.3656204789877,11.));
#7077=CARTESIAN_POINT('Ctrl Pts',(-26.1308051321556,30.2083986306382,10.));
#7078=CARTESIAN_POINT('Ctrl Pts',(-26.1308051321556,30.2083986306382,11.));
#7079=CARTESIAN_POINT('Ctrl Pts',(-26.1408482744878,29.9101863343519,10.));
#7080=CARTESIAN_POINT('Ctrl Pts',(-26.1408482744878,29.9101863343519,11.));
#7081=CARTESIAN_POINT('Ctrl Pts',(-26.2434435172442,29.6302860670611,10.));
#7082=CARTESIAN_POINT('Ctrl Pts',(-26.2434435172442,29.6302860670611,11.));
#7083=CARTESIAN_POINT('Ctrl Pts',(-26.2919490598142,29.4979532808065,10.));
#7084=CARTESIAN_POINT('Ctrl Pts',(-26.2919490598142,29.4979532808065,11.));
#7085=CARTESIAN_POINT('',(-26.1255102418363,30.3656204789877,10.));
#7086=CARTESIAN_POINT('Ctrl Pts',(-26.2919490598142,29.4979532808065,10.));
#7087=CARTESIAN_POINT('Ctrl Pts',(-26.2434435172442,29.6302860670611,10.));
#7088=CARTESIAN_POINT('Ctrl Pts',(-26.1408482744878,29.9101863343519,10.));
#7089=CARTESIAN_POINT('Ctrl Pts',(-26.1308051321556,30.2083986306382,10.));
#7090=CARTESIAN_POINT('Ctrl Pts',(-26.1255102418363,30.3656204789877,10.));
#7091=CARTESIAN_POINT('',(-26.1255102418363,30.3656204789877,11.));
#7092=CARTESIAN_POINT('Ctrl Pts',(-26.1255102418363,30.3656204789877,11.));
#7093=CARTESIAN_POINT('Ctrl Pts',(-26.1308051321556,30.2083986306382,11.));
#7094=CARTESIAN_POINT('Ctrl Pts',(-26.1408482744878,29.9101863343519,11.));
#7095=CARTESIAN_POINT('Ctrl Pts',(-26.2434435172442,29.6302860670611,11.));
#7096=CARTESIAN_POINT('Ctrl Pts',(-26.2919490598142,29.4979532808065,11.));
#7097=CARTESIAN_POINT('',(-26.1255102418363,30.3656204789877,10.));
#7098=CARTESIAN_POINT('Ctrl Pts',(-26.2633000873029,31.0054566711187,10.));
#7099=CARTESIAN_POINT('Ctrl Pts',(-26.2633000873029,31.0054566711187,11.));
#7100=CARTESIAN_POINT('Ctrl Pts',(-26.2232911408934,30.9177453167575,10.));
#7101=CARTESIAN_POINT('Ctrl Pts',(-26.2232911408934,30.9177453167575,11.));
#7102=CARTESIAN_POINT('Ctrl Pts',(-26.1309749662567,30.7153611643745,10.));
#7103=CARTESIAN_POINT('Ctrl Pts',(-26.1309749662567,30.7153611643745,11.));
#7104=CARTESIAN_POINT('Ctrl Pts',(-26.1274867171632,30.4921142931878,10.));
#7105=CARTESIAN_POINT('Ctrl Pts',(-26.1274867171632,30.4921142931878,11.));
#7106=CARTESIAN_POINT('Ctrl Pts',(-26.1255102418363,30.3656204789877,10.));
#7107=CARTESIAN_POINT('Ctrl Pts',(-26.1255102418363,30.3656204789877,11.));
#7108=CARTESIAN_POINT('',(-26.2633000873029,31.0054566711187,10.));
#7109=CARTESIAN_POINT('Ctrl Pts',(-26.1255102418363,30.3656204789877,10.));
#7110=CARTESIAN_POINT('Ctrl Pts',(-26.1274867171632,30.4921142931878,10.));
#7111=CARTESIAN_POINT('Ctrl Pts',(-26.1309749662567,30.7153611643745,10.));
#7112=CARTESIAN_POINT('Ctrl Pts',(-26.2232911408934,30.9177453167575,10.));
#7113=CARTESIAN_POINT('Ctrl Pts',(-26.2633000873029,31.0054566711187,10.));
#7114=CARTESIAN_POINT('',(-26.2633000873029,31.0054566711187,11.));
#7115=CARTESIAN_POINT('Ctrl Pts',(-26.2633000873029,31.0054566711187,11.));
#7116=CARTESIAN_POINT('Ctrl Pts',(-26.2232911408934,30.9177453167575,11.));
#7117=CARTESIAN_POINT('Ctrl Pts',(-26.1309749662567,30.7153611643745,11.));
#7118=CARTESIAN_POINT('Ctrl Pts',(-26.1274867171632,30.4921142931878,11.));
#7119=CARTESIAN_POINT('Ctrl Pts',(-26.1255102418363,30.3656204789877,11.));
#7120=CARTESIAN_POINT('',(-26.2633000873029,31.0054566711187,10.));
#7121=CARTESIAN_POINT('Ctrl Pts',(-26.6030000708997,31.2905862182379,10.));
#7122=CARTESIAN_POINT('Ctrl Pts',(-26.6030000708997,31.2905862182379,11.));
#7123=CARTESIAN_POINT('Ctrl Pts',(-26.5373955276926,31.2594154923299,10.));
#7124=CARTESIAN_POINT('Ctrl Pts',(-26.5373955276926,31.2594154923299,11.));
#7125=CARTESIAN_POINT('Ctrl Pts',(-26.3997024302909,31.1939932884897,10.));
#7126=CARTESIAN_POINT('Ctrl Pts',(-26.3997024302909,31.1939932884897,11.));
#7127=CARTESIAN_POINT('Ctrl Pts',(-26.3101728601119,31.0702446640418,10.));
#7128=CARTESIAN_POINT('Ctrl Pts',(-26.3101728601119,31.0702446640418,11.));
#7129=CARTESIAN_POINT('Ctrl Pts',(-26.2633000873029,31.0054566711187,10.));
#7130=CARTESIAN_POINT('Ctrl Pts',(-26.2633000873029,31.0054566711187,11.));
#7131=CARTESIAN_POINT('',(-26.6030000708997,31.2905862182379,10.));
#7132=CARTESIAN_POINT('Ctrl Pts',(-26.2633000873029,31.0054566711187,10.));
#7133=CARTESIAN_POINT('Ctrl Pts',(-26.3101728601119,31.0702446640418,10.));
#7134=CARTESIAN_POINT('Ctrl Pts',(-26.3997024302909,31.1939932884897,10.));
#7135=CARTESIAN_POINT('Ctrl Pts',(-26.5373955276926,31.2594154923299,10.));
#7136=CARTESIAN_POINT('Ctrl Pts',(-26.6030000708997,31.2905862182379,10.));
#7137=CARTESIAN_POINT('',(-26.6030000708997,31.2905862182379,11.));
#7138=CARTESIAN_POINT('Ctrl Pts',(-26.6030000708997,31.2905862182379,11.));
#7139=CARTESIAN_POINT('Ctrl Pts',(-26.5373955276926,31.2594154923299,11.));
#7140=CARTESIAN_POINT('Ctrl Pts',(-26.3997024302909,31.1939932884897,11.));
#7141=CARTESIAN_POINT('Ctrl Pts',(-26.3101728601119,31.0702446640418,11.));
#7142=CARTESIAN_POINT('Ctrl Pts',(-26.2633000873029,31.0054566711187,11.));
#7143=CARTESIAN_POINT('',(-26.6030000708997,31.2905862182379,10.));
#7144=CARTESIAN_POINT('Ctrl Pts',(-27.1077745221555,31.3396995514631,10.));
#7145=CARTESIAN_POINT('Ctrl Pts',(-27.1077745221555,31.3396995514631,11.));
#7146=CARTESIAN_POINT('Ctrl Pts',(-27.0047239813964,31.3400750138634,10.));
#7147=CARTESIAN_POINT('Ctrl Pts',(-27.0047239813964,31.3400750138634,11.));
#7148=CARTESIAN_POINT('Ctrl Pts',(-26.8345495589942,31.3406950406641,10.));
#7149=CARTESIAN_POINT('Ctrl Pts',(-26.8345495589942,31.3406950406641,11.));
#7150=CARTESIAN_POINT('Ctrl Pts',(-26.6684978016817,31.3047603552143,10.));
#7151=CARTESIAN_POINT('Ctrl Pts',(-26.6684978016817,31.3047603552143,11.));
#7152=CARTESIAN_POINT('Ctrl Pts',(-26.6030000708997,31.2905862182379,10.));
#7153=CARTESIAN_POINT('Ctrl Pts',(-26.6030000708997,31.2905862182379,11.));
#7154=CARTESIAN_POINT('',(-27.1077745221555,31.3396995514631,10.));
#7155=CARTESIAN_POINT('Ctrl Pts',(-26.6030000708997,31.2905862182379,10.));
#7156=CARTESIAN_POINT('Ctrl Pts',(-26.6684978016817,31.3047603552143,10.));
#7157=CARTESIAN_POINT('Ctrl Pts',(-26.8345495589942,31.3406950406641,10.));
#7158=CARTESIAN_POINT('Ctrl Pts',(-27.0047239813964,31.3400750138634,10.));
#7159=CARTESIAN_POINT('Ctrl Pts',(-27.1077745221555,31.3396995514631,10.));
#7160=CARTESIAN_POINT('',(-27.1077745221555,31.3396995514631,11.));
#7161=CARTESIAN_POINT('Ctrl Pts',(-27.1077745221555,31.3396995514631,11.));
#7162=CARTESIAN_POINT('Ctrl Pts',(-27.0047239813964,31.3400750138634,11.));
#7163=CARTESIAN_POINT('Ctrl Pts',(-26.8345495589942,31.3406950406641,11.));
#7164=CARTESIAN_POINT('Ctrl Pts',(-26.6684978016817,31.3047603552143,11.));
#7165=CARTESIAN_POINT('Ctrl Pts',(-26.6030000708997,31.2905862182379,11.));
#7166=CARTESIAN_POINT('',(-27.1077745221555,31.3396995514631,10.));
#7167=CARTESIAN_POINT('Origin',(-27.5852649472654,31.3396995514631,10.));
#7168=CARTESIAN_POINT('',(-27.5852649472654,31.3396995514631,10.));
#7169=CARTESIAN_POINT('',(-13.7926324736327,31.3396995514631,10.));
#7170=CARTESIAN_POINT('',(-27.5852649472654,31.3396995514631,11.));
#7171=CARTESIAN_POINT('',(-27.1077745221555,31.3396995514631,11.));
#7172=CARTESIAN_POINT('',(-27.5852649472654,31.3396995514631,10.));
#7173=CARTESIAN_POINT('Origin',(-28.1473379395902,28.643928989768,10.));
#7174=CARTESIAN_POINT('',(-30.4227496598761,17.7307771126224,10.));
#7175=CARTESIAN_POINT('',(-27.5852649472654,31.3396995514631,11.));
#7176=CARTESIAN_POINT('Origin',(-28.2673930190504,31.9999998062849,10.));
#7177=CARTESIAN_POINT('',(-29.1050462983549,27.9999997466803,10.));
#7178=CARTESIAN_POINT('',(-28.2673930190504,31.9999998062849,10.));
#7179=CARTESIAN_POINT('',(-30.8834628640044,19.5076240294782,10.));
#7180=CARTESIAN_POINT('',(-29.1050462983549,27.9999997466803,11.));
#7181=CARTESIAN_POINT('',(-29.1050462983549,27.9999997466803,10.));
#7182=CARTESIAN_POINT('',(-28.2673930190504,31.9999998062849,11.));
#7183=CARTESIAN_POINT('',(-29.1050462983549,27.9999997466803,11.));
#7184=CARTESIAN_POINT('',(-28.2673930190504,31.9999998062849,10.));
#7185=CARTESIAN_POINT('Origin',(-27.189630176872,31.9999998062849,10.));
#7186=CARTESIAN_POINT('',(-27.189630176872,31.9999998062849,10.));
#7187=CARTESIAN_POINT('',(-13.594815088436,31.9999998062849,10.));
#7188=CARTESIAN_POINT('',(-27.189630176872,31.9999998062849,11.));
#7189=CARTESIAN_POINT('',(-28.2673930190504,31.9999998062849,11.));
#7190=CARTESIAN_POINT('',(-27.189630176872,31.9999998062849,10.));
#7191=CARTESIAN_POINT('Ctrl Pts',(-26.6139142774045,31.9863571971655,10.));
#7192=CARTESIAN_POINT('Ctrl Pts',(-26.6139142774045,31.9863571971655,11.));
#7193=CARTESIAN_POINT('Ctrl Pts',(-26.6827944735195,31.9902660466855,10.));
#7194=CARTESIAN_POINT('Ctrl Pts',(-26.6827944735195,31.9902660466855,11.));
#7195=CARTESIAN_POINT('Ctrl Pts',(-26.8745138464372,32.0011458382814,10.));
#7196=CARTESIAN_POINT('Ctrl Pts',(-26.8745138464372,32.0011458382814,11.));
#7197=CARTESIAN_POINT('Ctrl Pts',(-27.0665731794954,32.0004473465828,10.));
#7198=CARTESIAN_POINT('Ctrl Pts',(-27.0665731794954,32.0004473465828,11.));
#7199=CARTESIAN_POINT('Ctrl Pts',(-27.189630176872,31.9999998062849,10.));
#7200=CARTESIAN_POINT('Ctrl Pts',(-27.189630176872,31.9999998062849,11.));
#7201=CARTESIAN_POINT('',(-26.6139142774045,31.9863571971655,10.));
#7202=CARTESIAN_POINT('Ctrl Pts',(-27.189630176872,31.9999998062849,10.));
#7203=CARTESIAN_POINT('Ctrl Pts',(-27.0665731794954,32.0004473465828,10.));
#7204=CARTESIAN_POINT('Ctrl Pts',(-26.8745138464372,32.0011458382814,10.));
#7205=CARTESIAN_POINT('Ctrl Pts',(-26.6827944735195,31.9902660466855,10.));
#7206=CARTESIAN_POINT('Ctrl Pts',(-26.6139142774045,31.9863571971655,10.));
#7207=CARTESIAN_POINT('',(-26.6139142774045,31.9863571971655,11.));
#7208=CARTESIAN_POINT('Ctrl Pts',(-26.6139142774045,31.9863571971655,11.));
#7209=CARTESIAN_POINT('Ctrl Pts',(-26.6827944735195,31.9902660466855,11.));
#7210=CARTESIAN_POINT('Ctrl Pts',(-26.8745138464372,32.0011458382814,11.));
#7211=CARTESIAN_POINT('Ctrl Pts',(-27.0665731794954,32.0004473465828,11.));
#7212=CARTESIAN_POINT('Ctrl Pts',(-27.189630176872,31.9999998062849,11.));
#7213=CARTESIAN_POINT('',(-26.6139142774045,31.9863571971655,10.));
#7214=CARTESIAN_POINT('Ctrl Pts',(-26.1705308221281,31.8854021281004,10.));
#7215=CARTESIAN_POINT('Ctrl Pts',(-26.1705308221281,31.8854021281004,11.));
#7216=CARTESIAN_POINT('Ctrl Pts',(-26.2394589943476,31.9088655644083,10.));
#7217=CARTESIAN_POINT('Ctrl Pts',(-26.2394589943476,31.9088655644083,11.));
#7218=CARTESIAN_POINT('Ctrl Pts',(-26.3836875800417,31.957961574432,10.));
#7219=CARTESIAN_POINT('Ctrl Pts',(-26.3836875800417,31.957961574432,11.));
#7220=CARTESIAN_POINT('Ctrl Pts',(-26.5349444576088,31.9766172441716,10.));
#7221=CARTESIAN_POINT('Ctrl Pts',(-26.5349444576088,31.9766172441716,11.));
#7222=CARTESIAN_POINT('Ctrl Pts',(-26.6139142774045,31.9863571971655,10.));
#7223=CARTESIAN_POINT('Ctrl Pts',(-26.6139142774045,31.9863571971655,11.));
#7224=CARTESIAN_POINT('',(-26.1705308221281,31.8854021281004,10.));
#7225=CARTESIAN_POINT('Ctrl Pts',(-26.6139142774045,31.9863571971655,10.));
#7226=CARTESIAN_POINT('Ctrl Pts',(-26.5349444576088,31.9766172441716,10.));
#7227=CARTESIAN_POINT('Ctrl Pts',(-26.3836875800417,31.957961574432,10.));
#7228=CARTESIAN_POINT('Ctrl Pts',(-26.2394589943476,31.9088655644083,10.));
#7229=CARTESIAN_POINT('Ctrl Pts',(-26.1705308221281,31.8854021281004,10.));
#7230=CARTESIAN_POINT('',(-26.1705308221281,31.8854021281004,11.));
#7231=CARTESIAN_POINT('Ctrl Pts',(-26.1705308221281,31.8854021281004,11.));
#7232=CARTESIAN_POINT('Ctrl Pts',(-26.2394589943476,31.9088655644083,11.));
#7233=CARTESIAN_POINT('Ctrl Pts',(-26.3836875800417,31.957961574432,11.));
#7234=CARTESIAN_POINT('Ctrl Pts',(-26.5349444576088,31.9766172441716,11.));
#7235=CARTESIAN_POINT('Ctrl Pts',(-26.6139142774045,31.9863571971655,11.));
#7236=CARTESIAN_POINT('',(-26.1705308221281,31.8854021281004,10.));
#7237=CARTESIAN_POINT('Ctrl Pts',(-25.8158235810697,31.6712137311697,10.));
#7238=CARTESIAN_POINT('Ctrl Pts',(-25.8158235810697,31.6712137311697,11.));
#7239=CARTESIAN_POINT('Ctrl Pts',(-25.8704539665299,31.7145648536249,10.));
#7240=CARTESIAN_POINT('Ctrl Pts',(-25.8704539665299,31.7145648536249,11.));
#7241=CARTESIAN_POINT('Ctrl Pts',(-25.9795358205002,31.8011251216748,10.));
#7242=CARTESIAN_POINT('Ctrl Pts',(-25.9795358205002,31.8011251216748,11.));
#7243=CARTESIAN_POINT('Ctrl Pts',(-26.1069354755713,31.8573405276149,10.));
#7244=CARTESIAN_POINT('Ctrl Pts',(-26.1069354755713,31.8573405276149,11.));
#7245=CARTESIAN_POINT('Ctrl Pts',(-26.1705308221281,31.8854021281004,10.));
#7246=CARTESIAN_POINT('Ctrl Pts',(-26.1705308221281,31.8854021281004,11.));
#7247=CARTESIAN_POINT('',(-25.8158235810697,31.6712137311697,10.));
#7248=CARTESIAN_POINT('Ctrl Pts',(-26.1705308221281,31.8854021281004,10.));
#7249=CARTESIAN_POINT('Ctrl Pts',(-26.1069354755713,31.8573405276149,10.));
#7250=CARTESIAN_POINT('Ctrl Pts',(-25.9795358205002,31.8011251216748,10.));
#7251=CARTESIAN_POINT('Ctrl Pts',(-25.8704539665299,31.7145648536249,10.));
#7252=CARTESIAN_POINT('Ctrl Pts',(-25.8158235810697,31.6712137311697,10.));
#7253=CARTESIAN_POINT('',(-25.8158235810697,31.6712137311697,11.));
#7254=CARTESIAN_POINT('Ctrl Pts',(-25.8158235810697,31.6712137311697,11.));
#7255=CARTESIAN_POINT('Ctrl Pts',(-25.8704539665299,31.7145648536249,11.));
#7256=CARTESIAN_POINT('Ctrl Pts',(-25.9795358205002,31.8011251216748,11.));
#7257=CARTESIAN_POINT('Ctrl Pts',(-26.1069354755713,31.8573405276149,11.));
#7258=CARTESIAN_POINT('Ctrl Pts',(-26.1705308221281,31.8854021281004,11.));
#7259=CARTESIAN_POINT('',(-25.8158235810697,31.6712137311697,10.));
#7260=CARTESIAN_POINT('Ctrl Pts',(-25.5402438901365,31.3396995514631,10.));
#7261=CARTESIAN_POINT('Ctrl Pts',(-25.5402438901365,31.3396995514631,11.));
#7262=CARTESIAN_POINT('Ctrl Pts',(-25.5802386250863,31.4015282192962,10.));
#7263=CARTESIAN_POINT('Ctrl Pts',(-25.5802386250863,31.4015282192962,11.));
#7264=CARTESIAN_POINT('Ctrl Pts',(-25.6588594119012,31.5230696801622,10.));
#7265=CARTESIAN_POINT('Ctrl Pts',(-25.6588594119012,31.5230696801622,11.));
#7266=CARTESIAN_POINT('Ctrl Pts',(-25.7641129660329,31.6224088349171,10.));
#7267=CARTESIAN_POINT('Ctrl Pts',(-25.7641129660329,31.6224088349171,11.));
#7268=CARTESIAN_POINT('Ctrl Pts',(-25.8158235810697,31.6712137311697,10.));
#7269=CARTESIAN_POINT('Ctrl Pts',(-25.8158235810697,31.6712137311697,11.));
#7270=CARTESIAN_POINT('',(-25.5402438901365,31.3396995514631,10.));
#7271=CARTESIAN_POINT('Ctrl Pts',(-25.8158235810697,31.6712137311697,10.));
#7272=CARTESIAN_POINT('Ctrl Pts',(-25.7641129660329,31.6224088349171,10.));
#7273=CARTESIAN_POINT('Ctrl Pts',(-25.6588594119012,31.5230696801622,10.));
#7274=CARTESIAN_POINT('Ctrl Pts',(-25.5802386250863,31.4015282192962,10.));
#7275=CARTESIAN_POINT('Ctrl Pts',(-25.5402438901365,31.3396995514631,10.));
#7276=CARTESIAN_POINT('',(-25.5402438901365,31.3396995514631,11.));
#7277=CARTESIAN_POINT('Ctrl Pts',(-25.5402438901365,31.3396995514631,11.));
#7278=CARTESIAN_POINT('Ctrl Pts',(-25.5802386250863,31.4015282192962,11.));
#7279=CARTESIAN_POINT('Ctrl Pts',(-25.6588594119012,31.5230696801622,11.));
#7280=CARTESIAN_POINT('Ctrl Pts',(-25.7641129660329,31.6224088349171,11.));
#7281=CARTESIAN_POINT('Ctrl Pts',(-25.8158235810697,31.6712137311697,11.));
#7282=CARTESIAN_POINT('',(-25.5402438901365,31.3396995514631,10.));
#7283=CARTESIAN_POINT('Ctrl Pts',(-25.3615265153348,30.893587693572,10.));
#7284=CARTESIAN_POINT('Ctrl Pts',(-25.3615265153348,30.893587693572,11.));
#7285=CARTESIAN_POINT('Ctrl Pts',(-25.3839233290729,30.9740215673493,10.));
#7286=CARTESIAN_POINT('Ctrl Pts',(-25.3839233290729,30.9740215673493,11.));
#7287=CARTESIAN_POINT('Ctrl Pts',(-25.4271656361621,31.1293180443806,10.));
#7288=CARTESIAN_POINT('Ctrl Pts',(-25.4271656361621,31.1293180443806,11.));
#7289=CARTESIAN_POINT('Ctrl Pts',(-25.5034635360724,31.2712698928236,10.));
#7290=CARTESIAN_POINT('Ctrl Pts',(-25.5034635360724,31.2712698928236,11.));
#7291=CARTESIAN_POINT('Ctrl Pts',(-25.5402438901365,31.3396995514631,10.));
#7292=CARTESIAN_POINT('Ctrl Pts',(-25.5402438901365,31.3396995514631,11.));
#7293=CARTESIAN_POINT('',(-25.3615265153348,30.893587693572,10.));
#7294=CARTESIAN_POINT('Ctrl Pts',(-25.5402438901365,31.3396995514631,10.));
#7295=CARTESIAN_POINT('Ctrl Pts',(-25.5034635360724,31.2712698928236,10.));
#7296=CARTESIAN_POINT('Ctrl Pts',(-25.4271656361621,31.1293180443806,10.));
#7297=CARTESIAN_POINT('Ctrl Pts',(-25.3839233290729,30.9740215673493,10.));
#7298=CARTESIAN_POINT('Ctrl Pts',(-25.3615265153348,30.893587693572,10.));
#7299=CARTESIAN_POINT('',(-25.3615265153348,30.893587693572,11.));
#7300=CARTESIAN_POINT('Ctrl Pts',(-25.3615265153348,30.893587693572,11.));
#7301=CARTESIAN_POINT('Ctrl Pts',(-25.3839233290729,30.9740215673493,11.));
#7302=CARTESIAN_POINT('Ctrl Pts',(-25.4271656361621,31.1293180443806,11.));
#7303=CARTESIAN_POINT('Ctrl Pts',(-25.5034635360724,31.2712698928236,11.));
#7304=CARTESIAN_POINT('Ctrl Pts',(-25.5402438901365,31.3396995514631,11.));
#7305=CARTESIAN_POINT('',(-25.3615265153348,30.893587693572,10.));
#7306=CARTESIAN_POINT('Ctrl Pts',(-25.2987711690366,30.3410639613867,10.));
#7307=CARTESIAN_POINT('Ctrl Pts',(-25.2987711690366,30.3410639613867,11.));
#7308=CARTESIAN_POINT('Ctrl Pts',(-25.3009866663897,30.4374794442657,10.));
#7309=CARTESIAN_POINT('Ctrl Pts',(-25.3009866663897,30.4374794442657,11.));
#7310=CARTESIAN_POINT('Ctrl Pts',(-25.3052630376185,30.6235814030124,10.));
#7311=CARTESIAN_POINT('Ctrl Pts',(-25.3052630376185,30.6235814030124,11.));
#7312=CARTESIAN_POINT('Ctrl Pts',(-25.3432296166868,30.8057815725639,10.));
#7313=CARTESIAN_POINT('Ctrl Pts',(-25.3432296166868,30.8057815725639,11.));
#7314=CARTESIAN_POINT('Ctrl Pts',(-25.3615265153348,30.893587693572,10.));
#7315=CARTESIAN_POINT('Ctrl Pts',(-25.3615265153348,30.893587693572,11.));
#7316=CARTESIAN_POINT('',(-25.2987711690366,30.3410639613867,10.));
#7317=CARTESIAN_POINT('Ctrl Pts',(-25.3615265153348,30.893587693572,10.));
#7318=CARTESIAN_POINT('Ctrl Pts',(-25.3432296166868,30.8057815725639,10.));
#7319=CARTESIAN_POINT('Ctrl Pts',(-25.3052630376185,30.6235814030124,10.));
#7320=CARTESIAN_POINT('Ctrl Pts',(-25.3009866663897,30.4374794442657,10.));
#7321=CARTESIAN_POINT('Ctrl Pts',(-25.2987711690366,30.3410639613867,10.));
#7322=CARTESIAN_POINT('',(-25.2987711690366,30.3410639613867,11.));
#7323=CARTESIAN_POINT('Ctrl Pts',(-25.2987711690366,30.3410639613867,11.));
#7324=CARTESIAN_POINT('Ctrl Pts',(-25.3009866663897,30.4374794442657,11.));
#7325=CARTESIAN_POINT('Ctrl Pts',(-25.3052630376185,30.6235814030124,11.));
#7326=CARTESIAN_POINT('Ctrl Pts',(-25.3432296166868,30.8057815725639,11.));
#7327=CARTESIAN_POINT('Ctrl Pts',(-25.3615265153348,30.893587693572,11.));
#7328=CARTESIAN_POINT('',(-25.2987711690366,30.3410639613867,10.));
#7329=CARTESIAN_POINT('Ctrl Pts',(-25.5457012914121,29.1937240213156,10.));
#7330=CARTESIAN_POINT('Ctrl Pts',(-25.5457012914121,29.1937240213156,11.));
#7331=CARTESIAN_POINT('Ctrl Pts',(-25.4737088549217,29.3705270032493,10.));
#7332=CARTESIAN_POINT('Ctrl Pts',(-25.4737088549217,29.3705270032493,11.));
#7333=CARTESIAN_POINT('Ctrl Pts',(-25.3240130048213,29.7381582985782,10.));
#7334=CARTESIAN_POINT('Ctrl Pts',(-25.3240130048213,29.7381582985782,11.));
#7335=CARTESIAN_POINT('Ctrl Pts',(-25.3073964247839,30.1350482192043,10.));
#7336=CARTESIAN_POINT('Ctrl Pts',(-25.3073964247839,30.1350482192043,11.));
#7337=CARTESIAN_POINT('Ctrl Pts',(-25.2987711690366,30.3410639613867,10.));
#7338=CARTESIAN_POINT('Ctrl Pts',(-25.2987711690366,30.3410639613867,11.));
#7339=CARTESIAN_POINT('',(-25.5457012914121,29.1937240213156,10.));
#7340=CARTESIAN_POINT('Ctrl Pts',(-25.2987711690366,30.3410639613867,10.));
#7341=CARTESIAN_POINT('Ctrl Pts',(-25.3073964247839,30.1350482192043,10.));
#7342=CARTESIAN_POINT('Ctrl Pts',(-25.3240130048213,29.7381582985782,10.));
#7343=CARTESIAN_POINT('Ctrl Pts',(-25.4737088549217,29.3705270032493,10.));
#7344=CARTESIAN_POINT('Ctrl Pts',(-25.5457012914121,29.1937240213156,10.));
#7345=CARTESIAN_POINT('',(-25.5457012914121,29.1937240213156,11.));
#7346=CARTESIAN_POINT('Ctrl Pts',(-25.5457012914121,29.1937240213156,11.));
#7347=CARTESIAN_POINT('Ctrl Pts',(-25.4737088549217,29.3705270032493,11.));
#7348=CARTESIAN_POINT('Ctrl Pts',(-25.3240130048213,29.7381582985782,11.));
#7349=CARTESIAN_POINT('Ctrl Pts',(-25.3073964247839,30.1350482192043,11.));
#7350=CARTESIAN_POINT('Ctrl Pts',(-25.2987711690366,30.3410639613867,11.));
#7351=CARTESIAN_POINT('',(-25.5457012914121,29.1937240213156,10.));
#7352=CARTESIAN_POINT('Ctrl Pts',(-26.1664377711713,28.398362621665,10.));
#7353=CARTESIAN_POINT('Ctrl Pts',(-26.1664377711713,28.398362621665,11.));
#7354=CARTESIAN_POINT('Ctrl Pts',(-26.04557556116,28.5083718369786,10.));
#7355=CARTESIAN_POINT('Ctrl Pts',(-26.04557556116,28.5083718369786,11.));
#7356=CARTESIAN_POINT('Ctrl Pts',(-25.7934446973208,28.737862249943,10.));
#7357=CARTESIAN_POINT('Ctrl Pts',(-25.7934446973208,28.737862249943,11.));
#7358=CARTESIAN_POINT('Ctrl Pts',(-25.6305238900065,29.0376456792671,10.));
#7359=CARTESIAN_POINT('Ctrl Pts',(-25.6305238900065,29.0376456792671,11.));
#7360=CARTESIAN_POINT('Ctrl Pts',(-25.5457012914121,29.1937240213156,10.));
#7361=CARTESIAN_POINT('Ctrl Pts',(-25.5457012914121,29.1937240213156,11.));
#7362=CARTESIAN_POINT('',(-26.1664377711713,28.398362621665,10.));
#7363=CARTESIAN_POINT('Ctrl Pts',(-25.5457012914121,29.1937240213156,10.));
#7364=CARTESIAN_POINT('Ctrl Pts',(-25.6305238900065,29.0376456792671,10.));
#7365=CARTESIAN_POINT('Ctrl Pts',(-25.7934446973208,28.737862249943,10.));
#7366=CARTESIAN_POINT('Ctrl Pts',(-26.04557556116,28.5083718369786,10.));
#7367=CARTESIAN_POINT('Ctrl Pts',(-26.1664377711713,28.398362621665,10.));
#7368=CARTESIAN_POINT('',(-26.1664377711713,28.398362621665,11.));
#7369=CARTESIAN_POINT('Ctrl Pts',(-26.1664377711713,28.398362621665,11.));
#7370=CARTESIAN_POINT('Ctrl Pts',(-26.04557556116,28.5083718369786,11.));
#7371=CARTESIAN_POINT('Ctrl Pts',(-25.7934446973208,28.737862249943,11.));
#7372=CARTESIAN_POINT('Ctrl Pts',(-25.6305238900065,29.0376456792671,11.));
#7373=CARTESIAN_POINT('Ctrl Pts',(-25.5457012914121,29.1937240213156,11.));
#7374=CARTESIAN_POINT('',(-26.1664377711713,28.398362621665,10.));
#7375=CARTESIAN_POINT('Ctrl Pts',(-26.9058649800718,28.0600269883871,10.));
#7376=CARTESIAN_POINT('Ctrl Pts',(-26.9058649800718,28.0600269883871,11.));
#7377=CARTESIAN_POINT('Ctrl Pts',(-26.7652060173619,28.0987877781875,10.));
#7378=CARTESIAN_POINT('Ctrl Pts',(-26.7652060173619,28.0987877781875,11.));
#7379=CARTESIAN_POINT('Ctrl Pts',(-26.500212424091,28.171810931276,10.));
#7380=CARTESIAN_POINT('Ctrl Pts',(-26.500212424091,28.171810931276,11.));
#7381=CARTESIAN_POINT('Ctrl Pts',(-26.2730309889785,28.3260117901475,10.));
#7382=CARTESIAN_POINT('Ctrl Pts',(-26.2730309889785,28.3260117901475,11.));
#7383=CARTESIAN_POINT('Ctrl Pts',(-26.1664377711713,28.398362621665,10.));
#7384=CARTESIAN_POINT('Ctrl Pts',(-26.1664377711713,28.398362621665,11.));
#7385=CARTESIAN_POINT('',(-26.9058649800718,28.0600269883871,10.));
#7386=CARTESIAN_POINT('Ctrl Pts',(-26.1664377711713,28.398362621665,10.));
#7387=CARTESIAN_POINT('Ctrl Pts',(-26.2730309889785,28.3260117901475,10.));
#7388=CARTESIAN_POINT('Ctrl Pts',(-26.500212424091,28.171810931276,10.));
#7389=CARTESIAN_POINT('Ctrl Pts',(-26.7652060173619,28.0987877781875,10.));
#7390=CARTESIAN_POINT('Ctrl Pts',(-26.9058649800718,28.0600269883871,10.));
#7391=CARTESIAN_POINT('',(-26.9058649800718,28.0600269883871,11.));
#7392=CARTESIAN_POINT('Ctrl Pts',(-26.9058649800718,28.0600269883871,11.));
#7393=CARTESIAN_POINT('Ctrl Pts',(-26.7652060173619,28.0987877781875,11.));
#7394=CARTESIAN_POINT('Ctrl Pts',(-26.500212424091,28.171810931276,11.));
#7395=CARTESIAN_POINT('Ctrl Pts',(-26.2730309889785,28.3260117901475,11.));
#7396=CARTESIAN_POINT('Ctrl Pts',(-26.1664377711713,28.398362621665,11.));
#7397=CARTESIAN_POINT('',(-26.9058649800718,28.0600269883871,10.));
#7398=CARTESIAN_POINT('Ctrl Pts',(-27.6944052241743,27.9999997466803,10.));
#7399=CARTESIAN_POINT('Ctrl Pts',(-27.6944052241743,27.9999997466803,11.));
#7400=CARTESIAN_POINT('Ctrl Pts',(-27.5396140572369,28.000271200745,10.));
#7401=CARTESIAN_POINT('Ctrl Pts',(-27.5396140572369,28.000271200745,11.));
#7402=CARTESIAN_POINT('Ctrl Pts',(-27.275103129323,28.000735068083,10.));
#7403=CARTESIAN_POINT('Ctrl Pts',(-27.275103129323,28.000735068083,11.));
#7404=CARTESIAN_POINT('Ctrl Pts',(-27.0141209908211,28.0426433383639,10.));
#7405=CARTESIAN_POINT('Ctrl Pts',(-27.0141209908211,28.0426433383639,11.));
#7406=CARTESIAN_POINT('Ctrl Pts',(-26.9058649800718,28.0600269883871,10.));
#7407=CARTESIAN_POINT('Ctrl Pts',(-26.9058649800718,28.0600269883871,11.));
#7408=CARTESIAN_POINT('',(-27.6944052241743,27.9999997466803,10.));
#7409=CARTESIAN_POINT('Ctrl Pts',(-26.9058649800718,28.0600269883871,10.));
#7410=CARTESIAN_POINT('Ctrl Pts',(-27.0141209908211,28.0426433383639,10.));
#7411=CARTESIAN_POINT('Ctrl Pts',(-27.275103129323,28.000735068083,10.));
#7412=CARTESIAN_POINT('Ctrl Pts',(-27.5396140572369,28.000271200745,10.));
#7413=CARTESIAN_POINT('Ctrl Pts',(-27.6944052241743,27.9999997466803,10.));
#7414=CARTESIAN_POINT('',(-27.6944052241743,27.9999997466803,11.));
#7415=CARTESIAN_POINT('Ctrl Pts',(-27.6944052241743,27.9999997466803,11.));
#7416=CARTESIAN_POINT('Ctrl Pts',(-27.5396140572369,28.000271200745,11.));
#7417=CARTESIAN_POINT('Ctrl Pts',(-27.275103129323,28.000735068083,11.));
#7418=CARTESIAN_POINT('Ctrl Pts',(-27.0141209908211,28.0426433383639,11.));
#7419=CARTESIAN_POINT('Ctrl Pts',(-26.9058649800718,28.0600269883871,11.));
#7420=CARTESIAN_POINT('',(-27.6944052241743,27.9999997466803,10.));
#7421=CARTESIAN_POINT('Origin',(-29.1050462983549,27.9999997466803,10.));
#7422=CARTESIAN_POINT('',(-14.5525231491774,27.9999997466803,10.));
#7423=CARTESIAN_POINT('',(-27.6944052241743,27.9999997466803,11.));
#7424=CARTESIAN_POINT('Origin',(1.28522515296936E-6,29.9986354261637,11.));
#7425=CARTESIAN_POINT('Origin',(0.,0.,10.));
#7426=CARTESIAN_POINT('Ctrl Pts',(-19.7244184277952,28.8949521631002,10.));
#7427=CARTESIAN_POINT('Ctrl Pts',(-19.7244184277952,28.8949521631002,11.));
#7428=CARTESIAN_POINT('Ctrl Pts',(-19.7976194368911,28.9950051560858,10.));
#7429=CARTESIAN_POINT('Ctrl Pts',(-19.7976194368911,28.9950051560858,11.));
#7430=CARTESIAN_POINT('Ctrl Pts',(-19.9479561742001,29.2004892157896,10.));
#7431=CARTESIAN_POINT('Ctrl Pts',(-19.9479561742001,29.2004892157896,11.));
#7432=CARTESIAN_POINT('Ctrl Pts',(-19.9661217091187,29.454788333809,10.));
#7433=CARTESIAN_POINT('Ctrl Pts',(-19.9661217091187,29.454788333809,11.));
#7434=CARTESIAN_POINT('Ctrl Pts',(-19.9754421971738,29.5852657407522,10.));
#7435=CARTESIAN_POINT('Ctrl Pts',(-19.9754421971738,29.5852657407522,11.));
#7436=CARTESIAN_POINT('',(-19.9754421971738,29.5852657407522,10.));
#7437=CARTESIAN_POINT('',(-19.7244184277952,28.8949521631002,10.));
#7438=CARTESIAN_POINT('Ctrl Pts',(-19.9754421971738,29.5852657407522,10.));
#7439=CARTESIAN_POINT('Ctrl Pts',(-19.9661217091187,29.454788333809,10.));
#7440=CARTESIAN_POINT('Ctrl Pts',(-19.9479561742001,29.2004892157896,10.));
#7441=CARTESIAN_POINT('Ctrl Pts',(-19.7976194368911,28.9950051560858,10.));
#7442=CARTESIAN_POINT('Ctrl Pts',(-19.7244184277952,28.8949521631002,10.));
#7443=CARTESIAN_POINT('',(-19.9754421971738,29.5852657407522,11.));
#7444=CARTESIAN_POINT('',(-19.9754421971738,29.5852657407522,10.));
#7445=CARTESIAN_POINT('',(-19.7244184277952,28.8949521631002,11.));
#7446=CARTESIAN_POINT('Ctrl Pts',(-19.7244184277952,28.8949521631002,11.));
#7447=CARTESIAN_POINT('Ctrl Pts',(-19.7976194368911,28.9950051560858,11.));
#7448=CARTESIAN_POINT('Ctrl Pts',(-19.9479561742001,29.2004892157896,11.));
#7449=CARTESIAN_POINT('Ctrl Pts',(-19.9661217091187,29.454788333809,11.));
#7450=CARTESIAN_POINT('Ctrl Pts',(-19.9754421971738,29.5852657407522,11.));
#7451=CARTESIAN_POINT('',(-19.7244184277952,28.8949521631002,10.));
#7452=CARTESIAN_POINT('Ctrl Pts',(-19.0641181729734,28.6166437715292,10.));
#7453=CARTESIAN_POINT('Ctrl Pts',(-19.0641181729734,28.6166437715292,11.));
#7454=CARTESIAN_POINT('Ctrl Pts',(-19.1928373493315,28.627031007808,10.));
#7455=CARTESIAN_POINT('Ctrl Pts',(-19.1928373493315,28.627031007808,11.));
#7456=CARTESIAN_POINT('Ctrl Pts',(-19.4439735536736,28.6472969166374,10.));
#7457=CARTESIAN_POINT('Ctrl Pts',(-19.4439735536736,28.6472969166374,11.));
#7458=CARTESIAN_POINT('Ctrl Pts',(-19.6325139145093,28.8137931297602,10.));
#7459=CARTESIAN_POINT('Ctrl Pts',(-19.6325139145093,28.8137931297602,11.));
#7460=CARTESIAN_POINT('Ctrl Pts',(-19.7244184277952,28.8949521631002,10.));
#7461=CARTESIAN_POINT('Ctrl Pts',(-19.7244184277952,28.8949521631002,11.));
#7462=CARTESIAN_POINT('',(-19.0641181729734,28.6166437715292,10.));
#7463=CARTESIAN_POINT('Ctrl Pts',(-19.7244184277952,28.8949521631002,10.));
#7464=CARTESIAN_POINT('Ctrl Pts',(-19.6325139145093,28.8137931297602,10.));
#7465=CARTESIAN_POINT('Ctrl Pts',(-19.4439735536736,28.6472969166374,10.));
#7466=CARTESIAN_POINT('Ctrl Pts',(-19.1928373493315,28.627031007808,10.));
#7467=CARTESIAN_POINT('Ctrl Pts',(-19.0641181729734,28.6166437715292,10.));
#7468=CARTESIAN_POINT('',(-19.0641181729734,28.6166437715292,11.));
#7469=CARTESIAN_POINT('Ctrl Pts',(-19.0641181729734,28.6166437715292,11.));
#7470=CARTESIAN_POINT('Ctrl Pts',(-19.1928373493315,28.627031007808,11.));
#7471=CARTESIAN_POINT('Ctrl Pts',(-19.4439735536736,28.6472969166374,11.));
#7472=CARTESIAN_POINT('Ctrl Pts',(-19.6325139145093,28.8137931297602,11.));
#7473=CARTESIAN_POINT('Ctrl Pts',(-19.7244184277952,28.8949521631002,11.));
#7474=CARTESIAN_POINT('',(-19.0641181729734,28.6166437715292,10.));
#7475=CARTESIAN_POINT('Ctrl Pts',(-18.4242825768888,28.8362886756659,10.));
#7476=CARTESIAN_POINT('Ctrl Pts',(-18.4242825768888,28.8362886756659,11.));
#7477=CARTESIAN_POINT('Ctrl Pts',(-18.5256822153974,28.7722468967175,10.));
#7478=CARTESIAN_POINT('Ctrl Pts',(-18.5256822153974,28.7722468967175,11.));
#7479=CARTESIAN_POINT('Ctrl Pts',(-18.7218649314265,28.6483422130498,10.));
#7480=CARTESIAN_POINT('Ctrl Pts',(-18.7218649314265,28.6483422130498,11.));
#7481=CARTESIAN_POINT('Ctrl Pts',(-18.9526280382416,28.626969644558,10.));
#7482=CARTESIAN_POINT('Ctrl Pts',(-18.9526280382416,28.626969644558,11.));
#7483=CARTESIAN_POINT('Ctrl Pts',(-19.0641181729734,28.6166437715292,10.));
#7484=CARTESIAN_POINT('Ctrl Pts',(-19.0641181729734,28.6166437715292,11.));
#7485=CARTESIAN_POINT('',(-18.4242825768888,28.8362886756659,10.));
#7486=CARTESIAN_POINT('Ctrl Pts',(-19.0641181729734,28.6166437715292,10.));
#7487=CARTESIAN_POINT('Ctrl Pts',(-18.9526280382416,28.626969644558,10.));
#7488=CARTESIAN_POINT('Ctrl Pts',(-18.7218649314265,28.6483422130498,10.));
#7489=CARTESIAN_POINT('Ctrl Pts',(-18.5256822153974,28.7722468967175,10.));
#7490=CARTESIAN_POINT('Ctrl Pts',(-18.4242825768888,28.8362886756659,10.));
#7491=CARTESIAN_POINT('',(-18.4242825768888,28.8362886756659,11.));
#7492=CARTESIAN_POINT('Ctrl Pts',(-18.4242825768888,28.8362886756659,11.));
#7493=CARTESIAN_POINT('Ctrl Pts',(-18.5256822153974,28.7722468967175,11.));
#7494=CARTESIAN_POINT('Ctrl Pts',(-18.7218649314265,28.6483422130498,11.));
#7495=CARTESIAN_POINT('Ctrl Pts',(-18.9526280382416,28.626969644558,11.));
#7496=CARTESIAN_POINT('Ctrl Pts',(-19.0641181729734,28.6166437715292,11.));
#7497=CARTESIAN_POINT('',(-18.4242825768888,28.8362886756659,10.));
#7498=CARTESIAN_POINT('Ctrl Pts',(-17.9167788289487,29.5020463317633,10.));
#7499=CARTESIAN_POINT('Ctrl Pts',(-17.9167788289487,29.5020463317633,11.));
#7500=CARTESIAN_POINT('Ctrl Pts',(-17.9841289045948,29.365716926625,10.));
#7501=CARTESIAN_POINT('Ctrl Pts',(-17.9841289045948,29.365716926625,11.));
#7502=CARTESIAN_POINT('Ctrl Pts',(-18.1102712801881,29.1103806873944,10.));
#7503=CARTESIAN_POINT('Ctrl Pts',(-18.1102712801881,29.1103806873944,11.));
#7504=CARTESIAN_POINT('Ctrl Pts',(-18.3244557256588,28.9234248480445,10.));
#7505=CARTESIAN_POINT('Ctrl Pts',(-18.3244557256588,28.9234248480445,11.));
#7506=CARTESIAN_POINT('Ctrl Pts',(-18.4242825768888,28.8362886756659,10.));
#7507=CARTESIAN_POINT('Ctrl Pts',(-18.4242825768888,28.8362886756659,11.));
#7508=CARTESIAN_POINT('',(-17.9167788289487,29.5020463317633,10.));
#7509=CARTESIAN_POINT('Ctrl Pts',(-18.4242825768888,28.8362886756659,10.));
#7510=CARTESIAN_POINT('Ctrl Pts',(-18.3244557256588,28.9234248480445,10.));
#7511=CARTESIAN_POINT('Ctrl Pts',(-18.1102712801881,29.1103806873944,10.));
#7512=CARTESIAN_POINT('Ctrl Pts',(-17.9841289045948,29.365716926625,10.));
#7513=CARTESIAN_POINT('Ctrl Pts',(-17.9167788289487,29.5020463317633,10.));
#7514=CARTESIAN_POINT('',(-17.9167788289487,29.5020463317633,11.));
#7515=CARTESIAN_POINT('Ctrl Pts',(-17.9167788289487,29.5020463317633,11.));
#7516=CARTESIAN_POINT('Ctrl Pts',(-17.9841289045948,29.365716926625,11.));
#7517=CARTESIAN_POINT('Ctrl Pts',(-18.1102712801881,29.1103806873944,11.));
#7518=CARTESIAN_POINT('Ctrl Pts',(-18.3244557256588,28.9234248480445,11.));
#7519=CARTESIAN_POINT('Ctrl Pts',(-18.4242825768888,28.8362886756659,11.));
#7520=CARTESIAN_POINT('',(-17.9167788289487,29.5020463317633,10.));
#7521=CARTESIAN_POINT('Ctrl Pts',(-17.7162330411375,30.3710772842169,10.));
#7522=CARTESIAN_POINT('Ctrl Pts',(-17.7162330411375,30.3710772842169,11.));
#7523=CARTESIAN_POINT('Ctrl Pts',(-17.7257755513841,30.2265472214631,10.));
#7524=CARTESIAN_POINT('Ctrl Pts',(-17.7257755513841,30.2265472214631,11.));
#7525=CARTESIAN_POINT('Ctrl Pts',(-17.7456046199342,29.9262178062624,10.));
#7526=CARTESIAN_POINT('Ctrl Pts',(-17.7456046199342,29.9262178062624,11.));
#7527=CARTESIAN_POINT('Ctrl Pts',(-17.8583110610471,29.6469300701739,10.));
#7528=CARTESIAN_POINT('Ctrl Pts',(-17.8583110610471,29.6469300701739,11.));
#7529=CARTESIAN_POINT('Ctrl Pts',(-17.9167788289487,29.5020463317633,10.));
#7530=CARTESIAN_POINT('Ctrl Pts',(-17.9167788289487,29.5020463317633,11.));
#7531=CARTESIAN_POINT('',(-17.7162330411375,30.3710772842169,10.));
#7532=CARTESIAN_POINT('Ctrl Pts',(-17.9167788289487,29.5020463317633,10.));
#7533=CARTESIAN_POINT('Ctrl Pts',(-17.8583110610471,29.6469300701739,10.));
#7534=CARTESIAN_POINT('Ctrl Pts',(-17.7456046199342,29.9262178062624,10.));
#7535=CARTESIAN_POINT('Ctrl Pts',(-17.7257755513841,30.2265472214631,10.));
#7536=CARTESIAN_POINT('Ctrl Pts',(-17.7162330411375,30.3710772842169,10.));
#7537=CARTESIAN_POINT('',(-17.7162330411375,30.3710772842169,11.));
#7538=CARTESIAN_POINT('Ctrl Pts',(-17.7162330411375,30.3710772842169,11.));
#7539=CARTESIAN_POINT('Ctrl Pts',(-17.7257755513841,30.2265472214631,11.));
#7540=CARTESIAN_POINT('Ctrl Pts',(-17.7456046199342,29.9262178062624,11.));
#7541=CARTESIAN_POINT('Ctrl Pts',(-17.8583110610471,29.6469300701739,11.));
#7542=CARTESIAN_POINT('Ctrl Pts',(-17.9167788289487,29.5020463317633,11.));
#7543=CARTESIAN_POINT('',(-17.7162330411375,30.3710772842169,10.));
#7544=CARTESIAN_POINT('Ctrl Pts',(-17.9699855111539,31.111868545413,10.));
#7545=CARTESIAN_POINT('Ctrl Pts',(-17.9699855111539,31.111868545413,11.));
#7546=CARTESIAN_POINT('Ctrl Pts',(-17.8960652655769,31.0090897575233,10.));
#7547=CARTESIAN_POINT('Ctrl Pts',(-17.8960652655769,31.0090897575233,11.));
#7548=CARTESIAN_POINT('Ctrl Pts',(-17.7374907644137,30.7886076028371,10.));
#7549=CARTESIAN_POINT('Ctrl Pts',(-17.7374907644137,30.7886076028371,11.));
#7550=CARTESIAN_POINT('Ctrl Pts',(-17.723631659473,30.5163961140289,10.));
#7551=CARTESIAN_POINT('Ctrl Pts',(-17.723631659473,30.5163961140289,11.));
#7552=CARTESIAN_POINT('Ctrl Pts',(-17.7162330411375,30.3710772842169,10.));
#7553=CARTESIAN_POINT('Ctrl Pts',(-17.7162330411375,30.3710772842169,11.));
#7554=CARTESIAN_POINT('',(-17.9699855111539,31.111868545413,10.));
#7555=CARTESIAN_POINT('Ctrl Pts',(-17.7162330411375,30.3710772842169,10.));
#7556=CARTESIAN_POINT('Ctrl Pts',(-17.723631659473,30.5163961140289,10.));
#7557=CARTESIAN_POINT('Ctrl Pts',(-17.7374907644137,30.7886076028371,10.));
#7558=CARTESIAN_POINT('Ctrl Pts',(-17.8960652655769,31.0090897575233,10.));
#7559=CARTESIAN_POINT('Ctrl Pts',(-17.9699855111539,31.111868545413,10.));
#7560=CARTESIAN_POINT('',(-17.9699855111539,31.111868545413,11.));
#7561=CARTESIAN_POINT('Ctrl Pts',(-17.9699855111539,31.111868545413,11.));
#7562=CARTESIAN_POINT('Ctrl Pts',(-17.8960652655769,31.0090897575233,11.));
#7563=CARTESIAN_POINT('Ctrl Pts',(-17.7374907644137,30.7886076028371,11.));
#7564=CARTESIAN_POINT('Ctrl Pts',(-17.723631659473,30.5163961140289,11.));
#7565=CARTESIAN_POINT('Ctrl Pts',(-17.7162330411375,30.3710772842169,11.));
#7566=CARTESIAN_POINT('',(-17.9699855111539,31.111868545413,10.));
#7567=CARTESIAN_POINT('Ctrl Pts',(-18.6166422627866,31.3806270807981,10.));
#7568=CARTESIAN_POINT('Ctrl Pts',(-18.6166422627866,31.3806270807981,11.));
#7569=CARTESIAN_POINT('Ctrl Pts',(-18.4922328841752,31.370224118229,10.));
#7570=CARTESIAN_POINT('Ctrl Pts',(-18.4922328841752,31.370224118229,11.));
#7571=CARTESIAN_POINT('Ctrl Pts',(-18.2476451122734,31.3497719829932,10.));
#7572=CARTESIAN_POINT('Ctrl Pts',(-18.2476451122734,31.3497719829932,11.));
#7573=CARTESIAN_POINT('Ctrl Pts',(-18.0614651710796,31.1902498636791,10.));
#7574=CARTESIAN_POINT('Ctrl Pts',(-18.0614651710796,31.1902498636791,11.));
#7575=CARTESIAN_POINT('Ctrl Pts',(-17.9699855111539,31.111868545413,10.));
#7576=CARTESIAN_POINT('Ctrl Pts',(-17.9699855111539,31.111868545413,11.));
#7577=CARTESIAN_POINT('',(-18.6166422627866,31.3806270807981,10.));
#7578=CARTESIAN_POINT('Ctrl Pts',(-17.9699855111539,31.111868545413,10.));
#7579=CARTESIAN_POINT('Ctrl Pts',(-18.0614651710796,31.1902498636791,10.));
#7580=CARTESIAN_POINT('Ctrl Pts',(-18.2476451122734,31.3497719829932,10.));
#7581=CARTESIAN_POINT('Ctrl Pts',(-18.4922328841752,31.370224118229,10.));
#7582=CARTESIAN_POINT('Ctrl Pts',(-18.6166422627866,31.3806270807981,10.));
#7583=CARTESIAN_POINT('',(-18.6166422627866,31.3806270807981,11.));
#7584=CARTESIAN_POINT('Ctrl Pts',(-18.6166422627866,31.3806270807981,11.));
#7585=CARTESIAN_POINT('Ctrl Pts',(-18.4922328841752,31.370224118229,11.));
#7586=CARTESIAN_POINT('Ctrl Pts',(-18.2476451122734,31.3497719829932,11.));
#7587=CARTESIAN_POINT('Ctrl Pts',(-18.0614651710796,31.1902498636791,11.));
#7588=CARTESIAN_POINT('Ctrl Pts',(-17.9699855111539,31.111868545413,11.));
#7589=CARTESIAN_POINT('',(-18.6166422627866,31.3806270807981,10.));
#7590=CARTESIAN_POINT('Ctrl Pts',(-19.5975427888334,30.8185531944036,10.));
#7591=CARTESIAN_POINT('Ctrl Pts',(-19.5975427888334,30.8185531944036,11.));
#7592=CARTESIAN_POINT('Ctrl Pts',(-19.4659193191916,30.982432723585,10.));
#7593=CARTESIAN_POINT('Ctrl Pts',(-19.4659193191916,30.982432723585,11.));
#7594=CARTESIAN_POINT('Ctrl Pts',(-19.2115166972053,31.2991800485648,10.));
#7595=CARTESIAN_POINT('Ctrl Pts',(-19.2115166972053,31.2991800485648,11.));
#7596=CARTESIAN_POINT('Ctrl Pts',(-18.8102841187297,31.354114671506,10.));
#7597=CARTESIAN_POINT('Ctrl Pts',(-18.8102841187297,31.354114671506,11.));
#7598=CARTESIAN_POINT('Ctrl Pts',(-18.6166422627866,31.3806270807981,10.));
#7599=CARTESIAN_POINT('Ctrl Pts',(-18.6166422627866,31.3806270807981,11.));
#7600=CARTESIAN_POINT('',(-19.5975427888334,30.8185531944036,10.));
#7601=CARTESIAN_POINT('Ctrl Pts',(-18.6166422627866,31.3806270807981,10.));
#7602=CARTESIAN_POINT('Ctrl Pts',(-18.8102841187297,31.354114671506,10.));
#7603=CARTESIAN_POINT('Ctrl Pts',(-19.2115166972053,31.2991800485648,10.));
#7604=CARTESIAN_POINT('Ctrl Pts',(-19.4659193191916,30.982432723585,10.));
#7605=CARTESIAN_POINT('Ctrl Pts',(-19.5975427888334,30.8185531944036,10.));
#7606=CARTESIAN_POINT('',(-19.5975427888334,30.8185531944036,11.));
#7607=CARTESIAN_POINT('Ctrl Pts',(-19.5975427888334,30.8185531944036,11.));
#7608=CARTESIAN_POINT('Ctrl Pts',(-19.4659193191916,30.982432723585,11.));
#7609=CARTESIAN_POINT('Ctrl Pts',(-19.2115166972053,31.2991800485648,11.));
#7610=CARTESIAN_POINT('Ctrl Pts',(-18.8102841187297,31.354114671506,11.));
#7611=CARTESIAN_POINT('Ctrl Pts',(-18.6166422627866,31.3806270807981,11.));
#7612=CARTESIAN_POINT('',(-19.5975427888334,30.8185531944036,10.));
#7613=CARTESIAN_POINT('Ctrl Pts',(-19.9754421971738,29.5852657407522,10.));
#7614=CARTESIAN_POINT('Ctrl Pts',(-19.9754421971738,29.5852657407522,11.));
#7615=CARTESIAN_POINT('Ctrl Pts',(-19.9595453145662,29.804681006503,10.));
#7616=CARTESIAN_POINT('Ctrl Pts',(-19.9595453145662,29.804681006503,11.));
#7617=CARTESIAN_POINT('Ctrl Pts',(-19.9276747512302,30.2445715370308,10.));
#7618=CARTESIAN_POINT('Ctrl Pts',(-19.9276747512302,30.2445715370308,11.));
#7619=CARTESIAN_POINT('Ctrl Pts',(-19.7077634155501,30.6269188626648,10.));
#7620=CARTESIAN_POINT('Ctrl Pts',(-19.7077634155501,30.6269188626648,11.));
#7621=CARTESIAN_POINT('Ctrl Pts',(-19.5975427888334,30.8185531944036,10.));
#7622=CARTESIAN_POINT('Ctrl Pts',(-19.5975427888334,30.8185531944036,11.));
#7623=CARTESIAN_POINT('Ctrl Pts',(-19.5975427888334,30.8185531944036,10.));
#7624=CARTESIAN_POINT('Ctrl Pts',(-19.7077634155501,30.6269188626648,10.));
#7625=CARTESIAN_POINT('Ctrl Pts',(-19.9276747512302,30.2445715370308,10.));
#7626=CARTESIAN_POINT('Ctrl Pts',(-19.9595453145662,29.804681006503,10.));
#7627=CARTESIAN_POINT('Ctrl Pts',(-19.9754421971738,29.5852657407522,10.));
#7628=CARTESIAN_POINT('Ctrl Pts',(-19.9754421971738,29.5852657407522,11.));
#7629=CARTESIAN_POINT('Ctrl Pts',(-19.9595453145662,29.804681006503,11.));
#7630=CARTESIAN_POINT('Ctrl Pts',(-19.9276747512302,30.2445715370308,11.));
#7631=CARTESIAN_POINT('Ctrl Pts',(-19.7077634155501,30.6269188626648,11.));
#7632=CARTESIAN_POINT('Ctrl Pts',(-19.5975427888334,30.8185531944036,11.));
#7633=CARTESIAN_POINT('Ctrl Pts',(-20.6821267865598,30.3165074437857,10.));
#7634=CARTESIAN_POINT('Ctrl Pts',(-20.6821267865598,30.3165074437857,11.));
#7635=CARTESIAN_POINT('Ctrl Pts',(-20.7131520757237,30.1893411192644,10.));
#7636=CARTESIAN_POINT('Ctrl Pts',(-20.7131520757237,30.1893411192644,11.));
#7637=CARTESIAN_POINT('Ctrl Pts',(-20.7731149930805,29.9435653662144,10.));
#7638=CARTESIAN_POINT('Ctrl Pts',(-20.7731149930805,29.9435653662144,11.));
#7639=CARTESIAN_POINT('Ctrl Pts',(-20.7835183711551,29.6908521312698,10.));
#7640=CARTESIAN_POINT('Ctrl Pts',(-20.7835183711551,29.6908521312698,11.));
#7641=CARTESIAN_POINT('Ctrl Pts',(-20.7885389588773,29.5688947290182,10.));
#7642=CARTESIAN_POINT('Ctrl Pts',(-20.7885389588773,29.5688947290182,11.));
#7643=CARTESIAN_POINT('',(-20.7885389588773,29.5688947290182,10.));
#7644=CARTESIAN_POINT('',(-20.6821267865598,30.3165074437857,10.));
#7645=CARTESIAN_POINT('Ctrl Pts',(-20.7885389588773,29.5688947290182,10.));
#7646=CARTESIAN_POINT('Ctrl Pts',(-20.7835183711551,29.6908521312698,10.));
#7647=CARTESIAN_POINT('Ctrl Pts',(-20.7731149930805,29.9435653662144,10.));
#7648=CARTESIAN_POINT('Ctrl Pts',(-20.7131520757237,30.1893411192644,10.));
#7649=CARTESIAN_POINT('Ctrl Pts',(-20.6821267865598,30.3165074437857,10.));
#7650=CARTESIAN_POINT('',(-20.7885389588773,29.5688947290182,11.));
#7651=CARTESIAN_POINT('',(-20.7885389588773,29.5688947290182,10.));
#7652=CARTESIAN_POINT('',(-20.6821267865598,30.3165074437857,11.));
#7653=CARTESIAN_POINT('Ctrl Pts',(-20.6821267865598,30.3165074437857,11.));
#7654=CARTESIAN_POINT('Ctrl Pts',(-20.7131520757237,30.1893411192644,11.));
#7655=CARTESIAN_POINT('Ctrl Pts',(-20.7731149930805,29.9435653662144,11.));
#7656=CARTESIAN_POINT('Ctrl Pts',(-20.7835183711551,29.6908521312698,11.));
#7657=CARTESIAN_POINT('Ctrl Pts',(-20.7885389588773,29.5688947290182,11.));
#7658=CARTESIAN_POINT('',(-20.6821267865598,30.3165074437857,10.));
#7659=CARTESIAN_POINT('Ctrl Pts',(-20.2578430436552,31.230558976531,10.));
#7660=CARTESIAN_POINT('Ctrl Pts',(-20.2578430436552,31.230558976531,11.));
#7661=CARTESIAN_POINT('Ctrl Pts',(-20.3474850692516,31.0929774156564,10.));
#7662=CARTESIAN_POINT('Ctrl Pts',(-20.3474850692516,31.0929774156564,11.));
#7663=CARTESIAN_POINT('Ctrl Pts',(-20.5326660714609,30.8087637205867,10.));
#7664=CARTESIAN_POINT('Ctrl Pts',(-20.5326660714609,30.8087637205867,11.));
#7665=CARTESIAN_POINT('Ctrl Pts',(-20.6312599981528,30.4840397338427,10.));
#7666=CARTESIAN_POINT('Ctrl Pts',(-20.6312599981528,30.4840397338427,11.));
#7667=CARTESIAN_POINT('Ctrl Pts',(-20.6821267865598,30.3165074437857,10.));
#7668=CARTESIAN_POINT('Ctrl Pts',(-20.6821267865598,30.3165074437857,11.));
#7669=CARTESIAN_POINT('',(-20.2578430436552,31.230558976531,10.));
#7670=CARTESIAN_POINT('Ctrl Pts',(-20.6821267865598,30.3165074437857,10.));
#7671=CARTESIAN_POINT('Ctrl Pts',(-20.6312599981528,30.4840397338427,10.));
#7672=CARTESIAN_POINT('Ctrl Pts',(-20.5326660714609,30.8087637205867,10.));
#7673=CARTESIAN_POINT('Ctrl Pts',(-20.3474850692516,31.0929774156564,10.));
#7674=CARTESIAN_POINT('Ctrl Pts',(-20.2578430436552,31.230558976531,10.));
#7675=CARTESIAN_POINT('',(-20.2578430436552,31.230558976531,11.));
#7676=CARTESIAN_POINT('Ctrl Pts',(-20.2578430436552,31.230558976531,11.));
#7677=CARTESIAN_POINT('Ctrl Pts',(-20.3474850692516,31.0929774156564,11.));
#7678=CARTESIAN_POINT('Ctrl Pts',(-20.5326660714609,30.8087637205867,11.));
#7679=CARTESIAN_POINT('Ctrl Pts',(-20.6312599981528,30.4840397338427,11.));
#7680=CARTESIAN_POINT('Ctrl Pts',(-20.6821267865598,30.3165074437857,11.));
#7681=CARTESIAN_POINT('',(-20.2578430436552,31.230558976531,10.));
#7682=CARTESIAN_POINT('Ctrl Pts',(-19.5388798974454,31.8431099504232,10.));
#7683=CARTESIAN_POINT('Ctrl Pts',(-19.5388798974454,31.8431099504232,11.));
#7684=CARTESIAN_POINT('Ctrl Pts',(-19.677096781013,31.7615799702695,10.));
#7685=CARTESIAN_POINT('Ctrl Pts',(-19.677096781013,31.7615799702695,11.));
#7686=CARTESIAN_POINT('Ctrl Pts',(-19.952394077334,31.5991903798946,10.));
#7687=CARTESIAN_POINT('Ctrl Pts',(-19.952394077334,31.5991903798946,11.));
#7688=CARTESIAN_POINT('Ctrl Pts',(-20.1563073169245,31.3530974741631,10.));
#7689=CARTESIAN_POINT('Ctrl Pts',(-20.1563073169245,31.3530974741631,11.));
#7690=CARTESIAN_POINT('Ctrl Pts',(-20.2578430436552,31.230558976531,10.));
#7691=CARTESIAN_POINT('Ctrl Pts',(-20.2578430436552,31.230558976531,11.));
#7692=CARTESIAN_POINT('',(-19.5388798974454,31.8431099504232,10.));
#7693=CARTESIAN_POINT('Ctrl Pts',(-20.2578430436552,31.230558976531,10.));
#7694=CARTESIAN_POINT('Ctrl Pts',(-20.1563073169245,31.3530974741631,10.));
#7695=CARTESIAN_POINT('Ctrl Pts',(-19.952394077334,31.5991903798946,10.));
#7696=CARTESIAN_POINT('Ctrl Pts',(-19.677096781013,31.7615799702695,10.));
#7697=CARTESIAN_POINT('Ctrl Pts',(-19.5388798974454,31.8431099504232,10.));
#7698=CARTESIAN_POINT('',(-19.5388798974454,31.8431099504232,11.));
#7699=CARTESIAN_POINT('Ctrl Pts',(-19.5388798974454,31.8431099504232,11.));
#7700=CARTESIAN_POINT('Ctrl Pts',(-19.677096781013,31.7615799702695,11.));
#7701=CARTESIAN_POINT('Ctrl Pts',(-19.952394077334,31.5991903798946,11.));
#7702=CARTESIAN_POINT('Ctrl Pts',(-20.1563073169245,31.3530974741631,11.));
#7703=CARTESIAN_POINT('Ctrl Pts',(-20.2578430436552,31.230558976531,11.));
#7704=CARTESIAN_POINT('',(-19.5388798974454,31.8431099504232,10.));
#7705=CARTESIAN_POINT('Ctrl Pts',(-18.5511582158506,32.0682122558355,10.));
#7706=CARTESIAN_POINT('Ctrl Pts',(-18.5511582158506,32.0682122558355,11.));
#7707=CARTESIAN_POINT('Ctrl Pts',(-18.7282580724324,32.0601181312445,10.));
#7708=CARTESIAN_POINT('Ctrl Pts',(-18.7282580724324,32.0601181312445,11.));
#7709=CARTESIAN_POINT('Ctrl Pts',(-19.0712739488659,32.0444410251522,10.));
#7710=CARTESIAN_POINT('Ctrl Pts',(-19.0712739488659,32.0444410251522,11.));
#7711=CARTESIAN_POINT('Ctrl Pts',(-19.3864364793504,31.9087455508549,10.));
#7712=CARTESIAN_POINT('Ctrl Pts',(-19.3864364793504,31.9087455508549,11.));
#7713=CARTESIAN_POINT('Ctrl Pts',(-19.5388798974454,31.8431099504232,10.));
#7714=CARTESIAN_POINT('Ctrl Pts',(-19.5388798974454,31.8431099504232,11.));
#7715=CARTESIAN_POINT('',(-18.5511582158506,32.0682122558355,10.));
#7716=CARTESIAN_POINT('Ctrl Pts',(-19.5388798974454,31.8431099504232,10.));
#7717=CARTESIAN_POINT('Ctrl Pts',(-19.3864364793504,31.9087455508549,10.));
#7718=CARTESIAN_POINT('Ctrl Pts',(-19.0712739488659,32.0444410251522,10.));
#7719=CARTESIAN_POINT('Ctrl Pts',(-18.7282580724324,32.0601181312445,10.));
#7720=CARTESIAN_POINT('Ctrl Pts',(-18.5511582158506,32.0682122558355,10.));
#7721=CARTESIAN_POINT('',(-18.5511582158506,32.0682122558355,11.));
#7722=CARTESIAN_POINT('Ctrl Pts',(-18.5511582158506,32.0682122558355,11.));
#7723=CARTESIAN_POINT('Ctrl Pts',(-18.7282580724324,32.0601181312445,11.));
#7724=CARTESIAN_POINT('Ctrl Pts',(-19.0712739488659,32.0444410251522,11.));
#7725=CARTESIAN_POINT('Ctrl Pts',(-19.3864364793504,31.9087455508549,11.));
#7726=CARTESIAN_POINT('Ctrl Pts',(-19.5388798974454,31.8431099504232,11.));
#7727=CARTESIAN_POINT('',(-18.5511582158506,32.0682122558355,10.));
#7728=CARTESIAN_POINT('Ctrl Pts',(-17.3519771359861,31.6070937365294,10.));
#7729=CARTESIAN_POINT('Ctrl Pts',(-17.3519771359861,31.6070937365294,11.));
#7730=CARTESIAN_POINT('Ctrl Pts',(-17.5205395047882,31.741534456887,10.));
#7731=CARTESIAN_POINT('Ctrl Pts',(-17.5205395047882,31.741534456887,11.));
#7732=CARTESIAN_POINT('Ctrl Pts',(-17.8708167453795,32.0209059731076,10.));
#7733=CARTESIAN_POINT('Ctrl Pts',(-17.8708167453795,32.0209059731076,11.));
#7734=CARTESIAN_POINT('Ctrl Pts',(-18.3187710052088,32.0520536420128,10.));
#7735=CARTESIAN_POINT('Ctrl Pts',(-18.3187710052088,32.0520536420128,11.));
#7736=CARTESIAN_POINT('Ctrl Pts',(-18.5511582158506,32.0682122558355,10.));
#7737=CARTESIAN_POINT('Ctrl Pts',(-18.5511582158506,32.0682122558355,11.));
#7738=CARTESIAN_POINT('',(-17.3519771359861,31.6070937365294,10.));
#7739=CARTESIAN_POINT('Ctrl Pts',(-18.5511582158506,32.0682122558355,10.));
#7740=CARTESIAN_POINT('Ctrl Pts',(-18.3187710052088,32.0520536420128,10.));
#7741=CARTESIAN_POINT('Ctrl Pts',(-17.8708167453795,32.0209059731076,10.));
#7742=CARTESIAN_POINT('Ctrl Pts',(-17.5205395047882,31.741534456887,10.));
#7743=CARTESIAN_POINT('Ctrl Pts',(-17.3519771359861,31.6070937365294,10.));
#7744=CARTESIAN_POINT('',(-17.3519771359861,31.6070937365294,11.));
#7745=CARTESIAN_POINT('Ctrl Pts',(-17.3519771359861,31.6070937365294,11.));
#7746=CARTESIAN_POINT('Ctrl Pts',(-17.5205395047882,31.741534456887,11.));
#7747=CARTESIAN_POINT('Ctrl Pts',(-17.8708167453795,32.0209059731076,11.));
#7748=CARTESIAN_POINT('Ctrl Pts',(-18.3187710052088,32.0520536420128,11.));
#7749=CARTESIAN_POINT('Ctrl Pts',(-18.5511582158506,32.0682122558355,11.));
#7750=CARTESIAN_POINT('',(-17.3519771359861,31.6070937365294,10.));
#7751=CARTESIAN_POINT('Ctrl Pts',(-16.8949513696134,30.3847201913595,10.));
#7752=CARTESIAN_POINT('Ctrl Pts',(-16.8949513696134,30.3847201913595,11.));
#7753=CARTESIAN_POINT('Ctrl Pts',(-16.9103652941955,30.6221731988622,10.));
#7754=CARTESIAN_POINT('Ctrl Pts',(-16.9103652941955,30.6221731988622,11.));
#7755=CARTESIAN_POINT('Ctrl Pts',(-16.9398790163953,31.0768349601567,10.));
#7756=CARTESIAN_POINT('Ctrl Pts',(-16.9398790163953,31.0768349601567,11.));
#7757=CARTESIAN_POINT('Ctrl Pts',(-17.2187500974625,31.4356665858852,10.));
#7758=CARTESIAN_POINT('Ctrl Pts',(-17.2187500974625,31.4356665858852,11.));
#7759=CARTESIAN_POINT('Ctrl Pts',(-17.3519771359861,31.6070937365294,10.));
#7760=CARTESIAN_POINT('Ctrl Pts',(-17.3519771359861,31.6070937365294,11.));
#7761=CARTESIAN_POINT('',(-16.8949513696134,30.3847201913595,10.));
#7762=CARTESIAN_POINT('Ctrl Pts',(-17.3519771359861,31.6070937365294,10.));
#7763=CARTESIAN_POINT('Ctrl Pts',(-17.2187500974625,31.4356665858852,10.));
#7764=CARTESIAN_POINT('Ctrl Pts',(-16.9398790163953,31.0768349601567,10.));
#7765=CARTESIAN_POINT('Ctrl Pts',(-16.9103652941955,30.6221731988622,10.));
#7766=CARTESIAN_POINT('Ctrl Pts',(-16.8949513696134,30.3847201913595,10.));
#7767=CARTESIAN_POINT('',(-16.8949513696134,30.3847201913595,11.));
#7768=CARTESIAN_POINT('Ctrl Pts',(-16.8949513696134,30.3847201913595,11.));
#7769=CARTESIAN_POINT('Ctrl Pts',(-16.9103652941955,30.6221731988622,11.));
#7770=CARTESIAN_POINT('Ctrl Pts',(-16.9398790163953,31.0768349601567,11.));
#7771=CARTESIAN_POINT('Ctrl Pts',(-17.2187500974625,31.4356665858852,11.));
#7772=CARTESIAN_POINT('Ctrl Pts',(-17.3519771359861,31.6070937365294,11.));
#7773=CARTESIAN_POINT('',(-16.8949513696134,30.3847201913595,10.));
#7774=CARTESIAN_POINT('Ctrl Pts',(-17.1923582814634,29.1596176475286,10.));
#7775=CARTESIAN_POINT('Ctrl Pts',(-17.1923582814634,29.1596176475286,11.));
#7776=CARTESIAN_POINT('Ctrl Pts',(-17.1056182921296,29.3574017842495,10.));
#7777=CARTESIAN_POINT('Ctrl Pts',(-17.1056182921296,29.3574017842495,11.));
#7778=CARTESIAN_POINT('Ctrl Pts',(-16.9341759536668,29.7483238395864,10.));
#7779=CARTESIAN_POINT('Ctrl Pts',(-16.9341759536668,29.7483238395864,11.));
#7780=CARTESIAN_POINT('Ctrl Pts',(-16.9079222199721,30.1742755927262,10.));
#7781=CARTESIAN_POINT('Ctrl Pts',(-16.9079222199721,30.1742755927262,11.));
#7782=CARTESIAN_POINT('Ctrl Pts',(-16.8949513696134,30.3847201913595,10.));
#7783=CARTESIAN_POINT('Ctrl Pts',(-16.8949513696134,30.3847201913595,11.));
#7784=CARTESIAN_POINT('',(-17.1923582814634,29.1596176475286,10.));
#7785=CARTESIAN_POINT('Ctrl Pts',(-16.8949513696134,30.3847201913595,10.));
#7786=CARTESIAN_POINT('Ctrl Pts',(-16.9079222199721,30.1742755927262,10.));
#7787=CARTESIAN_POINT('Ctrl Pts',(-16.9341759536668,29.7483238395864,10.));
#7788=CARTESIAN_POINT('Ctrl Pts',(-17.1056182921296,29.3574017842495,10.));
#7789=CARTESIAN_POINT('Ctrl Pts',(-17.1923582814634,29.1596176475286,10.));
#7790=CARTESIAN_POINT('',(-17.1923582814634,29.1596176475286,11.));
#7791=CARTESIAN_POINT('Ctrl Pts',(-17.1923582814634,29.1596176475286,11.));
#7792=CARTESIAN_POINT('Ctrl Pts',(-17.1056182921296,29.3574017842495,11.));
#7793=CARTESIAN_POINT('Ctrl Pts',(-16.9341759536668,29.7483238395864,11.));
#7794=CARTESIAN_POINT('Ctrl Pts',(-16.9079222199721,30.1742755927262,11.));
#7795=CARTESIAN_POINT('Ctrl Pts',(-16.8949513696134,30.3847201913595,11.));
#7796=CARTESIAN_POINT('',(-17.1923582814634,29.1596176475286,10.));
#7797=CARTESIAN_POINT('Ctrl Pts',(-17.9999988339841,28.2482942193747,10.));
#7798=CARTESIAN_POINT('Ctrl Pts',(-17.9999988339841,28.2482942193747,11.));
#7799=CARTESIAN_POINT('Ctrl Pts',(-17.837603651392,28.3684707327717,10.));
#7800=CARTESIAN_POINT('Ctrl Pts',(-17.837603651392,28.3684707327717,11.));
#7801=CARTESIAN_POINT('Ctrl Pts',(-17.5043517815778,28.6150854854883,10.));
#7802=CARTESIAN_POINT('Ctrl Pts',(-17.5043517815778,28.6150854854883,11.));
#7803=CARTESIAN_POINT('Ctrl Pts',(-17.2981017272358,28.9750602540992,10.));
#7804=CARTESIAN_POINT('Ctrl Pts',(-17.2981017272358,28.9750602540992,11.));
#7805=CARTESIAN_POINT('Ctrl Pts',(-17.1923582814634,29.1596176475286,10.));
#7806=CARTESIAN_POINT('Ctrl Pts',(-17.1923582814634,29.1596176475286,11.));
#7807=CARTESIAN_POINT('',(-17.9999988339841,28.2482942193747,10.));
#7808=CARTESIAN_POINT('Ctrl Pts',(-17.1923582814634,29.1596176475286,10.));
#7809=CARTESIAN_POINT('Ctrl Pts',(-17.2981017272358,28.9750602540992,10.));
#7810=CARTESIAN_POINT('Ctrl Pts',(-17.5043517815778,28.6150854854883,10.));
#7811=CARTESIAN_POINT('Ctrl Pts',(-17.837603651392,28.3684707327717,10.));
#7812=CARTESIAN_POINT('Ctrl Pts',(-17.9999988339841,28.2482942193747,10.));
#7813=CARTESIAN_POINT('',(-17.9999988339841,28.2482942193747,11.));
#7814=CARTESIAN_POINT('Ctrl Pts',(-17.9999988339841,28.2482942193747,11.));
#7815=CARTESIAN_POINT('Ctrl Pts',(-17.837603651392,28.3684707327717,11.));
#7816=CARTESIAN_POINT('Ctrl Pts',(-17.5043517815778,28.6150854854883,11.));
#7817=CARTESIAN_POINT('Ctrl Pts',(-17.2981017272358,28.9750602540992,11.));
#7818=CARTESIAN_POINT('Ctrl Pts',(-17.1923582814634,29.1596176475286,11.));
#7819=CARTESIAN_POINT('',(-17.9999988339841,28.2482942193747,10.));
#7820=CARTESIAN_POINT('Ctrl Pts',(-19.1541593335569,27.9290582984686,10.));
#7821=CARTESIAN_POINT('Ctrl Pts',(-19.1541593335569,27.9290582984686,11.));
#7822=CARTESIAN_POINT('Ctrl Pts',(-18.946668702698,27.9413815435386,10.));
#7823=CARTESIAN_POINT('Ctrl Pts',(-18.946668702698,27.9413815435386,11.));
#7824=CARTESIAN_POINT('Ctrl Pts',(-18.5389853579679,27.9655945971463,10.));
#7825=CARTESIAN_POINT('Ctrl Pts',(-18.5389853579679,27.9655945971463,11.));
#7826=CARTESIAN_POINT('Ctrl Pts',(-18.1775040563885,28.1551923381877,10.));
#7827=CARTESIAN_POINT('Ctrl Pts',(-18.1775040563885,28.1551923381877,11.));
#7828=CARTESIAN_POINT('Ctrl Pts',(-17.9999988339841,28.2482942193747,10.));
#7829=CARTESIAN_POINT('Ctrl Pts',(-17.9999988339841,28.2482942193747,11.));
#7830=CARTESIAN_POINT('',(-19.1541593335569,27.9290582984686,10.));
#7831=CARTESIAN_POINT('Ctrl Pts',(-17.9999988339841,28.2482942193747,10.));
#7832=CARTESIAN_POINT('Ctrl Pts',(-18.1775040563885,28.1551923381877,10.));
#7833=CARTESIAN_POINT('Ctrl Pts',(-18.5389853579679,27.9655945971463,10.));
#7834=CARTESIAN_POINT('Ctrl Pts',(-18.946668702698,27.9413815435386,10.));
#7835=CARTESIAN_POINT('Ctrl Pts',(-19.1541593335569,27.9290582984686,10.));
#7836=CARTESIAN_POINT('',(-19.1541593335569,27.9290582984686,11.));
#7837=CARTESIAN_POINT('Ctrl Pts',(-19.1541593335569,27.9290582984686,11.));
#7838=CARTESIAN_POINT('Ctrl Pts',(-18.946668702698,27.9413815435386,11.));
#7839=CARTESIAN_POINT('Ctrl Pts',(-18.5389853579679,27.9655945971463,11.));
#7840=CARTESIAN_POINT('Ctrl Pts',(-18.1775040563885,28.1551923381877,11.));
#7841=CARTESIAN_POINT('Ctrl Pts',(-17.9999988339841,28.2482942193747,11.));
#7842=CARTESIAN_POINT('',(-19.1541593335569,27.9290582984686,10.));
#7843=CARTESIAN_POINT('Ctrl Pts',(-20.0927679799497,28.1828101724386,10.));
#7844=CARTESIAN_POINT('Ctrl Pts',(-20.0927679799497,28.1828101724386,11.));
#7845=CARTESIAN_POINT('Ctrl Pts',(-19.9542747122845,28.1088581771907,10.));
#7846=CARTESIAN_POINT('Ctrl Pts',(-19.9542747122845,28.1088581771907,11.));
#7847=CARTESIAN_POINT('Ctrl Pts',(-19.661440553055,27.9524919456991,10.));
#7848=CARTESIAN_POINT('Ctrl Pts',(-19.661440553055,27.9524919456991,11.));
#7849=CARTESIAN_POINT('Ctrl Pts',(-19.3292456572509,27.9371463391581,10.));
#7850=CARTESIAN_POINT('Ctrl Pts',(-19.3292456572509,27.9371463391581,11.));
#7851=CARTESIAN_POINT('Ctrl Pts',(-19.1541593335569,27.9290582984686,10.));
#7852=CARTESIAN_POINT('Ctrl Pts',(-19.1541593335569,27.9290582984686,11.));
#7853=CARTESIAN_POINT('',(-20.0927679799497,28.1828101724386,10.));
#7854=CARTESIAN_POINT('Ctrl Pts',(-19.1541593335569,27.9290582984686,10.));
#7855=CARTESIAN_POINT('Ctrl Pts',(-19.3292456572509,27.9371463391581,10.));
#7856=CARTESIAN_POINT('Ctrl Pts',(-19.661440553055,27.9524919456991,10.));
#7857=CARTESIAN_POINT('Ctrl Pts',(-19.9542747122845,28.1088581771907,10.));
#7858=CARTESIAN_POINT('Ctrl Pts',(-20.0927679799497,28.1828101724386,10.));
#7859=CARTESIAN_POINT('',(-20.0927679799497,28.1828101724386,11.));
#7860=CARTESIAN_POINT('Ctrl Pts',(-20.0927679799497,28.1828101724386,11.));
#7861=CARTESIAN_POINT('Ctrl Pts',(-19.9542747122845,28.1088581771907,11.));
#7862=CARTESIAN_POINT('Ctrl Pts',(-19.661440553055,27.9524919456991,11.));
#7863=CARTESIAN_POINT('Ctrl Pts',(-19.3292456572509,27.9371463391581,11.));
#7864=CARTESIAN_POINT('Ctrl Pts',(-19.1541593335569,27.9290582984686,11.));
#7865=CARTESIAN_POINT('',(-20.0927679799497,28.1828101724386,10.));
#7866=CARTESIAN_POINT('Ctrl Pts',(-20.63028505072,28.8117321580648,10.));
#7867=CARTESIAN_POINT('Ctrl Pts',(-20.63028505072,28.8117321580648,11.));
#7868=CARTESIAN_POINT('Ctrl Pts',(-20.566504716869,28.69053681128,10.));
#7869=CARTESIAN_POINT('Ctrl Pts',(-20.566504716869,28.69053681128,11.));
#7870=CARTESIAN_POINT('Ctrl Pts',(-20.4349551541653,28.4405664221549,10.));
#7871=CARTESIAN_POINT('Ctrl Pts',(-20.4349551541653,28.4405664221549,11.));
#7872=CARTESIAN_POINT('Ctrl Pts',(-20.2091130608063,28.2704483832608,10.));
#7873=CARTESIAN_POINT('Ctrl Pts',(-20.2091130608063,28.2704483832608,11.));
#7874=CARTESIAN_POINT('Ctrl Pts',(-20.0927679799497,28.1828101724386,10.));
#7875=CARTESIAN_POINT('Ctrl Pts',(-20.0927679799497,28.1828101724386,11.));
#7876=CARTESIAN_POINT('',(-20.63028505072,28.8117321580648,10.));
#7877=CARTESIAN_POINT('Ctrl Pts',(-20.0927679799497,28.1828101724386,10.));
#7878=CARTESIAN_POINT('Ctrl Pts',(-20.2091130608063,28.2704483832608,10.));
#7879=CARTESIAN_POINT('Ctrl Pts',(-20.4349551541653,28.4405664221549,10.));
#7880=CARTESIAN_POINT('Ctrl Pts',(-20.566504716869,28.69053681128,10.));
#7881=CARTESIAN_POINT('Ctrl Pts',(-20.63028505072,28.8117321580648,10.));
#7882=CARTESIAN_POINT('',(-20.63028505072,28.8117321580648,11.));
#7883=CARTESIAN_POINT('Ctrl Pts',(-20.63028505072,28.8117321580648,11.));
#7884=CARTESIAN_POINT('Ctrl Pts',(-20.566504716869,28.69053681128,11.));
#7885=CARTESIAN_POINT('Ctrl Pts',(-20.4349551541653,28.4405664221549,11.));
#7886=CARTESIAN_POINT('Ctrl Pts',(-20.2091130608063,28.2704483832608,11.));
#7887=CARTESIAN_POINT('Ctrl Pts',(-20.0927679799497,28.1828101724386,11.));
#7888=CARTESIAN_POINT('',(-20.63028505072,28.8117321580648,10.));
#7889=CARTESIAN_POINT('Ctrl Pts',(-20.7885389588773,29.5688947290182,10.));
#7890=CARTESIAN_POINT('Ctrl Pts',(-20.7885389588773,29.5688947290182,11.));
#7891=CARTESIAN_POINT('Ctrl Pts',(-20.781521983779,29.4408534935109,10.));
#7892=CARTESIAN_POINT('Ctrl Pts',(-20.781521983779,29.4408534935109,11.));
#7893=CARTESIAN_POINT('Ctrl Pts',(-20.7672533931805,29.1804894557927,10.));
#7894=CARTESIAN_POINT('Ctrl Pts',(-20.7672533931805,29.1804894557927,11.));
#7895=CARTESIAN_POINT('Ctrl Pts',(-20.6764389653554,28.9359914762021,10.));
#7896=CARTESIAN_POINT('Ctrl Pts',(-20.6764389653554,28.9359914762021,11.));
#7897=CARTESIAN_POINT('Ctrl Pts',(-20.63028505072,28.8117321580648,10.));
#7898=CARTESIAN_POINT('Ctrl Pts',(-20.63028505072,28.8117321580648,11.));
#7899=CARTESIAN_POINT('Ctrl Pts',(-20.63028505072,28.8117321580648,10.));
#7900=CARTESIAN_POINT('Ctrl Pts',(-20.6764389653554,28.9359914762021,10.));
#7901=CARTESIAN_POINT('Ctrl Pts',(-20.7672533931805,29.1804894557927,10.));
#7902=CARTESIAN_POINT('Ctrl Pts',(-20.781521983779,29.4408534935109,10.));
#7903=CARTESIAN_POINT('Ctrl Pts',(-20.7885389588773,29.5688947290182,10.));
#7904=CARTESIAN_POINT('Ctrl Pts',(-20.7885389588773,29.5688947290182,11.));
#7905=CARTESIAN_POINT('Ctrl Pts',(-20.781521983779,29.4408534935109,11.));
#7906=CARTESIAN_POINT('Ctrl Pts',(-20.7672533931805,29.1804894557927,11.));
#7907=CARTESIAN_POINT('Ctrl Pts',(-20.6764389653554,28.9359914762021,11.));
#7908=CARTESIAN_POINT('Ctrl Pts',(-20.63028505072,28.8117321580648,11.));
#7909=CARTESIAN_POINT('Origin',(1.28522515296936E-6,29.9986354261637,11.));
#7910=CARTESIAN_POINT('Origin',(0.,0.,10.));
#7911=CARTESIAN_POINT('Origin',(-12.0654838345945,29.3369712680578,10.));
#7912=CARTESIAN_POINT('',(-12.8485672734678,29.2960431426764,10.));
#7913=CARTESIAN_POINT('',(-12.0654838345945,29.3369712680578,10.));
#7914=CARTESIAN_POINT('',(-6.81374137352633,29.6114553948414,10.));
#7915=CARTESIAN_POINT('',(-12.8485672734678,29.2960431426764,11.));
#7916=CARTESIAN_POINT('',(-12.8485672734678,29.2960431426764,10.));
#7917=CARTESIAN_POINT('',(-12.0654838345945,29.3369712680578,11.));
#7918=CARTESIAN_POINT('',(-12.8485672734678,29.2960431426764,11.));
#7919=CARTESIAN_POINT('',(-12.0654838345945,29.3369712680578,10.));
#7920=CARTESIAN_POINT('Ctrl Pts',(-11.9372432492673,28.8321962207556,10.));
#7921=CARTESIAN_POINT('Ctrl Pts',(-11.9372432492673,28.8321962207556,11.));
#7922=CARTESIAN_POINT('Ctrl Pts',(-11.9706531641457,28.8949198699793,10.));
#7923=CARTESIAN_POINT('Ctrl Pts',(-11.9706531641457,28.8949198699793,11.));
#7924=CARTESIAN_POINT('Ctrl Pts',(-12.0540683234799,29.051523178101,10.));
#7925=CARTESIAN_POINT('Ctrl Pts',(-12.0540683234799,29.051523178101,11.));
#7926=CARTESIAN_POINT('Ctrl Pts',(-12.0612053628791,29.2299868705275,10.));
#7927=CARTESIAN_POINT('Ctrl Pts',(-12.0612053628791,29.2299868705275,11.));
#7928=CARTESIAN_POINT('Ctrl Pts',(-12.0654838345945,29.3369712680578,10.));
#7929=CARTESIAN_POINT('Ctrl Pts',(-12.0654838345945,29.3369712680578,11.));
#7930=CARTESIAN_POINT('',(-11.9372432492673,28.8321962207556,10.));
#7931=CARTESIAN_POINT('Ctrl Pts',(-12.0654838345945,29.3369712680578,10.));
#7932=CARTESIAN_POINT('Ctrl Pts',(-12.0612053628791,29.2299868705275,10.));
#7933=CARTESIAN_POINT('Ctrl Pts',(-12.0540683234799,29.051523178101,10.));
#7934=CARTESIAN_POINT('Ctrl Pts',(-11.9706531641457,28.8949198699793,10.));
#7935=CARTESIAN_POINT('Ctrl Pts',(-11.9372432492673,28.8321962207556,10.));
#7936=CARTESIAN_POINT('',(-11.9372432492673,28.8321962207556,11.));
#7937=CARTESIAN_POINT('Ctrl Pts',(-11.9372432492673,28.8321962207556,11.));
#7938=CARTESIAN_POINT('Ctrl Pts',(-11.9706531641457,28.8949198699793,11.));
#7939=CARTESIAN_POINT('Ctrl Pts',(-12.0540683234799,29.051523178101,11.));
#7940=CARTESIAN_POINT('Ctrl Pts',(-12.0612053628791,29.2299868705275,11.));
#7941=CARTESIAN_POINT('Ctrl Pts',(-12.0654838345945,29.3369712680578,11.));
#7942=CARTESIAN_POINT('',(-11.9372432492673,28.8321962207556,10.));
#7943=CARTESIAN_POINT('Ctrl Pts',(-11.2714855931699,28.6193718761206,10.));
#7944=CARTESIAN_POINT('Ctrl Pts',(-11.2714855931699,28.6193718761206,11.));
#7945=CARTESIAN_POINT('Ctrl Pts',(-11.413577291541,28.621241952012,10.));
#7946=CARTESIAN_POINT('Ctrl Pts',(-11.413577291541,28.621241952012,11.));
#7947=CARTESIAN_POINT('Ctrl Pts',(-11.6596727358162,28.624480826363,10.));
#7948=CARTESIAN_POINT('Ctrl Pts',(-11.6596727358162,28.624480826363,11.));
#7949=CARTESIAN_POINT('Ctrl Pts',(-11.8547855516741,28.7704903393803,10.));
#7950=CARTESIAN_POINT('Ctrl Pts',(-11.8547855516741,28.7704903393803,11.));
#7951=CARTESIAN_POINT('Ctrl Pts',(-11.9372432492673,28.8321962207556,10.));
#7952=CARTESIAN_POINT('Ctrl Pts',(-11.9372432492673,28.8321962207556,11.));
#7953=CARTESIAN_POINT('',(-11.2714855931699,28.6193718761206,10.));
#7954=CARTESIAN_POINT('Ctrl Pts',(-11.9372432492673,28.8321962207556,10.));
#7955=CARTESIAN_POINT('Ctrl Pts',(-11.8547855516741,28.7704903393803,10.));
#7956=CARTESIAN_POINT('Ctrl Pts',(-11.6596727358162,28.624480826363,10.));
#7957=CARTESIAN_POINT('Ctrl Pts',(-11.413577291541,28.621241952012,10.));
#7958=CARTESIAN_POINT('Ctrl Pts',(-11.2714855931699,28.6193718761206,10.));
#7959=CARTESIAN_POINT('',(-11.2714855931699,28.6193718761206,11.));
#7960=CARTESIAN_POINT('Ctrl Pts',(-11.2714855931699,28.6193718761206,11.));
#7961=CARTESIAN_POINT('Ctrl Pts',(-11.413577291541,28.621241952012,11.));
#7962=CARTESIAN_POINT('Ctrl Pts',(-11.6596727358162,28.624480826363,11.));
#7963=CARTESIAN_POINT('Ctrl Pts',(-11.8547855516741,28.7704903393803,11.));
#7964=CARTESIAN_POINT('Ctrl Pts',(-11.9372432492673,28.8321962207556,11.));
#7965=CARTESIAN_POINT('',(-11.2714855931699,28.6193718761206,10.));
#7966=CARTESIAN_POINT('Ctrl Pts',(-10.6875841878355,28.7639834731817,10.));
#7967=CARTESIAN_POINT('Ctrl Pts',(-10.6875841878355,28.7639834731817,11.));
#7968=CARTESIAN_POINT('Ctrl Pts',(-10.7646694751851,28.7220339823238,10.));
#7969=CARTESIAN_POINT('Ctrl Pts',(-10.7646694751851,28.7220339823238,11.));
#7970=CARTESIAN_POINT('Ctrl Pts',(-10.9455546079528,28.6235970498784,10.));
#7971=CARTESIAN_POINT('Ctrl Pts',(-10.9455546079528,28.6235970498784,11.));
#7972=CARTESIAN_POINT('Ctrl Pts',(-11.1526469171776,28.6209124294217,10.));
#7973=CARTESIAN_POINT('Ctrl Pts',(-11.1526469171776,28.6209124294217,11.));
#7974=CARTESIAN_POINT('Ctrl Pts',(-11.2714855931699,28.6193718761206,10.));
#7975=CARTESIAN_POINT('Ctrl Pts',(-11.2714855931699,28.6193718761206,11.));
#7976=CARTESIAN_POINT('',(-10.6875841878355,28.7639834731817,10.));
#7977=CARTESIAN_POINT('Ctrl Pts',(-11.2714855931699,28.6193718761206,10.));
#7978=CARTESIAN_POINT('Ctrl Pts',(-11.1526469171776,28.6209124294217,10.));
#7979=CARTESIAN_POINT('Ctrl Pts',(-10.9455546079528,28.6235970498784,10.));
#7980=CARTESIAN_POINT('Ctrl Pts',(-10.7646694751851,28.7220339823238,10.));
#7981=CARTESIAN_POINT('Ctrl Pts',(-10.6875841878355,28.7639834731817,10.));
#7982=CARTESIAN_POINT('',(-10.6875841878355,28.7639834731817,11.));
#7983=CARTESIAN_POINT('Ctrl Pts',(-10.6875841878355,28.7639834731817,11.));
#7984=CARTESIAN_POINT('Ctrl Pts',(-10.7646694751851,28.7220339823238,11.));
#7985=CARTESIAN_POINT('Ctrl Pts',(-10.9455546079528,28.6235970498784,11.));
#7986=CARTESIAN_POINT('Ctrl Pts',(-11.1526469171776,28.6209124294217,11.));
#7987=CARTESIAN_POINT('Ctrl Pts',(-11.2714855931699,28.6193718761206,11.));
#7988=CARTESIAN_POINT('',(-10.6875841878355,28.7639834731817,10.));
#7989=CARTESIAN_POINT('Ctrl Pts',(-10.5075018666685,29.1132333129644,10.));
#7990=CARTESIAN_POINT('Ctrl Pts',(-10.5075018666685,29.1132333129644,11.));
#7991=CARTESIAN_POINT('Ctrl Pts',(-10.5160057748431,29.0467382916377,10.));
#7992=CARTESIAN_POINT('Ctrl Pts',(-10.5160057748431,29.0467382916377,11.));
#7993=CARTESIAN_POINT('Ctrl Pts',(-10.5336326748681,28.9089074179959,10.));
#7994=CARTESIAN_POINT('Ctrl Pts',(-10.5336326748681,28.9089074179959,11.));
#7995=CARTESIAN_POINT('Ctrl Pts',(-10.6350793625939,28.8134094661397,10.));
#7996=CARTESIAN_POINT('Ctrl Pts',(-10.6350793625939,28.8134094661397,11.));
#7997=CARTESIAN_POINT('Ctrl Pts',(-10.6875841878355,28.7639834731817,10.));
#7998=CARTESIAN_POINT('Ctrl Pts',(-10.6875841878355,28.7639834731817,11.));
#7999=CARTESIAN_POINT('',(-10.5075018666685,29.1132333129644,10.));
#8000=CARTESIAN_POINT('Ctrl Pts',(-10.6875841878355,28.7639834731817,10.));
#8001=CARTESIAN_POINT('Ctrl Pts',(-10.6350793625939,28.8134094661397,10.));
#8002=CARTESIAN_POINT('Ctrl Pts',(-10.5336326748681,28.9089074179959,10.));
#8003=CARTESIAN_POINT('Ctrl Pts',(-10.5160057748431,29.0467382916377,10.));
#8004=CARTESIAN_POINT('Ctrl Pts',(-10.5075018666685,29.1132333129644,10.));
#8005=CARTESIAN_POINT('',(-10.5075018666685,29.1132333129644,11.));
#8006=CARTESIAN_POINT('Ctrl Pts',(-10.5075018666685,29.1132333129644,11.));
#8007=CARTESIAN_POINT('Ctrl Pts',(-10.5160057748431,29.0467382916377,11.));
#8008=CARTESIAN_POINT('Ctrl Pts',(-10.5336326748681,28.9089074179959,11.));
#8009=CARTESIAN_POINT('Ctrl Pts',(-10.6350793625939,28.8134094661397,11.));
#8010=CARTESIAN_POINT('Ctrl Pts',(-10.6875841878355,28.7639834731817,11.));
#8011=CARTESIAN_POINT('',(-10.5075018666685,29.1132333129644,10.));
#8012=CARTESIAN_POINT('Ctrl Pts',(-10.6548421643674,29.4133695214987,10.));
#8013=CARTESIAN_POINT('Ctrl Pts',(-10.6548421643674,29.4133695214987,11.));
#8014=CARTESIAN_POINT('Ctrl Pts',(-10.6118746323894,29.370864817415,10.));
#8015=CARTESIAN_POINT('Ctrl Pts',(-10.6118746323894,29.370864817415,11.));
#8016=CARTESIAN_POINT('Ctrl Pts',(-10.5278391502004,29.2877345295315,10.));
#8017=CARTESIAN_POINT('Ctrl Pts',(-10.5278391502004,29.2877345295315,11.));
#8018=CARTESIAN_POINT('Ctrl Pts',(-10.5141780267985,29.1705171710989,10.));
#8019=CARTESIAN_POINT('Ctrl Pts',(-10.5141780267985,29.1705171710989,11.));
#8020=CARTESIAN_POINT('Ctrl Pts',(-10.5075018666685,29.1132333129644,10.));
#8021=CARTESIAN_POINT('Ctrl Pts',(-10.5075018666685,29.1132333129644,11.));
#8022=CARTESIAN_POINT('',(-10.6548421643674,29.4133695214987,10.));
#8023=CARTESIAN_POINT('Ctrl Pts',(-10.5075018666685,29.1132333129644,10.));
#8024=CARTESIAN_POINT('Ctrl Pts',(-10.5141780267985,29.1705171710989,10.));
#8025=CARTESIAN_POINT('Ctrl Pts',(-10.5278391502004,29.2877345295315,10.));
#8026=CARTESIAN_POINT('Ctrl Pts',(-10.6118746323894,29.370864817415,10.));
#8027=CARTESIAN_POINT('Ctrl Pts',(-10.6548421643674,29.4133695214987,10.));
#8028=CARTESIAN_POINT('',(-10.6548421643674,29.4133695214987,11.));
#8029=CARTESIAN_POINT('Ctrl Pts',(-10.6548421643674,29.4133695214987,11.));
#8030=CARTESIAN_POINT('Ctrl Pts',(-10.6118746323894,29.370864817415,11.));
#8031=CARTESIAN_POINT('Ctrl Pts',(-10.5278391502004,29.2877345295315,11.));
#8032=CARTESIAN_POINT('Ctrl Pts',(-10.5141780267985,29.1705171710989,11.));
#8033=CARTESIAN_POINT('Ctrl Pts',(-10.5075018666685,29.1132333129644,11.));
#8034=CARTESIAN_POINT('',(-10.6548421643674,29.4133695214987,10.));
#8035=CARTESIAN_POINT('Ctrl Pts',(-11.2237375043333,29.7053202241659,10.));
#8036=CARTESIAN_POINT('Ctrl Pts',(-11.2237375043333,29.7053202241659,11.));
#8037=CARTESIAN_POINT('Ctrl Pts',(-11.0964540025418,29.6517225630006,10.));
#8038=CARTESIAN_POINT('Ctrl Pts',(-11.0964540025418,29.6517225630006,11.));
#8039=CARTESIAN_POINT('Ctrl Pts',(-10.8992089674431,29.5686648814554,10.));
#8040=CARTESIAN_POINT('Ctrl Pts',(-10.8992089674431,29.5686648814554,11.));
#8041=CARTESIAN_POINT('Ctrl Pts',(-10.718823661284,29.4540298299742,10.));
#8042=CARTESIAN_POINT('Ctrl Pts',(-10.718823661284,29.4540298299742,11.));
#8043=CARTESIAN_POINT('Ctrl Pts',(-10.6548421643674,29.4133695214987,10.));
#8044=CARTESIAN_POINT('Ctrl Pts',(-10.6548421643674,29.4133695214987,11.));
#8045=CARTESIAN_POINT('',(-11.2237375043333,29.7053202241659,10.));
#8046=CARTESIAN_POINT('Ctrl Pts',(-10.6548421643674,29.4133695214987,10.));
#8047=CARTESIAN_POINT('Ctrl Pts',(-10.718823661284,29.4540298299742,10.));
#8048=CARTESIAN_POINT('Ctrl Pts',(-10.8992089674431,29.5686648814554,10.));
#8049=CARTESIAN_POINT('Ctrl Pts',(-11.0964540025418,29.6517225630006,10.));
#8050=CARTESIAN_POINT('Ctrl Pts',(-11.2237375043333,29.7053202241659,10.));
#8051=CARTESIAN_POINT('',(-11.2237375043333,29.7053202241659,11.));
#8052=CARTESIAN_POINT('Ctrl Pts',(-11.2237375043333,29.7053202241659,11.));
#8053=CARTESIAN_POINT('Ctrl Pts',(-11.0964540025418,29.6517225630006,11.));
#8054=CARTESIAN_POINT('Ctrl Pts',(-10.8992089674431,29.5686648814554,11.));
#8055=CARTESIAN_POINT('Ctrl Pts',(-10.718823661284,29.4540298299742,11.));
#8056=CARTESIAN_POINT('Ctrl Pts',(-10.6548421643674,29.4133695214987,11.));
#8057=CARTESIAN_POINT('',(-11.2237375043333,29.7053202241659,10.));
#8058=CARTESIAN_POINT('Ctrl Pts',(-11.9031374715269,30.0422921031713,10.));
#8059=CARTESIAN_POINT('Ctrl Pts',(-11.9031374715269,30.0422921031713,11.));
#8060=CARTESIAN_POINT('Ctrl Pts',(-11.8115123152979,29.9903305401959,10.));
#8061=CARTESIAN_POINT('Ctrl Pts',(-11.8115123152979,29.9903305401959,11.));
#8062=CARTESIAN_POINT('Ctrl Pts',(-11.5913527242804,29.8654757849724,10.));
#8063=CARTESIAN_POINT('Ctrl Pts',(-11.5913527242804,29.8654757849724,11.));
#8064=CARTESIAN_POINT('Ctrl Pts',(-11.3592466069235,29.7643562355771,10.));
#8065=CARTESIAN_POINT('Ctrl Pts',(-11.3592466069235,29.7643562355771,11.));
#8066=CARTESIAN_POINT('Ctrl Pts',(-11.2237375043333,29.7053202241659,10.));
#8067=CARTESIAN_POINT('Ctrl Pts',(-11.2237375043333,29.7053202241659,11.));
#8068=CARTESIAN_POINT('',(-11.9031374715269,30.0422921031713,10.));
#8069=CARTESIAN_POINT('Ctrl Pts',(-11.2237375043333,29.7053202241659,10.));
#8070=CARTESIAN_POINT('Ctrl Pts',(-11.3592466069235,29.7643562355771,10.));
#8071=CARTESIAN_POINT('Ctrl Pts',(-11.5913527242804,29.8654757849724,10.));
#8072=CARTESIAN_POINT('Ctrl Pts',(-11.8115123152979,29.9903305401959,10.));
#8073=CARTESIAN_POINT('Ctrl Pts',(-11.9031374715269,30.0422921031713,10.));
#8074=CARTESIAN_POINT('',(-11.9031374715269,30.0422921031713,11.));
#8075=CARTESIAN_POINT('Ctrl Pts',(-11.9031374715269,30.0422921031713,11.));
#8076=CARTESIAN_POINT('Ctrl Pts',(-11.8115123152979,29.9903305401959,11.));
#8077=CARTESIAN_POINT('Ctrl Pts',(-11.5913527242804,29.8654757849724,11.));
#8078=CARTESIAN_POINT('Ctrl Pts',(-11.3592466069235,29.7643562355771,11.));
#8079=CARTESIAN_POINT('Ctrl Pts',(-11.2237375043333,29.7053202241659,11.));
#8080=CARTESIAN_POINT('',(-11.9031374715269,30.0422921031713,10.));
#8081=CARTESIAN_POINT('Ctrl Pts',(-12.2401087544858,30.3929056972265,10.));
#8082=CARTESIAN_POINT('Ctrl Pts',(-12.2401087544858,30.3929056972265,11.));
#8083=CARTESIAN_POINT('Ctrl Pts',(-12.1951821771836,30.3242892358237,10.));
#8084=CARTESIAN_POINT('Ctrl Pts',(-12.1951821771836,30.3242892358237,11.));
#8085=CARTESIAN_POINT('Ctrl Pts',(-12.1048442996317,30.1863159945824,10.));
#8086=CARTESIAN_POINT('Ctrl Pts',(-12.1048442996317,30.1863159945824,11.));
#8087=CARTESIAN_POINT('Ctrl Pts',(-11.9706131607489,30.0904714901991,10.));
#8088=CARTESIAN_POINT('Ctrl Pts',(-11.9706131607489,30.0904714901991,11.));
#8089=CARTESIAN_POINT('Ctrl Pts',(-11.9031374715269,30.0422921031713,10.));
#8090=CARTESIAN_POINT('Ctrl Pts',(-11.9031374715269,30.0422921031713,11.));
#8091=CARTESIAN_POINT('',(-12.2401087544858,30.3929056972265,10.));
#8092=CARTESIAN_POINT('Ctrl Pts',(-11.9031374715269,30.0422921031713,10.));
#8093=CARTESIAN_POINT('Ctrl Pts',(-11.9706131607489,30.0904714901991,10.));
#8094=CARTESIAN_POINT('Ctrl Pts',(-12.1048442996317,30.1863159945824,10.));
#8095=CARTESIAN_POINT('Ctrl Pts',(-12.1951821771836,30.3242892358237,10.));
#8096=CARTESIAN_POINT('Ctrl Pts',(-12.2401087544858,30.3929056972265,10.));
#8097=CARTESIAN_POINT('',(-12.2401087544858,30.3929056972265,11.));
#8098=CARTESIAN_POINT('Ctrl Pts',(-12.2401087544858,30.3929056972265,11.));
#8099=CARTESIAN_POINT('Ctrl Pts',(-12.1951821771836,30.3242892358237,11.));
#8100=CARTESIAN_POINT('Ctrl Pts',(-12.1048442996317,30.1863159945824,11.));
#8101=CARTESIAN_POINT('Ctrl Pts',(-11.9706131607489,30.0904714901991,11.));
#8102=CARTESIAN_POINT('Ctrl Pts',(-11.9031374715269,30.0422921031713,11.));
#8103=CARTESIAN_POINT('',(-12.2401087544858,30.3929056972265,10.));
#8104=CARTESIAN_POINT('Ctrl Pts',(-12.3628919385374,30.8976807445288,10.));
#8105=CARTESIAN_POINT('Ctrl Pts',(-12.3628919385374,30.8976807445288,11.));
#8106=CARTESIAN_POINT('Ctrl Pts',(-12.3586515904429,30.8059211034566,10.));
#8107=CARTESIAN_POINT('Ctrl Pts',(-12.3586515904429,30.8059211034566,11.));
#8108=CARTESIAN_POINT('Ctrl Pts',(-12.3504991836378,30.629505888091,10.));
#8109=CARTESIAN_POINT('Ctrl Pts',(-12.3504991836378,30.629505888091,11.));
#8110=CARTESIAN_POINT('Ctrl Pts',(-12.2759042764152,30.4696263639152,10.));
#8111=CARTESIAN_POINT('Ctrl Pts',(-12.2759042764152,30.4696263639152,11.));
#8112=CARTESIAN_POINT('Ctrl Pts',(-12.2401087544858,30.3929056972265,10.));
#8113=CARTESIAN_POINT('Ctrl Pts',(-12.2401087544858,30.3929056972265,11.));
#8114=CARTESIAN_POINT('',(-12.3628919385374,30.8976807445288,10.));
#8115=CARTESIAN_POINT('Ctrl Pts',(-12.2401087544858,30.3929056972265,10.));
#8116=CARTESIAN_POINT('Ctrl Pts',(-12.2759042764152,30.4696263639152,10.));
#8117=CARTESIAN_POINT('Ctrl Pts',(-12.3504991836378,30.629505888091,10.));
#8118=CARTESIAN_POINT('Ctrl Pts',(-12.3586515904429,30.8059211034566,10.));
#8119=CARTESIAN_POINT('Ctrl Pts',(-12.3628919385374,30.8976807445288,10.));
#8120=CARTESIAN_POINT('',(-12.3628919385374,30.8976807445288,11.));
#8121=CARTESIAN_POINT('Ctrl Pts',(-12.3628919385374,30.8976807445288,11.));
#8122=CARTESIAN_POINT('Ctrl Pts',(-12.3586515904429,30.8059211034566,11.));
#8123=CARTESIAN_POINT('Ctrl Pts',(-12.3504991836378,30.629505888091,11.));
#8124=CARTESIAN_POINT('Ctrl Pts',(-12.2759042764152,30.4696263639152,11.));
#8125=CARTESIAN_POINT('Ctrl Pts',(-12.2401087544858,30.3929056972265,11.));
#8126=CARTESIAN_POINT('',(-12.3628919385374,30.8976807445288,10.));
#8127=CARTESIAN_POINT('Ctrl Pts',(-11.9972698949277,31.7353340238333,10.));
#8128=CARTESIAN_POINT('Ctrl Pts',(-11.9972698949277,31.7353340238333,11.));
#8129=CARTESIAN_POINT('Ctrl Pts',(-12.1039077178818,31.6167223403871,10.));
#8130=CARTESIAN_POINT('Ctrl Pts',(-12.1039077178818,31.6167223403871,11.));
#8131=CARTESIAN_POINT('Ctrl Pts',(-12.3184460026184,31.3780945588801,10.));
#8132=CARTESIAN_POINT('Ctrl Pts',(-12.3184460026184,31.3780945588801,11.));
#8133=CARTESIAN_POINT('Ctrl Pts',(-12.348018611241,31.0584457672651,10.));
#8134=CARTESIAN_POINT('Ctrl Pts',(-12.348018611241,31.0584457672651,11.));
#8135=CARTESIAN_POINT('Ctrl Pts',(-12.3628919385374,30.8976807445288,10.));
#8136=CARTESIAN_POINT('Ctrl Pts',(-12.3628919385374,30.8976807445288,11.));
#8137=CARTESIAN_POINT('',(-11.9972698949277,31.7353340238333,10.));
#8138=CARTESIAN_POINT('Ctrl Pts',(-12.3628919385374,30.8976807445288,10.));
#8139=CARTESIAN_POINT('Ctrl Pts',(-12.348018611241,31.0584457672651,10.));
#8140=CARTESIAN_POINT('Ctrl Pts',(-12.3184460026184,31.3780945588801,10.));
#8141=CARTESIAN_POINT('Ctrl Pts',(-12.1039077178818,31.6167223403871,10.));
#8142=CARTESIAN_POINT('Ctrl Pts',(-11.9972698949277,31.7353340238333,10.));
#8143=CARTESIAN_POINT('',(-11.9972698949277,31.7353340238333,11.));
#8144=CARTESIAN_POINT('Ctrl Pts',(-11.9972698949277,31.7353340238333,11.));
#8145=CARTESIAN_POINT('Ctrl Pts',(-12.1039077178818,31.6167223403871,11.));
#8146=CARTESIAN_POINT('Ctrl Pts',(-12.3184460026184,31.3780945588801,11.));
#8147=CARTESIAN_POINT('Ctrl Pts',(-12.348018611241,31.0584457672651,11.));
#8148=CARTESIAN_POINT('Ctrl Pts',(-12.3628919385374,30.8976807445288,11.));
#8149=CARTESIAN_POINT('',(-11.9972698949277,31.7353340238333,10.));
#8150=CARTESIAN_POINT('Ctrl Pts',(-10.9386079572141,32.0682125538588,10.));
#8151=CARTESIAN_POINT('Ctrl Pts',(-10.9386079572141,32.0682125538588,11.));
#8152=CARTESIAN_POINT('Ctrl Pts',(-11.1489393621089,32.0602565550313,10.));
#8153=CARTESIAN_POINT('Ctrl Pts',(-11.1489393621089,32.0602565550313,11.));
#8154=CARTESIAN_POINT('Ctrl Pts',(-11.5339975453959,32.0456913385041,10.));
#8155=CARTESIAN_POINT('Ctrl Pts',(-11.5339975453959,32.0456913385041,11.));
#8156=CARTESIAN_POINT('Ctrl Pts',(-11.8526677875238,31.8322064613854,10.));
#8157=CARTESIAN_POINT('Ctrl Pts',(-11.8526677875238,31.8322064613854,11.));
#8158=CARTESIAN_POINT('Ctrl Pts',(-11.9972698949277,31.7353340238333,10.));
#8159=CARTESIAN_POINT('Ctrl Pts',(-11.9972698949277,31.7353340238333,11.));
#8160=CARTESIAN_POINT('',(-10.9386079572141,32.0682125538588,10.));
#8161=CARTESIAN_POINT('Ctrl Pts',(-11.9972698949277,31.7353340238333,10.));
#8162=CARTESIAN_POINT('Ctrl Pts',(-11.8526677875238,31.8322064613854,10.));
#8163=CARTESIAN_POINT('Ctrl Pts',(-11.5339975453959,32.0456913385041,10.));
#8164=CARTESIAN_POINT('Ctrl Pts',(-11.1489393621089,32.0602565550313,10.));
#8165=CARTESIAN_POINT('Ctrl Pts',(-10.9386079572141,32.0682125538588,10.));
#8166=CARTESIAN_POINT('',(-10.9386079572141,32.0682125538588,11.));
#8167=CARTESIAN_POINT('Ctrl Pts',(-10.9386079572141,32.0682125538588,11.));
#8168=CARTESIAN_POINT('Ctrl Pts',(-11.1489393621089,32.0602565550313,11.));
#8169=CARTESIAN_POINT('Ctrl Pts',(-11.5339975453959,32.0456913385041,11.));
#8170=CARTESIAN_POINT('Ctrl Pts',(-11.8526677875238,31.8322064613854,11.));
#8171=CARTESIAN_POINT('Ctrl Pts',(-11.9972698949277,31.7353340238333,11.));
#8172=CARTESIAN_POINT('',(-10.9386079572141,32.0682125538588,10.));
#8173=CARTESIAN_POINT('Ctrl Pts',(-9.84856536611915,31.7380624264479,10.));
#8174=CARTESIAN_POINT('Ctrl Pts',(-9.84856536611915,31.7380624264479,11.));
#8175=CARTESIAN_POINT('Ctrl Pts',(-9.99940592168089,31.8341575218878,10.));
#8176=CARTESIAN_POINT('Ctrl Pts',(-9.99940592168089,31.8341575218878,11.));
#8177=CARTESIAN_POINT('Ctrl Pts',(-10.3304395132099,32.0450471228532,10.));
#8178=CARTESIAN_POINT('Ctrl Pts',(-10.3304395132099,32.0450471228532,11.));
#8179=CARTESIAN_POINT('Ctrl Pts',(-10.7242456521024,32.0600473896872,10.));
#8180=CARTESIAN_POINT('Ctrl Pts',(-10.7242456521024,32.0600473896872,11.));
#8181=CARTESIAN_POINT('Ctrl Pts',(-10.9386079572141,32.0682125538588,10.));
#8182=CARTESIAN_POINT('Ctrl Pts',(-10.9386079572141,32.0682125538588,11.));
#8183=CARTESIAN_POINT('',(-9.84856536611915,31.7380624264479,10.));
#8184=CARTESIAN_POINT('Ctrl Pts',(-10.9386079572141,32.0682125538588,10.));
#8185=CARTESIAN_POINT('Ctrl Pts',(-10.7242456521024,32.0600473896872,10.));
#8186=CARTESIAN_POINT('Ctrl Pts',(-10.3304395132099,32.0450471228532,10.));
#8187=CARTESIAN_POINT('Ctrl Pts',(-9.99940592168089,31.8341575218878,10.));
#8188=CARTESIAN_POINT('Ctrl Pts',(-9.84856536611915,31.7380624264479,10.));
#8189=CARTESIAN_POINT('',(-9.84856536611915,31.7380624264479,11.));
#8190=CARTESIAN_POINT('Ctrl Pts',(-9.84856536611915,31.7380624264479,11.));
#8191=CARTESIAN_POINT('Ctrl Pts',(-9.99940592168089,31.8341575218878,11.));
#8192=CARTESIAN_POINT('Ctrl Pts',(-10.3304395132099,32.0450471228532,11.));
#8193=CARTESIAN_POINT('Ctrl Pts',(-10.7242456521024,32.0600473896872,11.));
#8194=CARTESIAN_POINT('Ctrl Pts',(-10.9386079572141,32.0682125538588,11.));
#8195=CARTESIAN_POINT('',(-9.84856536611915,31.7380624264479,10.));
#8196=CARTESIAN_POINT('Ctrl Pts',(-9.42428281530738,30.8594813197851,10.));
#8197=CARTESIAN_POINT('Ctrl Pts',(-9.42428281530738,30.8594813197851,11.));
#8198=CARTESIAN_POINT('Ctrl Pts',(-9.45002996672838,31.031908617561,10.));
#8199=CARTESIAN_POINT('Ctrl Pts',(-9.45002996672838,31.031908617561,11.));
#8200=CARTESIAN_POINT('Ctrl Pts',(-9.50040443590233,31.3692637468539,10.));
#8201=CARTESIAN_POINT('Ctrl Pts',(-9.50040443590233,31.3692637468539,11.));
#8202=CARTESIAN_POINT('Ctrl Pts',(-9.73424449179159,31.6169650147545,10.));
#8203=CARTESIAN_POINT('Ctrl Pts',(-9.73424449179159,31.6169650147545,11.));
#8204=CARTESIAN_POINT('Ctrl Pts',(-9.84856536611915,31.7380624264479,10.));
#8205=CARTESIAN_POINT('Ctrl Pts',(-9.84856536611915,31.7380624264479,11.));
#8206=CARTESIAN_POINT('',(-9.42428281530738,30.8594813197851,10.));
#8207=CARTESIAN_POINT('Ctrl Pts',(-9.84856536611915,31.7380624264479,10.));
#8208=CARTESIAN_POINT('Ctrl Pts',(-9.73424449179159,31.6169650147545,10.));
#8209=CARTESIAN_POINT('Ctrl Pts',(-9.50040443590233,31.3692637468539,10.));
#8210=CARTESIAN_POINT('Ctrl Pts',(-9.45002996672838,31.031908617561,10.));
#8211=CARTESIAN_POINT('Ctrl Pts',(-9.42428281530738,30.8594813197851,10.));
#8212=CARTESIAN_POINT('',(-9.42428281530738,30.8594813197851,11.));
#8213=CARTESIAN_POINT('Ctrl Pts',(-9.42428281530738,30.8594813197851,11.));
#8214=CARTESIAN_POINT('Ctrl Pts',(-9.45002996672838,31.031908617561,11.));
#8215=CARTESIAN_POINT('Ctrl Pts',(-9.50040443590233,31.3692637468539,11.));
#8216=CARTESIAN_POINT('Ctrl Pts',(-9.73424449179159,31.6169650147545,11.));
#8217=CARTESIAN_POINT('Ctrl Pts',(-9.84856536611915,31.7380624264479,11.));
#8218=CARTESIAN_POINT('',(-9.42428281530738,30.8594813197851,10.));
#8219=CARTESIAN_POINT('Origin',(-10.2128236554563,30.8240105956793,10.));
#8220=CARTESIAN_POINT('',(-10.2128236554563,30.8240105956793,10.));
#8221=CARTESIAN_POINT('',(-5.80859770237721,31.0221247271578,10.));
#8222=CARTESIAN_POINT('',(-10.2128236554563,30.8240105956793,11.));
#8223=CARTESIAN_POINT('',(-9.42428281530738,30.8594813197851,11.));
#8224=CARTESIAN_POINT('',(-10.2128236554563,30.8240105956793,10.));
#8225=CARTESIAN_POINT('Ctrl Pts',(-10.4201905988157,31.2633012980223,10.));
#8226=CARTESIAN_POINT('Ctrl Pts',(-10.4201905988157,31.2633012980223,11.));
#8227=CARTESIAN_POINT('Ctrl Pts',(-10.366994817025,31.2043167017699,10.));
#8228=CARTESIAN_POINT('Ctrl Pts',(-10.366994817025,31.2043167017699,11.));
#8229=CARTESIAN_POINT('Ctrl Pts',(-10.2541130644381,31.0791510518544,10.));
#8230=CARTESIAN_POINT('Ctrl Pts',(-10.2541130644381,31.0791510518544,11.));
#8231=CARTESIAN_POINT('Ctrl Pts',(-10.2271044167155,30.9122559843166,10.));
#8232=CARTESIAN_POINT('Ctrl Pts',(-10.2271044167155,30.9122559843166,11.));
#8233=CARTESIAN_POINT('Ctrl Pts',(-10.2128236554563,30.8240105956793,10.));
#8234=CARTESIAN_POINT('Ctrl Pts',(-10.2128236554563,30.8240105956793,11.));
#8235=CARTESIAN_POINT('',(-10.4201905988157,31.2633012980223,10.));
#8236=CARTESIAN_POINT('Ctrl Pts',(-10.2128236554563,30.8240105956793,10.));
#8237=CARTESIAN_POINT('Ctrl Pts',(-10.2271044167155,30.9122559843166,10.));
#8238=CARTESIAN_POINT('Ctrl Pts',(-10.2541130644381,31.0791510518544,10.));
#8239=CARTESIAN_POINT('Ctrl Pts',(-10.366994817025,31.2043167017699,10.));
#8240=CARTESIAN_POINT('Ctrl Pts',(-10.4201905988157,31.2633012980223,10.));
#8241=CARTESIAN_POINT('',(-10.4201905988157,31.2633012980223,11.));
#8242=CARTESIAN_POINT('Ctrl Pts',(-10.4201905988157,31.2633012980223,11.));
#8243=CARTESIAN_POINT('Ctrl Pts',(-10.366994817025,31.2043167017699,11.));
#8244=CARTESIAN_POINT('Ctrl Pts',(-10.2541130644381,31.0791510518544,11.));
#8245=CARTESIAN_POINT('Ctrl Pts',(-10.2271044167155,30.9122559843166,11.));
#8246=CARTESIAN_POINT('Ctrl Pts',(-10.2128236554563,30.8240105956793,11.));
#8247=CARTESIAN_POINT('',(-10.4201905988157,31.2633012980223,10.));
#8248=CARTESIAN_POINT('Ctrl Pts',(-10.9440653584898,31.4160981029272,10.));
#8249=CARTESIAN_POINT('Ctrl Pts',(-10.9440653584898,31.4160981029272,11.));
#8250=CARTESIAN_POINT('Ctrl Pts',(-10.8396701141127,31.4129182248054,10.));
#8251=CARTESIAN_POINT('Ctrl Pts',(-10.8396701141127,31.4129182248054,11.));
#8252=CARTESIAN_POINT('Ctrl Pts',(-10.6509248758546,31.4071690466955,10.));
#8253=CARTESIAN_POINT('Ctrl Pts',(-10.6509248758546,31.4071690466955,11.));
#8254=CARTESIAN_POINT('Ctrl Pts',(-10.491456708824,31.3077372393795,10.));
#8255=CARTESIAN_POINT('Ctrl Pts',(-10.491456708824,31.3077372393795,11.));
#8256=CARTESIAN_POINT('Ctrl Pts',(-10.4201905988157,31.2633012980223,10.));
#8257=CARTESIAN_POINT('Ctrl Pts',(-10.4201905988157,31.2633012980223,11.));
#8258=CARTESIAN_POINT('',(-10.9440653584898,31.4160981029272,10.));
#8259=CARTESIAN_POINT('Ctrl Pts',(-10.4201905988157,31.2633012980223,10.));
#8260=CARTESIAN_POINT('Ctrl Pts',(-10.491456708824,31.3077372393795,10.));
#8261=CARTESIAN_POINT('Ctrl Pts',(-10.6509248758546,31.4071690466955,10.));
#8262=CARTESIAN_POINT('Ctrl Pts',(-10.8396701141127,31.4129182248054,10.));
#8263=CARTESIAN_POINT('Ctrl Pts',(-10.9440653584898,31.4160981029272,10.));
#8264=CARTESIAN_POINT('',(-10.9440653584898,31.4160981029272,11.));
#8265=CARTESIAN_POINT('Ctrl Pts',(-10.9440653584898,31.4160981029272,11.));
#8266=CARTESIAN_POINT('Ctrl Pts',(-10.8396701141127,31.4129182248054,11.));
#8267=CARTESIAN_POINT('Ctrl Pts',(-10.6509248758546,31.4071690466955,11.));
#8268=CARTESIAN_POINT('Ctrl Pts',(-10.491456708824,31.3077372393795,11.));
#8269=CARTESIAN_POINT('Ctrl Pts',(-10.4201905988157,31.2633012980223,11.));
#8270=CARTESIAN_POINT('',(-10.9440653584898,31.4160981029272,10.));
#8271=CARTESIAN_POINT('Ctrl Pts',(-11.4311044476926,31.2960433214903,10.));
#8272=CARTESIAN_POINT('Ctrl Pts',(-11.4311044476926,31.2960433214903,11.));
#8273=CARTESIAN_POINT('Ctrl Pts',(-11.3675029577902,31.3308488896715,10.));
#8274=CARTESIAN_POINT('Ctrl Pts',(-11.3675029577902,31.3308488896715,11.));
#8275=CARTESIAN_POINT('Ctrl Pts',(-11.2168006899769,31.413319883126,10.));
#8276=CARTESIAN_POINT('Ctrl Pts',(-11.2168006899769,31.413319883126,11.));
#8277=CARTESIAN_POINT('Ctrl Pts',(-11.0439608811226,31.4150805166925,10.));
#8278=CARTESIAN_POINT('Ctrl Pts',(-11.0439608811226,31.4150805166925,11.));
#8279=CARTESIAN_POINT('Ctrl Pts',(-10.9440653584898,31.4160981029272,10.));
#8280=CARTESIAN_POINT('Ctrl Pts',(-10.9440653584898,31.4160981029272,11.));
#8281=CARTESIAN_POINT('',(-11.4311044476926,31.2960433214903,10.));
#8282=CARTESIAN_POINT('Ctrl Pts',(-10.9440653584898,31.4160981029272,10.));
#8283=CARTESIAN_POINT('Ctrl Pts',(-11.0439608811226,31.4150805166925,10.));
#8284=CARTESIAN_POINT('Ctrl Pts',(-11.2168006899769,31.413319883126,10.));
#8285=CARTESIAN_POINT('Ctrl Pts',(-11.3675029577902,31.3308488896715,10.));
#8286=CARTESIAN_POINT('Ctrl Pts',(-11.4311044476926,31.2960433214903,10.));
#8287=CARTESIAN_POINT('',(-11.4311044476926,31.2960433214903,11.));
#8288=CARTESIAN_POINT('Ctrl Pts',(-11.4311044476926,31.2960433214903,11.));
#8289=CARTESIAN_POINT('Ctrl Pts',(-11.3675029577902,31.3308488896715,11.));
#8290=CARTESIAN_POINT('Ctrl Pts',(-11.2168006899769,31.413319883126,11.));
#8291=CARTESIAN_POINT('Ctrl Pts',(-11.0439608811226,31.4150805166925,11.));
#8292=CARTESIAN_POINT('Ctrl Pts',(-10.9440653584898,31.4160981029272,11.));
#8293=CARTESIAN_POINT('',(-11.4311044476926,31.2960433214903,10.));
#8294=CARTESIAN_POINT('Ctrl Pts',(-11.5770809911191,30.993178114295,10.));
#8295=CARTESIAN_POINT('Ctrl Pts',(-11.5770809911191,30.993178114295,11.));
#8296=CARTESIAN_POINT('Ctrl Pts',(-11.5707680723751,31.0516890870672,10.));
#8297=CARTESIAN_POINT('Ctrl Pts',(-11.5707680723751,31.0516890870672,11.));
#8298=CARTESIAN_POINT('Ctrl Pts',(-11.5580191875742,31.1698514904984,10.));
#8299=CARTESIAN_POINT('Ctrl Pts',(-11.5580191875742,31.1698514904984,11.));
#8300=CARTESIAN_POINT('Ctrl Pts',(-11.4736806951729,31.2537095891648,10.));
#8301=CARTESIAN_POINT('Ctrl Pts',(-11.4736806951729,31.2537095891648,11.));
#8302=CARTESIAN_POINT('Ctrl Pts',(-11.4311044476926,31.2960433214903,10.));
#8303=CARTESIAN_POINT('Ctrl Pts',(-11.4311044476926,31.2960433214903,11.));
#8304=CARTESIAN_POINT('',(-11.5770809911191,30.993178114295,10.));
#8305=CARTESIAN_POINT('Ctrl Pts',(-11.4311044476926,31.2960433214903,10.));
#8306=CARTESIAN_POINT('Ctrl Pts',(-11.4736806951729,31.2537095891648,10.));
#8307=CARTESIAN_POINT('Ctrl Pts',(-11.5580191875742,31.1698514904984,10.));
#8308=CARTESIAN_POINT('Ctrl Pts',(-11.5707680723751,31.0516890870672,10.));
#8309=CARTESIAN_POINT('Ctrl Pts',(-11.5770809911191,30.993178114295,10.));
#8310=CARTESIAN_POINT('',(-11.5770809911191,30.993178114295,11.));
#8311=CARTESIAN_POINT('Ctrl Pts',(-11.5770809911191,30.993178114295,11.));
#8312=CARTESIAN_POINT('Ctrl Pts',(-11.5707680723751,31.0516890870672,11.));
#8313=CARTESIAN_POINT('Ctrl Pts',(-11.5580191875742,31.1698514904984,11.));
#8314=CARTESIAN_POINT('Ctrl Pts',(-11.4736806951729,31.2537095891648,11.));
#8315=CARTESIAN_POINT('Ctrl Pts',(-11.4311044476926,31.2960433214903,11.));
#8316=CARTESIAN_POINT('',(-11.5770809911191,30.993178114295,10.));
#8317=CARTESIAN_POINT('Ctrl Pts',(-11.4433830045164,30.7094135135412,10.));
#8318=CARTESIAN_POINT('Ctrl Pts',(-11.4433830045164,30.7094135135412,11.));
#8319=CARTESIAN_POINT('Ctrl Pts',(-11.4823783652789,30.7490871774435,10.));
#8320=CARTESIAN_POINT('Ctrl Pts',(-11.4823783652789,30.7490871774435,11.));
#8321=CARTESIAN_POINT('Ctrl Pts',(-11.5600539272336,30.8281138636482,10.));
#8322=CARTESIAN_POINT('Ctrl Pts',(-11.5600539272336,30.8281138636482,11.));
#8323=CARTESIAN_POINT('Ctrl Pts',(-11.5714206762452,30.9383057276423,10.));
#8324=CARTESIAN_POINT('Ctrl Pts',(-11.5714206762452,30.9383057276423,11.));
#8325=CARTESIAN_POINT('Ctrl Pts',(-11.5770809911191,30.993178114295,10.));
#8326=CARTESIAN_POINT('Ctrl Pts',(-11.5770809911191,30.993178114295,11.));
#8327=CARTESIAN_POINT('',(-11.4433830045164,30.7094135135412,10.));
#8328=CARTESIAN_POINT('Ctrl Pts',(-11.5770809911191,30.993178114295,10.));
#8329=CARTESIAN_POINT('Ctrl Pts',(-11.5714206762452,30.9383057276423,10.));
#8330=CARTESIAN_POINT('Ctrl Pts',(-11.5600539272336,30.8281138636482,10.));
#8331=CARTESIAN_POINT('Ctrl Pts',(-11.4823783652789,30.7490871774435,10.));
#8332=CARTESIAN_POINT('Ctrl Pts',(-11.4433830045164,30.7094135135412,10.));
#8333=CARTESIAN_POINT('',(-11.4433830045164,30.7094135135412,11.));
#8334=CARTESIAN_POINT('Ctrl Pts',(-11.4433830045164,30.7094135135412,11.));
#8335=CARTESIAN_POINT('Ctrl Pts',(-11.4823783652789,30.7490871774435,11.));
#8336=CARTESIAN_POINT('Ctrl Pts',(-11.5600539272336,30.8281138636482,11.));
#8337=CARTESIAN_POINT('Ctrl Pts',(-11.5714206762452,30.9383057276423,11.));
#8338=CARTESIAN_POINT('Ctrl Pts',(-11.5770809911191,30.993178114295,11.));
#8339=CARTESIAN_POINT('',(-11.4433830045164,30.7094135135412,10.));
#8340=CARTESIAN_POINT('Ctrl Pts',(-10.8512966893613,30.3956343978643,10.));
#8341=CARTESIAN_POINT('Ctrl Pts',(-10.8512966893613,30.3956343978643,11.));
#8342=CARTESIAN_POINT('Ctrl Pts',(-10.9795803623286,30.4503454926664,10.));
#8343=CARTESIAN_POINT('Ctrl Pts',(-10.9795803623286,30.4503454926664,11.));
#8344=CARTESIAN_POINT('Ctrl Pts',(-11.1860289128461,30.5383927550956,10.));
#8345=CARTESIAN_POINT('Ctrl Pts',(-11.1860289128461,30.5383927550956,11.));
#8346=CARTESIAN_POINT('Ctrl Pts',(-11.3727045014006,30.6624451862447,10.));
#8347=CARTESIAN_POINT('Ctrl Pts',(-11.3727045014006,30.6624451862447,11.));
#8348=CARTESIAN_POINT('Ctrl Pts',(-11.4433830045164,30.7094135135412,10.));
#8349=CARTESIAN_POINT('Ctrl Pts',(-11.4433830045164,30.7094135135412,11.));
#8350=CARTESIAN_POINT('',(-10.8512966893613,30.3956343978643,10.));
#8351=CARTESIAN_POINT('Ctrl Pts',(-11.4433830045164,30.7094135135412,10.));
#8352=CARTESIAN_POINT('Ctrl Pts',(-11.3727045014006,30.6624451862447,10.));
#8353=CARTESIAN_POINT('Ctrl Pts',(-11.1860289128461,30.5383927550956,10.));
#8354=CARTESIAN_POINT('Ctrl Pts',(-10.9795803623286,30.4503454926664,10.));
#8355=CARTESIAN_POINT('Ctrl Pts',(-10.8512966893613,30.3956343978643,10.));
#8356=CARTESIAN_POINT('',(-10.8512966893613,30.3956343978643,11.));
#8357=CARTESIAN_POINT('Ctrl Pts',(-10.8512966893613,30.3956343978643,11.));
#8358=CARTESIAN_POINT('Ctrl Pts',(-10.9795803623286,30.4503454926664,11.));
#8359=CARTESIAN_POINT('Ctrl Pts',(-11.1860289128461,30.5383927550956,11.));
#8360=CARTESIAN_POINT('Ctrl Pts',(-11.3727045014006,30.6624451862447,11.));
#8361=CARTESIAN_POINT('Ctrl Pts',(-11.4433830045164,30.7094135135412,11.));
#8362=CARTESIAN_POINT('',(-10.8512966893613,30.3956343978643,10.));
#8363=CARTESIAN_POINT('Ctrl Pts',(-9.97271468862891,29.9126871675253,10.));
#8364=CARTESIAN_POINT('Ctrl Pts',(-9.97271468862891,29.9126871675253,11.));
#8365=CARTESIAN_POINT('Ctrl Pts',(-10.0754972140231,29.9870078421631,10.));
#8366=CARTESIAN_POINT('Ctrl Pts',(-10.0754972140231,29.9870078421631,11.));
#8367=CARTESIAN_POINT('Ctrl Pts',(-10.3477517516233,30.1838714707813,10.));
#8368=CARTESIAN_POINT('Ctrl Pts',(-10.3477517516233,30.1838714707813,11.));
#8369=CARTESIAN_POINT('Ctrl Pts',(-10.6581075458243,30.3143898148092,10.));
#8370=CARTESIAN_POINT('Ctrl Pts',(-10.6581075458243,30.3143898148092,11.));
#8371=CARTESIAN_POINT('Ctrl Pts',(-10.8512966893613,30.3956343978643,10.));
#8372=CARTESIAN_POINT('Ctrl Pts',(-10.8512966893613,30.3956343978643,11.));
#8373=CARTESIAN_POINT('',(-9.97271468862891,29.9126871675253,10.));
#8374=CARTESIAN_POINT('Ctrl Pts',(-10.8512966893613,30.3956343978643,10.));
#8375=CARTESIAN_POINT('Ctrl Pts',(-10.6581075458243,30.3143898148092,10.));
#8376=CARTESIAN_POINT('Ctrl Pts',(-10.3477517516233,30.1838714707813,10.));
#8377=CARTESIAN_POINT('Ctrl Pts',(-10.0754972140231,29.9870078421631,10.));
#8378=CARTESIAN_POINT('Ctrl Pts',(-9.97271468862891,29.9126871675253,10.));
#8379=CARTESIAN_POINT('',(-9.97271468862891,29.9126871675253,11.));
#8380=CARTESIAN_POINT('Ctrl Pts',(-9.97271468862891,29.9126871675253,11.));
#8381=CARTESIAN_POINT('Ctrl Pts',(-10.0754972140231,29.9870078421631,11.));
#8382=CARTESIAN_POINT('Ctrl Pts',(-10.3477517516233,30.1838714707813,11.));
#8383=CARTESIAN_POINT('Ctrl Pts',(-10.6581075458243,30.3143898148092,11.));
#8384=CARTESIAN_POINT('Ctrl Pts',(-10.8512966893613,30.3956343978643,11.));
#8385=CARTESIAN_POINT('',(-9.97271468862891,29.9126871675253,10.));
#8386=CARTESIAN_POINT('Ctrl Pts',(-9.69167640432715,29.2114593833685,10.));
#8387=CARTESIAN_POINT('Ctrl Pts',(-9.69167640432715,29.2114593833685,11.));
#8388=CARTESIAN_POINT('Ctrl Pts',(-9.70215888776942,29.346556187672,10.));
#8389=CARTESIAN_POINT('Ctrl Pts',(-9.70215888776942,29.346556187672,11.));
#8390=CARTESIAN_POINT('Ctrl Pts',(-9.72260800535365,29.6101016014731,10.));
#8391=CARTESIAN_POINT('Ctrl Pts',(-9.72260800535365,29.6101016014731,11.));
#8392=CARTESIAN_POINT('Ctrl Pts',(-9.89075972558527,29.8135359231099,10.));
#8393=CARTESIAN_POINT('Ctrl Pts',(-9.89075972558527,29.8135359231099,11.));
#8394=CARTESIAN_POINT('Ctrl Pts',(-9.97271468862891,29.9126871675253,10.));
#8395=CARTESIAN_POINT('Ctrl Pts',(-9.97271468862891,29.9126871675253,11.));
#8396=CARTESIAN_POINT('',(-9.69167640432715,29.2114593833685,10.));
#8397=CARTESIAN_POINT('Ctrl Pts',(-9.97271468862891,29.9126871675253,10.));
#8398=CARTESIAN_POINT('Ctrl Pts',(-9.89075972558527,29.8135359231099,10.));
#8399=CARTESIAN_POINT('Ctrl Pts',(-9.72260800535365,29.6101016014731,10.));
#8400=CARTESIAN_POINT('Ctrl Pts',(-9.70215888776942,29.346556187672,10.));
#8401=CARTESIAN_POINT('Ctrl Pts',(-9.69167640432715,29.2114593833685,10.));
#8402=CARTESIAN_POINT('',(-9.69167640432715,29.2114593833685,11.));
#8403=CARTESIAN_POINT('Ctrl Pts',(-9.69167640432715,29.2114593833685,11.));
#8404=CARTESIAN_POINT('Ctrl Pts',(-9.70215888776942,29.346556187672,11.));
#8405=CARTESIAN_POINT('Ctrl Pts',(-9.72260800535365,29.6101016014731,11.));
#8406=CARTESIAN_POINT('Ctrl Pts',(-9.89075972558527,29.8135359231099,11.));
#8407=CARTESIAN_POINT('Ctrl Pts',(-9.97271468862891,29.9126871675253,11.));
#8408=CARTESIAN_POINT('',(-9.69167640432715,29.2114593833685,10.));
#8409=CARTESIAN_POINT('Ctrl Pts',(-10.1105039380491,28.306957706809,10.));
#8410=CARTESIAN_POINT('Ctrl Pts',(-10.1105039380491,28.306957706809,11.));
#8411=CARTESIAN_POINT('Ctrl Pts',(-9.98835617012259,28.4368667197652,10.));
#8412=CARTESIAN_POINT('Ctrl Pts',(-9.98835617012259,28.4368667197652,11.));
#8413=CARTESIAN_POINT('Ctrl Pts',(-9.74820257302037,28.6922796289574,10.));
#8414=CARTESIAN_POINT('Ctrl Pts',(-9.74820257302037,28.6922796289574,11.));
#8415=CARTESIAN_POINT('Ctrl Pts',(-9.71030056138506,29.0404008186192,10.));
#8416=CARTESIAN_POINT('Ctrl Pts',(-9.71030056138506,29.0404008186192,11.));
#8417=CARTESIAN_POINT('Ctrl Pts',(-9.69167640432715,29.2114593833685,10.));
#8418=CARTESIAN_POINT('Ctrl Pts',(-9.69167640432715,29.2114593833685,11.));
#8419=CARTESIAN_POINT('',(-10.1105039380491,28.306957706809,10.));
#8420=CARTESIAN_POINT('Ctrl Pts',(-9.69167640432715,29.2114593833685,10.));
#8421=CARTESIAN_POINT('Ctrl Pts',(-9.71030056138506,29.0404008186192,10.));
#8422=CARTESIAN_POINT('Ctrl Pts',(-9.74820257302037,28.6922796289574,10.));
#8423=CARTESIAN_POINT('Ctrl Pts',(-9.98835617012259,28.4368667197652,10.));
#8424=CARTESIAN_POINT('Ctrl Pts',(-10.1105039380491,28.306957706809,10.));
#8425=CARTESIAN_POINT('',(-10.1105039380491,28.306957706809,11.));
#8426=CARTESIAN_POINT('Ctrl Pts',(-10.1105039380491,28.306957706809,11.));
#8427=CARTESIAN_POINT('Ctrl Pts',(-9.98835617012259,28.4368667197652,11.));
#8428=CARTESIAN_POINT('Ctrl Pts',(-9.74820257302037,28.6922796289574,11.));
#8429=CARTESIAN_POINT('Ctrl Pts',(-9.71030056138506,29.0404008186192,11.));
#8430=CARTESIAN_POINT('Ctrl Pts',(-9.69167640432715,29.2114593833685,11.));
#8431=CARTESIAN_POINT('',(-10.1105039380491,28.306957706809,10.));
#8432=CARTESIAN_POINT('Ctrl Pts',(-11.2769429944456,27.9317869991064,10.));
#8433=CARTESIAN_POINT('Ctrl Pts',(-11.2769429944456,27.9317869991064,11.));
#8434=CARTESIAN_POINT('Ctrl Pts',(-11.0479959246879,27.9419150046346,10.));
#8435=CARTESIAN_POINT('Ctrl Pts',(-11.0479959246879,27.9419150046346,11.));
#8436=CARTESIAN_POINT('Ctrl Pts',(-10.6232730218268,27.9607036089731,10.));
#8437=CARTESIAN_POINT('Ctrl Pts',(-10.6232730218268,27.9607036089731,11.));
#8438=CARTESIAN_POINT('Ctrl Pts',(-10.2722895932772,28.1977098058219,10.));
#8439=CARTESIAN_POINT('Ctrl Pts',(-10.2722895932772,28.1977098058219,11.));
#8440=CARTESIAN_POINT('Ctrl Pts',(-10.1105039380491,28.306957706809,10.));
#8441=CARTESIAN_POINT('Ctrl Pts',(-10.1105039380491,28.306957706809,11.));
#8442=CARTESIAN_POINT('',(-11.2769429944456,27.9317869991064,10.));
#8443=CARTESIAN_POINT('Ctrl Pts',(-10.1105039380491,28.306957706809,10.));
#8444=CARTESIAN_POINT('Ctrl Pts',(-10.2722895932772,28.1977098058219,10.));
#8445=CARTESIAN_POINT('Ctrl Pts',(-10.6232730218268,27.9607036089731,10.));
#8446=CARTESIAN_POINT('Ctrl Pts',(-11.0479959246879,27.9419150046346,10.));
#8447=CARTESIAN_POINT('Ctrl Pts',(-11.2769429944456,27.9317869991064,10.));
#8448=CARTESIAN_POINT('',(-11.2769429944456,27.9317869991064,11.));
#8449=CARTESIAN_POINT('Ctrl Pts',(-11.2769429944456,27.9317869991064,11.));
#8450=CARTESIAN_POINT('Ctrl Pts',(-11.0479959246879,27.9419150046346,11.));
#8451=CARTESIAN_POINT('Ctrl Pts',(-10.6232730218268,27.9607036089731,11.));
#8452=CARTESIAN_POINT('Ctrl Pts',(-10.2722895932772,28.1977098058219,11.));
#8453=CARTESIAN_POINT('Ctrl Pts',(-10.1105039380491,28.306957706809,11.));
#8454=CARTESIAN_POINT('',(-11.2769429944456,27.9317869991064,10.));
#8455=CARTESIAN_POINT('Ctrl Pts',(-12.1705310605466,28.1050475686789,10.));
#8456=CARTESIAN_POINT('Ctrl Pts',(-12.1705310605466,28.1050475686789,11.));
#8457=CARTESIAN_POINT('Ctrl Pts',(-12.0345183148752,28.0545555023001,10.));
#8458=CARTESIAN_POINT('Ctrl Pts',(-12.0345183148752,28.0545555023001,11.));
#8459=CARTESIAN_POINT('Ctrl Pts',(-11.7464960576444,27.9476328836966,10.));
#8460=CARTESIAN_POINT('Ctrl Pts',(-11.7464960576444,27.9476328836966,11.));
#8461=CARTESIAN_POINT('Ctrl Pts',(-11.4391506731872,27.937260979277,10.));
#8462=CARTESIAN_POINT('Ctrl Pts',(-11.4391506731872,27.937260979277,11.));
#8463=CARTESIAN_POINT('Ctrl Pts',(-11.2769429944456,27.9317869991064,10.));
#8464=CARTESIAN_POINT('Ctrl Pts',(-11.2769429944456,27.9317869991064,11.));
#8465=CARTESIAN_POINT('',(-12.1705310605466,28.1050475686789,10.));
#8466=CARTESIAN_POINT('Ctrl Pts',(-11.2769429944456,27.9317869991064,10.));
#8467=CARTESIAN_POINT('Ctrl Pts',(-11.4391506731872,27.937260979277,10.));
#8468=CARTESIAN_POINT('Ctrl Pts',(-11.7464960576444,27.9476328836966,10.));
#8469=CARTESIAN_POINT('Ctrl Pts',(-12.0345183148752,28.0545555023001,10.));
#8470=CARTESIAN_POINT('Ctrl Pts',(-12.1705310605466,28.1050475686789,10.));
#8471=CARTESIAN_POINT('',(-12.1705310605466,28.1050475686789,11.));
#8472=CARTESIAN_POINT('Ctrl Pts',(-12.1705310605466,28.1050475686789,11.));
#8473=CARTESIAN_POINT('Ctrl Pts',(-12.0345183148752,28.0545555023001,11.));
#8474=CARTESIAN_POINT('Ctrl Pts',(-11.7464960576444,27.9476328836966,11.));
#8475=CARTESIAN_POINT('Ctrl Pts',(-11.4391506731872,27.937260979277,11.));
#8476=CARTESIAN_POINT('Ctrl Pts',(-11.2769429944456,27.9317869991064,11.));
#8477=CARTESIAN_POINT('',(-12.1705310605466,28.1050475686789,10.));
#8478=CARTESIAN_POINT('Ctrl Pts',(-12.7039568684995,28.5866298526525,10.));
#8479=CARTESIAN_POINT('Ctrl Pts',(-12.7039568684995,28.5866298526525,11.));
#8480=CARTESIAN_POINT('Ctrl Pts',(-12.6399372707624,28.4881961722764,10.));
#8481=CARTESIAN_POINT('Ctrl Pts',(-12.6399372707624,28.4881961722764,11.));
#8482=CARTESIAN_POINT('Ctrl Pts',(-12.5051094366562,28.2808909033066,10.));
#8483=CARTESIAN_POINT('Ctrl Pts',(-12.5051094366562,28.2808909033066,11.));
#8484=CARTESIAN_POINT('Ctrl Pts',(-12.285738984355,28.1655970451082,10.));
#8485=CARTESIAN_POINT('Ctrl Pts',(-12.285738984355,28.1655970451082,11.));
#8486=CARTESIAN_POINT('Ctrl Pts',(-12.1705310605466,28.1050475686789,10.));
#8487=CARTESIAN_POINT('Ctrl Pts',(-12.1705310605466,28.1050475686789,11.));
#8488=CARTESIAN_POINT('',(-12.7039568684995,28.5866298526525,10.));
#8489=CARTESIAN_POINT('Ctrl Pts',(-12.1705310605466,28.1050475686789,10.));
#8490=CARTESIAN_POINT('Ctrl Pts',(-12.285738984355,28.1655970451082,10.));
#8491=CARTESIAN_POINT('Ctrl Pts',(-12.5051094366562,28.2808909033066,10.));
#8492=CARTESIAN_POINT('Ctrl Pts',(-12.6399372707624,28.4881961722764,10.));
#8493=CARTESIAN_POINT('Ctrl Pts',(-12.7039568684995,28.5866298526525,10.));
#8494=CARTESIAN_POINT('',(-12.7039568684995,28.5866298526525,11.));
#8495=CARTESIAN_POINT('Ctrl Pts',(-12.7039568684995,28.5866298526525,11.));
#8496=CARTESIAN_POINT('Ctrl Pts',(-12.6399372707624,28.4881961722764,11.));
#8497=CARTESIAN_POINT('Ctrl Pts',(-12.5051094366562,28.2808909033066,11.));
#8498=CARTESIAN_POINT('Ctrl Pts',(-12.285738984355,28.1655970451082,11.));
#8499=CARTESIAN_POINT('Ctrl Pts',(-12.1705310605466,28.1050475686789,11.));
#8500=CARTESIAN_POINT('',(-12.7039568684995,28.5866298526525,10.));
#8501=CARTESIAN_POINT('Ctrl Pts',(-12.8485672734678,29.2960431426764,10.));
#8502=CARTESIAN_POINT('Ctrl Pts',(-12.8485672734678,29.2960431426764,11.));
#8503=CARTESIAN_POINT('Ctrl Pts',(-12.8463478927704,29.1684027409588,10.));
#8504=CARTESIAN_POINT('Ctrl Pts',(-12.8463478927704,29.1684027409588,11.));
#8505=CARTESIAN_POINT('Ctrl Pts',(-12.8420765549583,28.9227507557681,10.));
#8506=CARTESIAN_POINT('Ctrl Pts',(-12.8420765549583,28.9227507557681,11.));
#8507=CARTESIAN_POINT('Ctrl Pts',(-12.7487777532742,28.6957036324673,10.));
#8508=CARTESIAN_POINT('Ctrl Pts',(-12.7487777532742,28.6957036324673,11.));
#8509=CARTESIAN_POINT('Ctrl Pts',(-12.7039568684995,28.5866298526525,10.));
#8510=CARTESIAN_POINT('Ctrl Pts',(-12.7039568684995,28.5866298526525,11.));
#8511=CARTESIAN_POINT('Ctrl Pts',(-12.7039568684995,28.5866298526525,10.));
#8512=CARTESIAN_POINT('Ctrl Pts',(-12.7487777532742,28.6957036324673,10.));
#8513=CARTESIAN_POINT('Ctrl Pts',(-12.8420765549583,28.9227507557681,10.));
#8514=CARTESIAN_POINT('Ctrl Pts',(-12.8463478927704,29.1684027409588,10.));
#8515=CARTESIAN_POINT('Ctrl Pts',(-12.8485672734678,29.2960431426764,10.));
#8516=CARTESIAN_POINT('Ctrl Pts',(-12.8485672734678,29.2960431426764,11.));
#8517=CARTESIAN_POINT('Ctrl Pts',(-12.8463478927704,29.1684027409588,11.));
#8518=CARTESIAN_POINT('Ctrl Pts',(-12.8420765549583,28.9227507557681,11.));
#8519=CARTESIAN_POINT('Ctrl Pts',(-12.7487777532742,28.6957036324673,11.));
#8520=CARTESIAN_POINT('Ctrl Pts',(-12.7039568684995,28.5866298526525,11.));
#8521=CARTESIAN_POINT('Origin',(1.28522515296936E-6,29.9986354261637,11.));
#8522=CARTESIAN_POINT('Origin',(-3.08867385610938,27.9999997466803,10.));
#8523=CARTESIAN_POINT('',(-2.32196262106299,27.9999997466803,10.));
#8524=CARTESIAN_POINT('',(-3.08867385610938,27.9999997466803,10.));
#8525=CARTESIAN_POINT('',(-1.54433692805469,27.9999997466803,10.));
#8526=CARTESIAN_POINT('',(-2.32196262106299,27.9999997466803,11.));
#8527=CARTESIAN_POINT('',(-2.32196262106299,27.9999997466803,10.));
#8528=CARTESIAN_POINT('',(-3.08867385610938,27.9999997466803,11.));
#8529=CARTESIAN_POINT('',(-2.32196262106299,27.9999997466803,11.));
#8530=CARTESIAN_POINT('',(-3.08867385610938,27.9999997466803,10.));
#8531=CARTESIAN_POINT('Origin',(-4.16916539892554,30.6875851005316,10.));
#8532=CARTESIAN_POINT('',(-4.16916539892554,30.6875851005316,10.));
#8533=CARTESIAN_POINT('',(1.43124961528688,16.7572647127789,10.));
#8534=CARTESIAN_POINT('',(-4.16916539892554,30.6875851005316,11.));
#8535=CARTESIAN_POINT('',(-3.08867385610938,27.9999997466803,11.));
#8536=CARTESIAN_POINT('',(-4.16916539892554,30.6875851005316,10.));
#8537=CARTESIAN_POINT('Origin',(-4.73123958334327,27.9999997466803,10.));
#8538=CARTESIAN_POINT('',(-4.73123958334327,27.9999997466803,10.));
#8539=CARTESIAN_POINT('',(-7.43733240279379,15.0606838532601,10.));
#8540=CARTESIAN_POINT('',(-4.73123958334327,27.9999997466803,11.));
#8541=CARTESIAN_POINT('',(-4.16916539892554,30.6875851005316,11.));
#8542=CARTESIAN_POINT('',(-4.73123958334327,27.9999997466803,10.));
#8543=CARTESIAN_POINT('Origin',(-5.49795081838965,27.9999997466803,10.));
#8544=CARTESIAN_POINT('',(-5.49795081838965,27.9999997466803,10.));
#8545=CARTESIAN_POINT('',(-2.74897540919483,27.9999997466803,10.));
#8546=CARTESIAN_POINT('',(-5.49795081838965,27.9999997466803,11.));
#8547=CARTESIAN_POINT('',(-4.73123958334327,27.9999997466803,11.));
#8548=CARTESIAN_POINT('',(-5.49795081838965,27.9999997466803,10.));
#8549=CARTESIAN_POINT('Origin',(-4.66302564367652,31.9999998062849,10.));
#8550=CARTESIAN_POINT('',(-4.66302564367652,31.9999998062849,10.));
#8551=CARTESIAN_POINT('',(-7.76595443546005,17.1343379146699,10.));
#8552=CARTESIAN_POINT('',(-4.66302564367652,31.9999998062849,11.));
#8553=CARTESIAN_POINT('',(-5.49795081838965,27.9999997466803,11.));
#8554=CARTESIAN_POINT('',(-4.66302564367652,31.9999998062849,10.));
#8555=CARTESIAN_POINT('Origin',(-3.89358451589942,31.9999998062849,10.));
#8556=CARTESIAN_POINT('',(-3.89358451589942,31.9999998062849,10.));
#8557=CARTESIAN_POINT('',(-1.94679225794971,31.9999998062849,10.));
#8558=CARTESIAN_POINT('',(-3.89358451589942,31.9999998062849,11.));
#8559=CARTESIAN_POINT('',(-4.66302564367652,31.9999998062849,11.));
#8560=CARTESIAN_POINT('',(-3.89358451589942,31.9999998062849,10.));
#8561=CARTESIAN_POINT('Origin',(-2.81036546453834,29.3233283609152,10.));
#8562=CARTESIAN_POINT('',(-2.81036546453834,29.3233283609152,10.));
#8563=CARTESIAN_POINT('',(2.48580706363548,16.2363043115303,10.));
#8564=CARTESIAN_POINT('',(-2.81036546453834,29.3233283609152,11.));
#8565=CARTESIAN_POINT('',(-3.89358451589942,31.9999998062849,11.));
#8566=CARTESIAN_POINT('',(-2.81036546453834,29.3233283609152,10.));
#8567=CARTESIAN_POINT('Origin',(-2.25102117285132,31.9999998062849,10.));
#8568=CARTESIAN_POINT('',(-2.25102117285132,31.9999998062849,10.));
#8569=CARTESIAN_POINT('',(-5.40755235793407,16.8948185876701,10.));
#8570=CARTESIAN_POINT('',(-2.25102117285132,31.9999998062849,11.));
#8571=CARTESIAN_POINT('',(-2.81036546453834,29.3233283609152,11.));
#8572=CARTESIAN_POINT('',(-2.25102117285132,31.9999998062849,10.));
#8573=CARTESIAN_POINT('Origin',(-1.48703744634986,31.9999998062849,10.));
#8574=CARTESIAN_POINT('',(-1.48703744634986,31.9999998062849,10.));
#8575=CARTESIAN_POINT('',(-0.74351872317493,31.9999998062849,10.));
#8576=CARTESIAN_POINT('',(-1.48703744634986,31.9999998062849,11.));
#8577=CARTESIAN_POINT('',(-2.25102117285132,31.9999998062849,11.));
#8578=CARTESIAN_POINT('',(-1.48703744634986,31.9999998062849,10.));
#8579=CARTESIAN_POINT('Origin',(-2.32196262106299,27.9999997466803,10.));
#8580=CARTESIAN_POINT('',(-5.07372720824187,14.8167123742336,10.));
#8581=CARTESIAN_POINT('',(-1.48703744634986,31.9999998062849,11.));
#8582=CARTESIAN_POINT('Origin',(1.28522515296936E-6,29.9986354261637,11.));
#8583=CARTESIAN_POINT('Origin',(-0.57571342214942,29.3369712680578,10.));
#8584=CARTESIAN_POINT('',(-1.35879686102271,29.2960431426764,10.));
#8585=CARTESIAN_POINT('',(-0.57571342214942,29.3369712680578,10.));
#8586=CARTESIAN_POINT('',(-1.05320581015755,29.3120149640997,10.));
#8587=CARTESIAN_POINT('',(-1.35879686102271,29.2960431426764,11.));
#8588=CARTESIAN_POINT('',(-1.35879686102271,29.2960431426764,10.));
#8589=CARTESIAN_POINT('',(-0.57571342214942,29.3369712680578,11.));
#8590=CARTESIAN_POINT('',(-1.35879686102271,29.2960431426764,11.));
#8591=CARTESIAN_POINT('',(-0.57571342214942,29.3369712680578,10.));
#8592=CARTESIAN_POINT('Ctrl Pts',(-0.447475221008062,28.8321962207556,10.));
#8593=CARTESIAN_POINT('Ctrl Pts',(-0.447475221008062,28.8321962207556,11.));
#8594=CARTESIAN_POINT('Ctrl Pts',(-0.48088524284831,28.8949198558581,10.));
#8595=CARTESIAN_POINT('Ctrl Pts',(-0.48088524284831,28.8949198558581,11.));
#8596=CARTESIAN_POINT('Ctrl Pts',(-0.564300621085065,29.0515230383246,10.));
#8597=CARTESIAN_POINT('Ctrl Pts',(-0.564300621085065,29.0515230383246,11.));
#8598=CARTESIAN_POINT('Ctrl Pts',(-0.571435967177569,29.2299868439367,10.));
#8599=CARTESIAN_POINT('Ctrl Pts',(-0.571435967177569,29.2299868439367,11.));
#8600=CARTESIAN_POINT('Ctrl Pts',(-0.57571342214942,29.3369712680578,10.));
#8601=CARTESIAN_POINT('Ctrl Pts',(-0.57571342214942,29.3369712680578,11.));
#8602=CARTESIAN_POINT('',(-0.447475221008062,28.8321962207556,10.));
#8603=CARTESIAN_POINT('Ctrl Pts',(-0.57571342214942,29.3369712680578,10.));
#8604=CARTESIAN_POINT('Ctrl Pts',(-0.571435967177569,29.2299868439367,10.));
#8605=CARTESIAN_POINT('Ctrl Pts',(-0.564300621085065,29.0515230383246,10.));
#8606=CARTESIAN_POINT('Ctrl Pts',(-0.48088524284831,28.8949198558581,10.));
#8607=CARTESIAN_POINT('Ctrl Pts',(-0.447475221008062,28.8321962207556,10.));
#8608=CARTESIAN_POINT('',(-0.447475221008062,28.8321962207556,11.));
#8609=CARTESIAN_POINT('Ctrl Pts',(-0.447475221008062,28.8321962207556,11.));
#8610=CARTESIAN_POINT('Ctrl Pts',(-0.48088524284831,28.8949198558581,11.));
#8611=CARTESIAN_POINT('Ctrl Pts',(-0.564300621085065,29.0515230383246,11.));
#8612=CARTESIAN_POINT('Ctrl Pts',(-0.571435967177569,29.2299868439367,11.));
#8613=CARTESIAN_POINT('Ctrl Pts',(-0.57571342214942,29.3369712680578,11.));
#8614=CARTESIAN_POINT('',(-0.447475221008062,28.8321962207556,10.));
#8615=CARTESIAN_POINT('Ctrl Pts',(0.21828243508935,28.6193718761206,10.));
#8616=CARTESIAN_POINT('Ctrl Pts',(0.21828243508935,28.6193718761206,11.));
#8617=CARTESIAN_POINT('Ctrl Pts',(0.0761916849819322,28.621242296175,10.));
#8618=CARTESIAN_POINT('Ctrl Pts',(0.0761916849819322,28.621242296175,11.));
#8619=CARTESIAN_POINT('Ctrl Pts',(-0.169903409625425,28.6244817836147,10.));
#8620=CARTESIAN_POINT('Ctrl Pts',(-0.169903409625425,28.6244817836147,11.));
#8621=CARTESIAN_POINT('Ctrl Pts',(-0.365016721879581,28.7704903124768,10.));
#8622=CARTESIAN_POINT('Ctrl Pts',(-0.365016721879581,28.7704903124768,11.));
#8623=CARTESIAN_POINT('Ctrl Pts',(-0.447475221008062,28.8321962207556,10.));
#8624=CARTESIAN_POINT('Ctrl Pts',(-0.447475221008062,28.8321962207556,11.));
#8625=CARTESIAN_POINT('',(0.21828243508935,28.6193718761206,10.));
#8626=CARTESIAN_POINT('Ctrl Pts',(-0.447475221008062,28.8321962207556,10.));
#8627=CARTESIAN_POINT('Ctrl Pts',(-0.365016721879581,28.7704903124768,10.));
#8628=CARTESIAN_POINT('Ctrl Pts',(-0.169903409625425,28.6244817836147,10.));
#8629=CARTESIAN_POINT('Ctrl Pts',(0.0761916849819322,28.621242296175,10.));
#8630=CARTESIAN_POINT('Ctrl Pts',(0.21828243508935,28.6193718761206,10.));
#8631=CARTESIAN_POINT('',(0.21828243508935,28.6193718761206,11.));
#8632=CARTESIAN_POINT('Ctrl Pts',(0.21828243508935,28.6193718761206,11.));
#8633=CARTESIAN_POINT('Ctrl Pts',(0.0761916849819322,28.621242296175,11.));
#8634=CARTESIAN_POINT('Ctrl Pts',(-0.169903409625425,28.6244817836147,11.));
#8635=CARTESIAN_POINT('Ctrl Pts',(-0.365016721879581,28.7704903124768,11.));
#8636=CARTESIAN_POINT('Ctrl Pts',(-0.447475221008062,28.8321962207556,11.));
#8637=CARTESIAN_POINT('',(0.21828243508935,28.6193718761206,10.));
#8638=CARTESIAN_POINT('Ctrl Pts',(0.802183840423822,28.7639834731817,10.));
#8639=CARTESIAN_POINT('Ctrl Pts',(0.802183840423822,28.7639834731817,11.));
#8640=CARTESIAN_POINT('Ctrl Pts',(0.725098553074206,28.7220339823238,10.));
#8641=CARTESIAN_POINT('Ctrl Pts',(0.725098553074206,28.7220339823238,11.));
#8642=CARTESIAN_POINT('Ctrl Pts',(0.544213420306439,28.6235970498784,10.));
#8643=CARTESIAN_POINT('Ctrl Pts',(0.544213420306439,28.6235970498784,11.));
#8644=CARTESIAN_POINT('Ctrl Pts',(0.337121111081666,28.6209124294217,10.));
#8645=CARTESIAN_POINT('Ctrl Pts',(0.337121111081666,28.6209124294217,11.));
#8646=CARTESIAN_POINT('Ctrl Pts',(0.21828243508935,28.6193718761206,10.));
#8647=CARTESIAN_POINT('Ctrl Pts',(0.21828243508935,28.6193718761206,11.));
#8648=CARTESIAN_POINT('',(0.802183840423822,28.7639834731817,10.));
#8649=CARTESIAN_POINT('Ctrl Pts',(0.21828243508935,28.6193718761206,10.));
#8650=CARTESIAN_POINT('Ctrl Pts',(0.337121111081666,28.6209124294217,10.));
#8651=CARTESIAN_POINT('Ctrl Pts',(0.544213420306439,28.6235970498784,10.));
#8652=CARTESIAN_POINT('Ctrl Pts',(0.725098553074206,28.7220339823238,10.));
#8653=CARTESIAN_POINT('Ctrl Pts',(0.802183840423822,28.7639834731817,10.));
#8654=CARTESIAN_POINT('',(0.802183840423822,28.7639834731817,11.));
#8655=CARTESIAN_POINT('Ctrl Pts',(0.802183840423822,28.7639834731817,11.));
#8656=CARTESIAN_POINT('Ctrl Pts',(0.725098553074206,28.7220339823238,11.));
#8657=CARTESIAN_POINT('Ctrl Pts',(0.544213420306439,28.6235970498784,11.));
#8658=CARTESIAN_POINT('Ctrl Pts',(0.337121111081666,28.6209124294217,11.));
#8659=CARTESIAN_POINT('Ctrl Pts',(0.21828243508935,28.6193718761206,11.));
#8660=CARTESIAN_POINT('',(0.802183840423822,28.7639834731817,10.));
#8661=CARTESIAN_POINT('Ctrl Pts',(0.982266161590815,29.1132333129644,10.));
#8662=CARTESIAN_POINT('Ctrl Pts',(0.982266161590815,29.1132333129644,11.));
#8663=CARTESIAN_POINT('Ctrl Pts',(0.973763281079481,29.0467381870433,10.));
#8664=CARTESIAN_POINT('Ctrl Pts',(0.973763281079481,29.0467381870433,11.));
#8665=CARTESIAN_POINT('Ctrl Pts',(0.956138418233472,28.9089063696108,10.));
#8666=CARTESIAN_POINT('Ctrl Pts',(0.956138418233472,28.9089063696108,11.));
#8667=CARTESIAN_POINT('Ctrl Pts',(0.854689881029165,28.8134092687171,10.));
#8668=CARTESIAN_POINT('Ctrl Pts',(0.854689881029165,28.8134092687171,11.));
#8669=CARTESIAN_POINT('Ctrl Pts',(0.802183840423822,28.7639834731817,10.));
#8670=CARTESIAN_POINT('Ctrl Pts',(0.802183840423822,28.7639834731817,11.));
#8671=CARTESIAN_POINT('',(0.982266161590815,29.1132333129644,10.));
#8672=CARTESIAN_POINT('Ctrl Pts',(0.802183840423822,28.7639834731817,10.));
#8673=CARTESIAN_POINT('Ctrl Pts',(0.854689881029165,28.8134092687171,10.));
#8674=CARTESIAN_POINT('Ctrl Pts',(0.956138418233472,28.9089063696108,10.));
#8675=CARTESIAN_POINT('Ctrl Pts',(0.973763281079481,29.0467381870433,10.));
#8676=CARTESIAN_POINT('Ctrl Pts',(0.982266161590815,29.1132333129644,10.));
#8677=CARTESIAN_POINT('',(0.982266161590815,29.1132333129644,11.));
#8678=CARTESIAN_POINT('Ctrl Pts',(0.982266161590815,29.1132333129644,11.));
#8679=CARTESIAN_POINT('Ctrl Pts',(0.973763281079481,29.0467381870433,11.));
#8680=CARTESIAN_POINT('Ctrl Pts',(0.956138418233472,28.9089063696108,11.));
#8681=CARTESIAN_POINT('Ctrl Pts',(0.854689881029165,28.8134092687171,11.));
#8682=CARTESIAN_POINT('Ctrl Pts',(0.802183840423822,28.7639834731817,11.));
#8683=CARTESIAN_POINT('',(0.982266161590815,29.1132333129644,10.));
#8684=CARTESIAN_POINT('Ctrl Pts',(0.83492586389184,29.4133695214987,10.));
#8685=CARTESIAN_POINT('Ctrl Pts',(0.83492586389184,29.4133695214987,11.));
#8686=CARTESIAN_POINT('Ctrl Pts',(0.877893395869864,29.370864817415,10.));
#8687=CARTESIAN_POINT('Ctrl Pts',(0.877893395869864,29.370864817415,11.));
#8688=CARTESIAN_POINT('Ctrl Pts',(0.96192887805886,29.2877345295315,10.));
#8689=CARTESIAN_POINT('Ctrl Pts',(0.96192887805886,29.2877345295315,11.));
#8690=CARTESIAN_POINT('Ctrl Pts',(0.9755900014608,29.1705171710989,10.));
#8691=CARTESIAN_POINT('Ctrl Pts',(0.9755900014608,29.1705171710989,11.));
#8692=CARTESIAN_POINT('Ctrl Pts',(0.982266161590815,29.1132333129644,10.));
#8693=CARTESIAN_POINT('Ctrl Pts',(0.982266161590815,29.1132333129644,11.));
#8694=CARTESIAN_POINT('',(0.83492586389184,29.4133695214987,10.));
#8695=CARTESIAN_POINT('Ctrl Pts',(0.982266161590815,29.1132333129644,10.));
#8696=CARTESIAN_POINT('Ctrl Pts',(0.9755900014608,29.1705171710989,10.));
#8697=CARTESIAN_POINT('Ctrl Pts',(0.96192887805886,29.2877345295315,10.));
#8698=CARTESIAN_POINT('Ctrl Pts',(0.877893395869864,29.370864817415,10.));
#8699=CARTESIAN_POINT('Ctrl Pts',(0.83492586389184,29.4133695214987,10.));
#8700=CARTESIAN_POINT('',(0.83492586389184,29.4133695214987,11.));
#8701=CARTESIAN_POINT('Ctrl Pts',(0.83492586389184,29.4133695214987,11.));
#8702=CARTESIAN_POINT('Ctrl Pts',(0.877893395869864,29.370864817415,11.));
#8703=CARTESIAN_POINT('Ctrl Pts',(0.96192887805886,29.2877345295315,11.));
#8704=CARTESIAN_POINT('Ctrl Pts',(0.9755900014608,29.1705171710989,11.));
#8705=CARTESIAN_POINT('Ctrl Pts',(0.982266161590815,29.1132333129644,11.));
#8706=CARTESIAN_POINT('',(0.83492586389184,29.4133695214987,10.));
#8707=CARTESIAN_POINT('Ctrl Pts',(0.266032908111811,29.7053202241659,10.));
#8708=CARTESIAN_POINT('Ctrl Pts',(0.266032908111811,29.7053202241659,11.));
#8709=CARTESIAN_POINT('Ctrl Pts',(0.393315553146665,29.6517224340147,10.));
#8710=CARTESIAN_POINT('Ctrl Pts',(0.393315553146665,29.6517224340147,11.));
#8711=CARTESIAN_POINT('Ctrl Pts',(0.590559626725105,29.5686643984017,10.));
#8712=CARTESIAN_POINT('Ctrl Pts',(0.590559626725105,29.5686643984017,11.));
#8713=CARTESIAN_POINT('Ctrl Pts',(0.770944355636076,29.4540298048662,10.));
#8714=CARTESIAN_POINT('Ctrl Pts',(0.770944355636076,29.4540298048662,11.));
#8715=CARTESIAN_POINT('Ctrl Pts',(0.83492586389184,29.4133695214987,10.));
#8716=CARTESIAN_POINT('Ctrl Pts',(0.83492586389184,29.4133695214987,11.));
#8717=CARTESIAN_POINT('',(0.266032908111811,29.7053202241659,10.));
#8718=CARTESIAN_POINT('Ctrl Pts',(0.83492586389184,29.4133695214987,10.));
#8719=CARTESIAN_POINT('Ctrl Pts',(0.770944355636076,29.4540298048662,10.));
#8720=CARTESIAN_POINT('Ctrl Pts',(0.590559626725105,29.5686643984017,10.));
#8721=CARTESIAN_POINT('Ctrl Pts',(0.393315553146665,29.6517224340147,10.));
#8722=CARTESIAN_POINT('Ctrl Pts',(0.266032908111811,29.7053202241659,10.));
#8723=CARTESIAN_POINT('',(0.266032908111811,29.7053202241659,11.));
#8724=CARTESIAN_POINT('Ctrl Pts',(0.266032908111811,29.7053202241659,11.));
#8725=CARTESIAN_POINT('Ctrl Pts',(0.393315553146665,29.6517224340147,11.));
#8726=CARTESIAN_POINT('Ctrl Pts',(0.590559626725105,29.5686643984017,11.));
#8727=CARTESIAN_POINT('Ctrl Pts',(0.770944355636076,29.4540298048662,11.));
#8728=CARTESIAN_POINT('Ctrl Pts',(0.83492586389184,29.4133695214987,11.));
#8729=CARTESIAN_POINT('',(0.266032908111811,29.7053202241659,10.));
#8730=CARTESIAN_POINT('Ctrl Pts',(-0.413367059081793,30.0422921031713,10.));
#8731=CARTESIAN_POINT('Ctrl Pts',(-0.413367059081793,30.0422921031713,11.));
#8732=CARTESIAN_POINT('Ctrl Pts',(-0.321741902852781,29.9903305401959,10.));
#8733=CARTESIAN_POINT('Ctrl Pts',(-0.321741902852781,29.9903305401959,11.));
#8734=CARTESIAN_POINT('Ctrl Pts',(-0.101582311835373,29.8654757849724,10.));
#8735=CARTESIAN_POINT('Ctrl Pts',(-0.101582311835373,29.8654757849724,11.));
#8736=CARTESIAN_POINT('Ctrl Pts',(0.13052380552157,29.7643562355771,10.));
#8737=CARTESIAN_POINT('Ctrl Pts',(0.13052380552157,29.7643562355771,11.));
#8738=CARTESIAN_POINT('Ctrl Pts',(0.266032908111811,29.7053202241659,10.));
#8739=CARTESIAN_POINT('Ctrl Pts',(0.266032908111811,29.7053202241659,11.));
#8740=CARTESIAN_POINT('',(-0.413367059081793,30.0422921031713,10.));
#8741=CARTESIAN_POINT('Ctrl Pts',(0.266032908111811,29.7053202241659,10.));
#8742=CARTESIAN_POINT('Ctrl Pts',(0.13052380552157,29.7643562355771,10.));
#8743=CARTESIAN_POINT('Ctrl Pts',(-0.101582311835373,29.8654757849724,10.));
#8744=CARTESIAN_POINT('Ctrl Pts',(-0.321741902852781,29.9903305401959,10.));
#8745=CARTESIAN_POINT('Ctrl Pts',(-0.413367059081793,30.0422921031713,10.));
#8746=CARTESIAN_POINT('',(-0.413367059081793,30.0422921031713,11.));
#8747=CARTESIAN_POINT('Ctrl Pts',(-0.413367059081793,30.0422921031713,11.));
#8748=CARTESIAN_POINT('Ctrl Pts',(-0.321741902852781,29.9903305401959,11.));
#8749=CARTESIAN_POINT('Ctrl Pts',(-0.101582311835373,29.8654757849724,11.));
#8750=CARTESIAN_POINT('Ctrl Pts',(0.13052380552157,29.7643562355771,11.));
#8751=CARTESIAN_POINT('Ctrl Pts',(0.266032908111811,29.7053202241659,11.));
#8752=CARTESIAN_POINT('',(-0.413367059081793,30.0422921031713,10.));
#8753=CARTESIAN_POINT('Ctrl Pts',(-0.750338342040777,30.3929056972265,10.));
#8754=CARTESIAN_POINT('Ctrl Pts',(-0.750338342040777,30.3929056972265,11.));
#8755=CARTESIAN_POINT('Ctrl Pts',(-0.705411764738564,30.3242892358237,10.));
#8756=CARTESIAN_POINT('Ctrl Pts',(-0.705411764738564,30.3242892358237,11.));
#8757=CARTESIAN_POINT('Ctrl Pts',(-0.615073887186601,30.1863159945824,10.));
#8758=CARTESIAN_POINT('Ctrl Pts',(-0.615073887186601,30.1863159945824,11.));
#8759=CARTESIAN_POINT('Ctrl Pts',(-0.480842748303809,30.0904714901991,10.));
#8760=CARTESIAN_POINT('Ctrl Pts',(-0.480842748303809,30.0904714901991,11.));
#8761=CARTESIAN_POINT('Ctrl Pts',(-0.413367059081793,30.0422921031713,10.));
#8762=CARTESIAN_POINT('Ctrl Pts',(-0.413367059081793,30.0422921031713,11.));
#8763=CARTESIAN_POINT('',(-0.750338342040777,30.3929056972265,10.));
#8764=CARTESIAN_POINT('Ctrl Pts',(-0.413367059081793,30.0422921031713,10.));
#8765=CARTESIAN_POINT('Ctrl Pts',(-0.480842748303809,30.0904714901991,10.));
#8766=CARTESIAN_POINT('Ctrl Pts',(-0.615073887186601,30.1863159945824,10.));
#8767=CARTESIAN_POINT('Ctrl Pts',(-0.705411764738564,30.3242892358237,10.));
#8768=CARTESIAN_POINT('Ctrl Pts',(-0.750338342040777,30.3929056972265,10.));
#8769=CARTESIAN_POINT('',(-0.750338342040777,30.3929056972265,11.));
#8770=CARTESIAN_POINT('Ctrl Pts',(-0.750338342040777,30.3929056972265,11.));
#8771=CARTESIAN_POINT('Ctrl Pts',(-0.705411764738564,30.3242892358237,11.));
#8772=CARTESIAN_POINT('Ctrl Pts',(-0.615073887186601,30.1863159945824,11.));
#8773=CARTESIAN_POINT('Ctrl Pts',(-0.480842748303809,30.0904714901991,11.));
#8774=CARTESIAN_POINT('Ctrl Pts',(-0.413367059081793,30.0422921031713,11.));
#8775=CARTESIAN_POINT('',(-0.750338342040777,30.3929056972265,10.));
#8776=CARTESIAN_POINT('Ctrl Pts',(-0.873121526092291,30.8976807445288,10.));
#8777=CARTESIAN_POINT('Ctrl Pts',(-0.873121526092291,30.8976807445288,11.));
#8778=CARTESIAN_POINT('Ctrl Pts',(-0.868881177997816,30.8059211034566,10.));
#8779=CARTESIAN_POINT('Ctrl Pts',(-0.868881177997816,30.8059211034566,11.));
#8780=CARTESIAN_POINT('Ctrl Pts',(-0.860728771192694,30.629505888091,10.));
#8781=CARTESIAN_POINT('Ctrl Pts',(-0.860728771192694,30.629505888091,11.));
#8782=CARTESIAN_POINT('Ctrl Pts',(-0.78613386397012,30.4696263639152,10.));
#8783=CARTESIAN_POINT('Ctrl Pts',(-0.78613386397012,30.4696263639152,11.));
#8784=CARTESIAN_POINT('Ctrl Pts',(-0.750338342040777,30.3929056972265,10.));
#8785=CARTESIAN_POINT('Ctrl Pts',(-0.750338342040777,30.3929056972265,11.));
#8786=CARTESIAN_POINT('',(-0.873121526092291,30.8976807445288,10.));
#8787=CARTESIAN_POINT('Ctrl Pts',(-0.750338342040777,30.3929056972265,10.));
#8788=CARTESIAN_POINT('Ctrl Pts',(-0.78613386397012,30.4696263639152,10.));
#8789=CARTESIAN_POINT('Ctrl Pts',(-0.860728771192694,30.629505888091,10.));
#8790=CARTESIAN_POINT('Ctrl Pts',(-0.868881177997816,30.8059211034566,10.));
#8791=CARTESIAN_POINT('Ctrl Pts',(-0.873121526092291,30.8976807445288,10.));
#8792=CARTESIAN_POINT('',(-0.873121526092291,30.8976807445288,11.));
#8793=CARTESIAN_POINT('Ctrl Pts',(-0.873121526092291,30.8976807445288,11.));
#8794=CARTESIAN_POINT('Ctrl Pts',(-0.868881177997816,30.8059211034566,11.));
#8795=CARTESIAN_POINT('Ctrl Pts',(-0.860728771192694,30.629505888091,11.));
#8796=CARTESIAN_POINT('Ctrl Pts',(-0.78613386397012,30.4696263639152,11.));
#8797=CARTESIAN_POINT('Ctrl Pts',(-0.750338342040777,30.3929056972265,11.));
#8798=CARTESIAN_POINT('',(-0.873121526092291,30.8976807445288,10.));
#8799=CARTESIAN_POINT('Ctrl Pts',(-0.507501866668463,31.7353340238333,10.));
#8800=CARTESIAN_POINT('Ctrl Pts',(-0.507501866668463,31.7353340238333,11.));
#8801=CARTESIAN_POINT('Ctrl Pts',(-0.61413988499889,31.6167223808676,10.));
#8802=CARTESIAN_POINT('Ctrl Pts',(-0.61413988499889,31.6167223808676,11.));
#8803=CARTESIAN_POINT('Ctrl Pts',(-0.828678456695466,31.3780947988209,10.));
#8804=CARTESIAN_POINT('Ctrl Pts',(-0.828678456695466,31.3780947988209,11.));
#8805=CARTESIAN_POINT('Ctrl Pts',(-0.858249162881792,31.0584457952741,10.));
#8806=CARTESIAN_POINT('Ctrl Pts',(-0.858249162881792,31.0584457952741,11.));
#8807=CARTESIAN_POINT('Ctrl Pts',(-0.873121526092291,30.8976807445288,10.));
#8808=CARTESIAN_POINT('Ctrl Pts',(-0.873121526092291,30.8976807445288,11.));
#8809=CARTESIAN_POINT('',(-0.507501866668463,31.7353340238333,10.));
#8810=CARTESIAN_POINT('Ctrl Pts',(-0.873121526092291,30.8976807445288,10.));
#8811=CARTESIAN_POINT('Ctrl Pts',(-0.858249162881792,31.0584457952741,10.));
#8812=CARTESIAN_POINT('Ctrl Pts',(-0.828678456695466,31.3780947988209,10.));
#8813=CARTESIAN_POINT('Ctrl Pts',(-0.61413988499889,31.6167223808676,10.));
#8814=CARTESIAN_POINT('Ctrl Pts',(-0.507501866668463,31.7353340238333,10.));
#8815=CARTESIAN_POINT('',(-0.507501866668463,31.7353340238333,11.));
#8816=CARTESIAN_POINT('Ctrl Pts',(-0.507501866668463,31.7353340238333,11.));
#8817=CARTESIAN_POINT('Ctrl Pts',(-0.61413988499889,31.6167223808676,11.));
#8818=CARTESIAN_POINT('Ctrl Pts',(-0.828678456695466,31.3780947988209,11.));
#8819=CARTESIAN_POINT('Ctrl Pts',(-0.858249162881792,31.0584457952741,11.));
#8820=CARTESIAN_POINT('Ctrl Pts',(-0.873121526092291,30.8976807445288,11.));
#8821=CARTESIAN_POINT('',(-0.507501866668463,31.7353340238333,10.));
#8822=CARTESIAN_POINT('Ctrl Pts',(0.551162455230951,32.0682125538588,10.));
#8823=CARTESIAN_POINT('Ctrl Pts',(0.551162455230951,32.0682125538588,11.));
#8824=CARTESIAN_POINT('Ctrl Pts',(0.34083021489395,32.0602566942004,10.));
#8825=CARTESIAN_POINT('Ctrl Pts',(0.34083021489395,32.0602566942004,11.));
#8826=CARTESIAN_POINT('Ctrl Pts',(-0.0442288286666326,32.0456917577654,
10.));
#8827=CARTESIAN_POINT('Ctrl Pts',(-0.0442288286666326,32.0456917577654,
11.));
#8828=CARTESIAN_POINT('Ctrl Pts',(-0.362899752458619,31.8322064528474,10.));
#8829=CARTESIAN_POINT('Ctrl Pts',(-0.362899752458619,31.8322064528474,11.));
#8830=CARTESIAN_POINT('Ctrl Pts',(-0.507501866668463,31.7353340238333,10.));
#8831=CARTESIAN_POINT('Ctrl Pts',(-0.507501866668463,31.7353340238333,11.));
#8832=CARTESIAN_POINT('',(0.551162455230951,32.0682125538588,10.));
#8833=CARTESIAN_POINT('Ctrl Pts',(-0.507501866668463,31.7353340238333,10.));
#8834=CARTESIAN_POINT('Ctrl Pts',(-0.362899752458619,31.8322064528474,10.));
#8835=CARTESIAN_POINT('Ctrl Pts',(-0.0442288286666326,32.0456917577654,
10.));
#8836=CARTESIAN_POINT('Ctrl Pts',(0.34083021489395,32.0602566942004,10.));
#8837=CARTESIAN_POINT('Ctrl Pts',(0.551162455230951,32.0682125538588,10.));
#8838=CARTESIAN_POINT('',(0.551162455230951,32.0682125538588,11.));
#8839=CARTESIAN_POINT('Ctrl Pts',(0.551162455230951,32.0682125538588,11.));
#8840=CARTESIAN_POINT('Ctrl Pts',(0.34083021489395,32.0602566942004,11.));
#8841=CARTESIAN_POINT('Ctrl Pts',(-0.0442288286666326,32.0456917577654,
11.));
#8842=CARTESIAN_POINT('Ctrl Pts',(-0.362899752458619,31.8322064528474,11.));
#8843=CARTESIAN_POINT('Ctrl Pts',(-0.507501866668463,31.7353340238333,11.));
#8844=CARTESIAN_POINT('',(0.551162455230951,32.0682125538588,10.));
#8845=CARTESIAN_POINT('Ctrl Pts',(1.64120266214013,31.7380624264479,10.));
#8846=CARTESIAN_POINT('Ctrl Pts',(1.64120266214013,31.7380624264479,11.));
#8847=CARTESIAN_POINT('Ctrl Pts',(1.49036291444929,31.8341575133743,10.));
#8848=CARTESIAN_POINT('Ctrl Pts',(1.49036291444929,31.8341575133743,11.));
#8849=CARTESIAN_POINT('Ctrl Pts',(1.15933037655178,32.0450475539088,10.));
#8850=CARTESIAN_POINT('Ctrl Pts',(1.15933037655178,32.0450475539088,11.));
#8851=CARTESIAN_POINT('Ctrl Pts',(0.765524828596504,32.0600475320051,10.));
#8852=CARTESIAN_POINT('Ctrl Pts',(0.765524828596504,32.0600475320051,11.));
#8853=CARTESIAN_POINT('Ctrl Pts',(0.551162455230951,32.0682125538588,10.));
#8854=CARTESIAN_POINT('Ctrl Pts',(0.551162455230951,32.0682125538588,11.));
#8855=CARTESIAN_POINT('',(1.64120266214013,31.7380624264479,10.));
#8856=CARTESIAN_POINT('Ctrl Pts',(0.551162455230951,32.0682125538588,10.));
#8857=CARTESIAN_POINT('Ctrl Pts',(0.765524828596504,32.0600475320051,10.));
#8858=CARTESIAN_POINT('Ctrl Pts',(1.15933037655178,32.0450475539088,10.));
#8859=CARTESIAN_POINT('Ctrl Pts',(1.49036291444929,31.8341575133743,10.));
#8860=CARTESIAN_POINT('Ctrl Pts',(1.64120266214013,31.7380624264479,10.));
#8861=CARTESIAN_POINT('',(1.64120266214013,31.7380624264479,11.));
#8862=CARTESIAN_POINT('Ctrl Pts',(1.64120266214013,31.7380624264479,11.));
#8863=CARTESIAN_POINT('Ctrl Pts',(1.49036291444929,31.8341575133743,11.));
#8864=CARTESIAN_POINT('Ctrl Pts',(1.15933037655178,32.0450475539088,11.));
#8865=CARTESIAN_POINT('Ctrl Pts',(0.765524828596504,32.0600475320051,11.));
#8866=CARTESIAN_POINT('Ctrl Pts',(0.551162455230951,32.0682125538588,11.));
#8867=CARTESIAN_POINT('',(1.64120266214013,31.7380624264479,10.));
#8868=CARTESIAN_POINT('Ctrl Pts',(2.0654852129519,30.8594813197851,10.));
#8869=CARTESIAN_POINT('Ctrl Pts',(2.0654852129519,30.8594813197851,11.));
#8870=CARTESIAN_POINT('Ctrl Pts',(2.0397380615309,31.031908617561,10.));
#8871=CARTESIAN_POINT('Ctrl Pts',(2.0397380615309,31.031908617561,11.));
#8872=CARTESIAN_POINT('Ctrl Pts',(1.98936359235694,31.3692637468539,10.));
#8873=CARTESIAN_POINT('Ctrl Pts',(1.98936359235694,31.3692637468539,11.));
#8874=CARTESIAN_POINT('Ctrl Pts',(1.75552353646768,31.6169650147545,10.));
#8875=CARTESIAN_POINT('Ctrl Pts',(1.75552353646768,31.6169650147545,11.));
#8876=CARTESIAN_POINT('Ctrl Pts',(1.64120266214013,31.7380624264479,10.));
#8877=CARTESIAN_POINT('Ctrl Pts',(1.64120266214013,31.7380624264479,11.));
#8878=CARTESIAN_POINT('',(2.0654852129519,30.8594813197851,10.));
#8879=CARTESIAN_POINT('Ctrl Pts',(1.64120266214013,31.7380624264479,10.));
#8880=CARTESIAN_POINT('Ctrl Pts',(1.75552353646768,31.6169650147545,10.));
#8881=CARTESIAN_POINT('Ctrl Pts',(1.98936359235694,31.3692637468539,10.));
#8882=CARTESIAN_POINT('Ctrl Pts',(2.0397380615309,31.031908617561,10.));
#8883=CARTESIAN_POINT('Ctrl Pts',(2.0654852129519,30.8594813197851,10.));
#8884=CARTESIAN_POINT('',(2.0654852129519,30.8594813197851,11.));
#8885=CARTESIAN_POINT('Ctrl Pts',(2.0654852129519,30.8594813197851,11.));
#8886=CARTESIAN_POINT('Ctrl Pts',(2.0397380615309,31.031908617561,11.));
#8887=CARTESIAN_POINT('Ctrl Pts',(1.98936359235694,31.3692637468539,11.));
#8888=CARTESIAN_POINT('Ctrl Pts',(1.75552353646768,31.6169650147545,11.));
#8889=CARTESIAN_POINT('Ctrl Pts',(1.64120266214013,31.7380624264479,11.));
#8890=CARTESIAN_POINT('',(2.0654852129519,30.8594813197851,10.));
#8891=CARTESIAN_POINT('Origin',(1.27694675698876,30.8240105956793,10.));
#8892=CARTESIAN_POINT('',(1.27694675698876,30.8240105956793,10.));
#8893=CARTESIAN_POINT('',(-0.0521135779675624,30.7642256453008,10.));
#8894=CARTESIAN_POINT('',(1.27694675698876,30.8240105956793,11.));
#8895=CARTESIAN_POINT('',(2.0654852129519,30.8594813197851,11.));
#8896=CARTESIAN_POINT('',(1.27694675698876,30.8240105956793,10.));
#8897=CARTESIAN_POINT('Ctrl Pts',(1.06957981362939,31.2633012980223,10.));
#8898=CARTESIAN_POINT('Ctrl Pts',(1.06957981362939,31.2633012980223,11.));
#8899=CARTESIAN_POINT('Ctrl Pts',(1.12277559542008,31.2043167017699,10.));
#8900=CARTESIAN_POINT('Ctrl Pts',(1.12277559542008,31.2043167017699,11.));
#8901=CARTESIAN_POINT('Ctrl Pts',(1.23565734800699,31.0791510518544,10.));
#8902=CARTESIAN_POINT('Ctrl Pts',(1.23565734800699,31.0791510518544,11.));
#8903=CARTESIAN_POINT('Ctrl Pts',(1.26266599572955,30.9122559843166,10.));
#8904=CARTESIAN_POINT('Ctrl Pts',(1.26266599572955,30.9122559843166,11.));
#8905=CARTESIAN_POINT('Ctrl Pts',(1.27694675698876,30.8240105956793,10.));
#8906=CARTESIAN_POINT('Ctrl Pts',(1.27694675698876,30.8240105956793,11.));
#8907=CARTESIAN_POINT('',(1.06957981362939,31.2633012980223,10.));
#8908=CARTESIAN_POINT('Ctrl Pts',(1.27694675698876,30.8240105956793,10.));
#8909=CARTESIAN_POINT('Ctrl Pts',(1.26266599572955,30.9122559843166,10.));
#8910=CARTESIAN_POINT('Ctrl Pts',(1.23565734800699,31.0791510518544,10.));
#8911=CARTESIAN_POINT('Ctrl Pts',(1.12277559542008,31.2043167017699,10.));
#8912=CARTESIAN_POINT('Ctrl Pts',(1.06957981362939,31.2633012980223,10.));
#8913=CARTESIAN_POINT('',(1.06957981362939,31.2633012980223,11.));
#8914=CARTESIAN_POINT('Ctrl Pts',(1.06957981362939,31.2633012980223,11.));
#8915=CARTESIAN_POINT('Ctrl Pts',(1.12277559542008,31.2043167017699,11.));
#8916=CARTESIAN_POINT('Ctrl Pts',(1.23565734800699,31.0791510518544,11.));
#8917=CARTESIAN_POINT('Ctrl Pts',(1.26266599572955,30.9122559843166,11.));
#8918=CARTESIAN_POINT('Ctrl Pts',(1.27694675698876,30.8240105956793,11.));
#8919=CARTESIAN_POINT('',(1.06957981362939,31.2633012980223,10.));
#8920=CARTESIAN_POINT('Ctrl Pts',(0.545705053955317,31.4160981029272,10.));
#8921=CARTESIAN_POINT('Ctrl Pts',(0.545705053955317,31.4160981029272,11.));
#8922=CARTESIAN_POINT('Ctrl Pts',(0.650100298332332,31.4129182248054,10.));
#8923=CARTESIAN_POINT('Ctrl Pts',(0.650100298332332,31.4129182248054,11.));
#8924=CARTESIAN_POINT('Ctrl Pts',(0.838845536590451,31.4071690466955,10.));
#8925=CARTESIAN_POINT('Ctrl Pts',(0.838845536590451,31.4071690466955,11.));
#8926=CARTESIAN_POINT('Ctrl Pts',(0.998313703621019,31.3077372393795,10.));
#8927=CARTESIAN_POINT('Ctrl Pts',(0.998313703621019,31.3077372393795,11.));
#8928=CARTESIAN_POINT('Ctrl Pts',(1.06957981362939,31.2633012980223,10.));
#8929=CARTESIAN_POINT('Ctrl Pts',(1.06957981362939,31.2633012980223,11.));
#8930=CARTESIAN_POINT('',(0.545705053955317,31.4160981029272,10.));
#8931=CARTESIAN_POINT('Ctrl Pts',(1.06957981362939,31.2633012980223,10.));
#8932=CARTESIAN_POINT('Ctrl Pts',(0.998313703621019,31.3077372393795,10.));
#8933=CARTESIAN_POINT('Ctrl Pts',(0.838845536590451,31.4071690466955,10.));
#8934=CARTESIAN_POINT('Ctrl Pts',(0.650100298332332,31.4129182248054,10.));
#8935=CARTESIAN_POINT('Ctrl Pts',(0.545705053955317,31.4160981029272,10.));
#8936=CARTESIAN_POINT('',(0.545705053955317,31.4160981029272,11.));
#8937=CARTESIAN_POINT('Ctrl Pts',(0.545705053955317,31.4160981029272,11.));
#8938=CARTESIAN_POINT('Ctrl Pts',(0.650100298332332,31.4129182248054,11.));
#8939=CARTESIAN_POINT('Ctrl Pts',(0.838845536590451,31.4071690466955,11.));
#8940=CARTESIAN_POINT('Ctrl Pts',(0.998313703621019,31.3077372393795,11.));
#8941=CARTESIAN_POINT('Ctrl Pts',(1.06957981362939,31.2633012980223,11.));
#8942=CARTESIAN_POINT('',(0.545705053955317,31.4160981029272,10.));
#8943=CARTESIAN_POINT('Ctrl Pts',(0.0586659647524357,31.2960433214903,10.));
#8944=CARTESIAN_POINT('Ctrl Pts',(0.0586659647524357,31.2960433214903,11.));
#8945=CARTESIAN_POINT('Ctrl Pts',(0.12226745465489,31.3308488896715,10.));
#8946=CARTESIAN_POINT('Ctrl Pts',(0.12226745465489,31.3308488896715,11.));
#8947=CARTESIAN_POINT('Ctrl Pts',(0.27296972246813,31.413319883126,10.));
#8948=CARTESIAN_POINT('Ctrl Pts',(0.27296972246813,31.413319883126,11.));
#8949=CARTESIAN_POINT('Ctrl Pts',(0.445809531322454,31.4150805166925,10.));
#8950=CARTESIAN_POINT('Ctrl Pts',(0.445809531322454,31.4150805166925,11.));
#8951=CARTESIAN_POINT('Ctrl Pts',(0.545705053955317,31.4160981029272,10.));
#8952=CARTESIAN_POINT('Ctrl Pts',(0.545705053955317,31.4160981029272,11.));
#8953=CARTESIAN_POINT('',(0.0586659647524357,31.2960433214903,10.));
#8954=CARTESIAN_POINT('Ctrl Pts',(0.545705053955317,31.4160981029272,10.));
#8955=CARTESIAN_POINT('Ctrl Pts',(0.445809531322454,31.4150805166925,10.));
#8956=CARTESIAN_POINT('Ctrl Pts',(0.27296972246813,31.413319883126,10.));
#8957=CARTESIAN_POINT('Ctrl Pts',(0.12226745465489,31.3308488896715,10.));
#8958=CARTESIAN_POINT('Ctrl Pts',(0.0586659647524357,31.2960433214903,10.));
#8959=CARTESIAN_POINT('',(0.0586659647524357,31.2960433214903,11.));
#8960=CARTESIAN_POINT('Ctrl Pts',(0.0586659647524357,31.2960433214903,11.));
#8961=CARTESIAN_POINT('Ctrl Pts',(0.12226745465489,31.3308488896715,11.));
#8962=CARTESIAN_POINT('Ctrl Pts',(0.27296972246813,31.413319883126,11.));
#8963=CARTESIAN_POINT('Ctrl Pts',(0.445809531322454,31.4150805166925,11.));
#8964=CARTESIAN_POINT('Ctrl Pts',(0.545705053955317,31.4160981029272,11.));
#8965=CARTESIAN_POINT('',(0.0586659647524357,31.2960433214903,10.));
#8966=CARTESIAN_POINT('Ctrl Pts',(-0.087310578674078,30.993178114295,10.));
#8967=CARTESIAN_POINT('Ctrl Pts',(-0.087310578674078,30.993178114295,11.));
#8968=CARTESIAN_POINT('Ctrl Pts',(-0.0809966119879268,31.0516889764355,
10.));
#8969=CARTESIAN_POINT('Ctrl Pts',(-0.0809966119879268,31.0516889764355,
11.));
#8970=CARTESIAN_POINT('Ctrl Pts',(-0.0682456852646318,31.1698504671044,
10.));
#8971=CARTESIAN_POINT('Ctrl Pts',(-0.0682456852646318,31.1698504671044,
11.));
#8972=CARTESIAN_POINT('Ctrl Pts',(0.0160909157328737,31.2537094068286,10.));
#8973=CARTESIAN_POINT('Ctrl Pts',(0.0160909157328737,31.2537094068286,11.));
#8974=CARTESIAN_POINT('Ctrl Pts',(0.0586659647524357,31.2960433214903,10.));
#8975=CARTESIAN_POINT('Ctrl Pts',(0.0586659647524357,31.2960433214903,11.));
#8976=CARTESIAN_POINT('',(-0.087310578674078,30.993178114295,10.));
#8977=CARTESIAN_POINT('Ctrl Pts',(0.0586659647524357,31.2960433214903,10.));
#8978=CARTESIAN_POINT('Ctrl Pts',(0.0160909157328737,31.2537094068286,10.));
#8979=CARTESIAN_POINT('Ctrl Pts',(-0.0682456852646318,31.1698504671044,
10.));
#8980=CARTESIAN_POINT('Ctrl Pts',(-0.0809966119879268,31.0516889764355,
10.));
#8981=CARTESIAN_POINT('Ctrl Pts',(-0.087310578674078,30.993178114295,10.));
#8982=CARTESIAN_POINT('',(-0.087310578674078,30.993178114295,11.));
#8983=CARTESIAN_POINT('Ctrl Pts',(-0.087310578674078,30.993178114295,11.));
#8984=CARTESIAN_POINT('Ctrl Pts',(-0.0809966119879268,31.0516889764355,
11.));
#8985=CARTESIAN_POINT('Ctrl Pts',(-0.0682456852646318,31.1698504671044,
11.));
#8986=CARTESIAN_POINT('Ctrl Pts',(0.0160909157328737,31.2537094068286,11.));
#8987=CARTESIAN_POINT('Ctrl Pts',(0.0586659647524357,31.2960433214903,11.));
#8988=CARTESIAN_POINT('',(-0.087310578674078,30.993178114295,10.));
#8989=CARTESIAN_POINT('Ctrl Pts',(0.0463874079287052,30.7094135135412,10.));
#8990=CARTESIAN_POINT('Ctrl Pts',(0.0463874079287052,30.7094135135412,11.));
#8991=CARTESIAN_POINT('Ctrl Pts',(0.00739204716621699,30.7490871774435,
10.));
#8992=CARTESIAN_POINT('Ctrl Pts',(0.00739204716621699,30.7490871774435,
11.));
#8993=CARTESIAN_POINT('Ctrl Pts',(-0.070283514788585,30.8281138636482,10.));
#8994=CARTESIAN_POINT('Ctrl Pts',(-0.070283514788585,30.8281138636482,11.));
#8995=CARTESIAN_POINT('Ctrl Pts',(-0.0816502638001859,30.9383057276423,
10.));
#8996=CARTESIAN_POINT('Ctrl Pts',(-0.0816502638001859,30.9383057276423,
11.));
#8997=CARTESIAN_POINT('Ctrl Pts',(-0.087310578674078,30.993178114295,10.));
#8998=CARTESIAN_POINT('Ctrl Pts',(-0.087310578674078,30.993178114295,11.));
#8999=CARTESIAN_POINT('',(0.0463874079287052,30.7094135135412,10.));
#9000=CARTESIAN_POINT('Ctrl Pts',(-0.087310578674078,30.993178114295,10.));
#9001=CARTESIAN_POINT('Ctrl Pts',(-0.0816502638001859,30.9383057276423,
10.));
#9002=CARTESIAN_POINT('Ctrl Pts',(-0.070283514788585,30.8281138636482,10.));
#9003=CARTESIAN_POINT('Ctrl Pts',(0.007392047166217,30.7490871774435,10.));
#9004=CARTESIAN_POINT('Ctrl Pts',(0.0463874079287052,30.7094135135412,10.));
#9005=CARTESIAN_POINT('',(0.0463874079287052,30.7094135135412,11.));
#9006=CARTESIAN_POINT('Ctrl Pts',(0.0463874079287052,30.7094135135412,11.));
#9007=CARTESIAN_POINT('Ctrl Pts',(0.007392047166217,30.7490871774435,11.));
#9008=CARTESIAN_POINT('Ctrl Pts',(-0.070283514788585,30.8281138636482,11.));
#9009=CARTESIAN_POINT('Ctrl Pts',(-0.0816502638001859,30.9383057276423,
11.));
#9010=CARTESIAN_POINT('Ctrl Pts',(-0.087310578674078,30.993178114295,11.));
#9011=CARTESIAN_POINT('',(0.0463874079287052,30.7094135135412,10.));
#9012=CARTESIAN_POINT('Ctrl Pts',(0.638473723083735,30.3956343978643,10.));
#9013=CARTESIAN_POINT('Ctrl Pts',(0.638473723083735,30.3956343978643,11.));
#9014=CARTESIAN_POINT('Ctrl Pts',(0.510189069029625,30.4503451674391,10.));
#9015=CARTESIAN_POINT('Ctrl Pts',(0.510189069029625,30.4503451674391,11.));
#9016=CARTESIAN_POINT('Ctrl Pts',(0.303739963580787,30.5383914697846,10.));
#9017=CARTESIAN_POINT('Ctrl Pts',(0.303739963580787,30.5383914697846,11.));
#9018=CARTESIAN_POINT('Ctrl Pts',(0.117065071883533,30.6624451105779,10.));
#9019=CARTESIAN_POINT('Ctrl Pts',(0.117065071883533,30.6624451105779,11.));
#9020=CARTESIAN_POINT('Ctrl Pts',(0.0463874079287052,30.7094135135412,10.));
#9021=CARTESIAN_POINT('Ctrl Pts',(0.0463874079287052,30.7094135135412,11.));
#9022=CARTESIAN_POINT('',(0.638473723083735,30.3956343978643,10.));
#9023=CARTESIAN_POINT('Ctrl Pts',(0.0463874079287052,30.7094135135412,10.));
#9024=CARTESIAN_POINT('Ctrl Pts',(0.117065071883533,30.6624451105779,10.));
#9025=CARTESIAN_POINT('Ctrl Pts',(0.303739963580787,30.5383914697846,10.));
#9026=CARTESIAN_POINT('Ctrl Pts',(0.510189069029625,30.4503451674391,10.));
#9027=CARTESIAN_POINT('Ctrl Pts',(0.638473723083735,30.3956343978643,10.));
#9028=CARTESIAN_POINT('',(0.638473723083735,30.3956343978643,11.));
#9029=CARTESIAN_POINT('Ctrl Pts',(0.638473723083735,30.3956343978643,11.));
#9030=CARTESIAN_POINT('Ctrl Pts',(0.510189069029625,30.4503451674391,11.));
#9031=CARTESIAN_POINT('Ctrl Pts',(0.303739963580787,30.5383914697846,11.));
#9032=CARTESIAN_POINT('Ctrl Pts',(0.117065071883533,30.6624451105779,11.));
#9033=CARTESIAN_POINT('Ctrl Pts',(0.0463874079287052,30.7094135135412,11.));
#9034=CARTESIAN_POINT('',(0.638473723083735,30.3956343978643,10.));
#9035=CARTESIAN_POINT('Ctrl Pts',(1.51705572381616,29.9126871675253,10.));
#9036=CARTESIAN_POINT('Ctrl Pts',(1.51705572381616,29.9126871675253,11.));
#9037=CARTESIAN_POINT('Ctrl Pts',(1.41427235847868,29.9870077703409,10.));
#9038=CARTESIAN_POINT('Ctrl Pts',(1.41427235847868,29.9870077703409,11.));
#9039=CARTESIAN_POINT('Ctrl Pts',(1.14201705895185,30.1838701508842,10.));
#9040=CARTESIAN_POINT('Ctrl Pts',(1.14201705895185,30.1838701508842,11.));
#9041=CARTESIAN_POINT('Ctrl Pts',(0.831661864009088,30.3143894716099,10.));
#9042=CARTESIAN_POINT('Ctrl Pts',(0.831661864009088,30.3143894716099,11.));
#9043=CARTESIAN_POINT('Ctrl Pts',(0.638473723083735,30.3956343978643,10.));
#9044=CARTESIAN_POINT('Ctrl Pts',(0.638473723083735,30.3956343978643,11.));
#9045=CARTESIAN_POINT('',(1.51705572381616,29.9126871675253,10.));
#9046=CARTESIAN_POINT('Ctrl Pts',(0.638473723083735,30.3956343978643,10.));
#9047=CARTESIAN_POINT('Ctrl Pts',(0.831661864009088,30.3143894716099,10.));
#9048=CARTESIAN_POINT('Ctrl Pts',(1.14201705895185,30.1838701508842,10.));
#9049=CARTESIAN_POINT('Ctrl Pts',(1.41427235847868,29.9870077703409,10.));
#9050=CARTESIAN_POINT('Ctrl Pts',(1.51705572381616,29.9126871675253,10.));
#9051=CARTESIAN_POINT('',(1.51705572381616,29.9126871675253,11.));
#9052=CARTESIAN_POINT('Ctrl Pts',(1.51705572381616,29.9126871675253,11.));
#9053=CARTESIAN_POINT('Ctrl Pts',(1.41427235847868,29.9870077703409,11.));
#9054=CARTESIAN_POINT('Ctrl Pts',(1.14201705895185,30.1838701508842,11.));
#9055=CARTESIAN_POINT('Ctrl Pts',(0.831661864009088,30.3143894716099,11.));
#9056=CARTESIAN_POINT('Ctrl Pts',(0.638473723083735,30.3956343978643,11.));
#9057=CARTESIAN_POINT('',(1.51705572381616,29.9126871675253,10.));
#9058=CARTESIAN_POINT('Ctrl Pts',(1.79809162393212,29.2114593833685,10.));
#9059=CARTESIAN_POINT('Ctrl Pts',(1.79809162393212,29.2114593833685,11.));
#9060=CARTESIAN_POINT('Ctrl Pts',(1.78760901584468,29.34655609737,10.));
#9061=CARTESIAN_POINT('Ctrl Pts',(1.78760901584468,29.34655609737,11.));
#9062=CARTESIAN_POINT('Ctrl Pts',(1.76715969047437,29.6101008791678,10.));
#9063=CARTESIAN_POINT('Ctrl Pts',(1.76715969047437,29.6101008791678,11.));
#9064=CARTESIAN_POINT('Ctrl Pts',(1.59900969644271,29.8135358076946,10.));
#9065=CARTESIAN_POINT('Ctrl Pts',(1.59900969644271,29.8135358076946,11.));
#9066=CARTESIAN_POINT('Ctrl Pts',(1.51705572381616,29.9126871675253,10.));
#9067=CARTESIAN_POINT('Ctrl Pts',(1.51705572381616,29.9126871675253,11.));
#9068=CARTESIAN_POINT('',(1.79809162393212,29.2114593833685,10.));
#9069=CARTESIAN_POINT('Ctrl Pts',(1.51705572381616,29.9126871675253,10.));
#9070=CARTESIAN_POINT('Ctrl Pts',(1.59900969644271,29.8135358076946,10.));
#9071=CARTESIAN_POINT('Ctrl Pts',(1.76715969047437,29.6101008791678,10.));
#9072=CARTESIAN_POINT('Ctrl Pts',(1.78760901584468,29.34655609737,10.));
#9073=CARTESIAN_POINT('Ctrl Pts',(1.79809162393212,29.2114593833685,10.));
#9074=CARTESIAN_POINT('',(1.79809162393212,29.2114593833685,11.));
#9075=CARTESIAN_POINT('Ctrl Pts',(1.79809162393212,29.2114593833685,11.));
#9076=CARTESIAN_POINT('Ctrl Pts',(1.78760901584468,29.34655609737,11.));
#9077=CARTESIAN_POINT('Ctrl Pts',(1.76715969047437,29.6101008791678,11.));
#9078=CARTESIAN_POINT('Ctrl Pts',(1.59900969644271,29.8135358076946,11.));
#9079=CARTESIAN_POINT('Ctrl Pts',(1.51705572381616,29.9126871675253,11.));
#9080=CARTESIAN_POINT('',(1.79809162393212,29.2114593833685,10.));
#9081=CARTESIAN_POINT('Ctrl Pts',(1.3792640902102,28.306957706809,10.));
#9082=CARTESIAN_POINT('Ctrl Pts',(1.3792640902102,28.306957706809,11.));
#9083=CARTESIAN_POINT('Ctrl Pts',(1.50141185813669,28.4368667197652,10.));
#9084=CARTESIAN_POINT('Ctrl Pts',(1.50141185813669,28.4368667197652,11.));
#9085=CARTESIAN_POINT('Ctrl Pts',(1.7415654552389,28.6922796289574,10.));
#9086=CARTESIAN_POINT('Ctrl Pts',(1.7415654552389,28.6922796289574,11.));
#9087=CARTESIAN_POINT('Ctrl Pts',(1.77946746687422,29.0404008186192,10.));
#9088=CARTESIAN_POINT('Ctrl Pts',(1.77946746687422,29.0404008186192,11.));
#9089=CARTESIAN_POINT('Ctrl Pts',(1.79809162393212,29.2114593833685,10.));
#9090=CARTESIAN_POINT('Ctrl Pts',(1.79809162393212,29.2114593833685,11.));
#9091=CARTESIAN_POINT('',(1.3792640902102,28.306957706809,10.));
#9092=CARTESIAN_POINT('Ctrl Pts',(1.79809162393212,29.2114593833685,10.));
#9093=CARTESIAN_POINT('Ctrl Pts',(1.77946746687422,29.0404008186192,10.));
#9094=CARTESIAN_POINT('Ctrl Pts',(1.7415654552389,28.6922796289574,10.));
#9095=CARTESIAN_POINT('Ctrl Pts',(1.50141185813669,28.4368667197652,10.));
#9096=CARTESIAN_POINT('Ctrl Pts',(1.3792640902102,28.306957706809,10.));
#9097=CARTESIAN_POINT('',(1.3792640902102,28.306957706809,11.));
#9098=CARTESIAN_POINT('Ctrl Pts',(1.3792640902102,28.306957706809,11.));
#9099=CARTESIAN_POINT('Ctrl Pts',(1.50141185813669,28.4368667197652,11.));
#9100=CARTESIAN_POINT('Ctrl Pts',(1.7415654552389,28.6922796289574,11.));
#9101=CARTESIAN_POINT('Ctrl Pts',(1.77946746687422,29.0404008186192,11.));
#9102=CARTESIAN_POINT('Ctrl Pts',(1.79809162393212,29.2114593833685,11.));
#9103=CARTESIAN_POINT('',(1.3792640902102,28.306957706809,10.));
#9104=CARTESIAN_POINT('Ctrl Pts',(0.212825033813715,27.9317869991064,10.));
#9105=CARTESIAN_POINT('Ctrl Pts',(0.212825033813715,27.9317869991064,11.));
#9106=CARTESIAN_POINT('Ctrl Pts',(0.44177301110413,27.9419147243528,10.));
#9107=CARTESIAN_POINT('Ctrl Pts',(0.44177301110413,27.9419147243528,11.));
#9108=CARTESIAN_POINT('Ctrl Pts',(0.86649620149756,27.9607027469813,10.));
#9109=CARTESIAN_POINT('Ctrl Pts',(0.86649620149756,27.9607027469813,11.));
#9110=CARTESIAN_POINT('Ctrl Pts',(1.21747923771191,28.1977098212927,10.));
#9111=CARTESIAN_POINT('Ctrl Pts',(1.21747923771191,28.1977098212927,11.));
#9112=CARTESIAN_POINT('Ctrl Pts',(1.3792640902102,28.306957706809,10.));
#9113=CARTESIAN_POINT('Ctrl Pts',(1.3792640902102,28.306957706809,11.));
#9114=CARTESIAN_POINT('',(0.212825033813715,27.9317869991064,10.));
#9115=CARTESIAN_POINT('Ctrl Pts',(1.3792640902102,28.306957706809,10.));
#9116=CARTESIAN_POINT('Ctrl Pts',(1.21747923771191,28.1977098212927,10.));
#9117=CARTESIAN_POINT('Ctrl Pts',(0.86649620149756,27.9607027469813,10.));
#9118=CARTESIAN_POINT('Ctrl Pts',(0.44177301110413,27.9419147243528,10.));
#9119=CARTESIAN_POINT('Ctrl Pts',(0.212825033813715,27.9317869991064,10.));
#9120=CARTESIAN_POINT('',(0.212825033813715,27.9317869991064,11.));
#9121=CARTESIAN_POINT('Ctrl Pts',(0.212825033813715,27.9317869991064,11.));
#9122=CARTESIAN_POINT('Ctrl Pts',(0.44177301110413,27.9419147243528,11.));
#9123=CARTESIAN_POINT('Ctrl Pts',(0.86649620149756,27.9607027469813,11.));
#9124=CARTESIAN_POINT('Ctrl Pts',(1.21747923771191,28.1977098212927,11.));
#9125=CARTESIAN_POINT('Ctrl Pts',(1.3792640902102,28.306957706809,11.));
#9126=CARTESIAN_POINT('',(0.212825033813715,27.9317869991064,10.));
#9127=CARTESIAN_POINT('Ctrl Pts',(-0.680763032287359,28.1050475686789,10.));
#9128=CARTESIAN_POINT('Ctrl Pts',(-0.680763032287359,28.1050475686789,11.));
#9129=CARTESIAN_POINT('Ctrl Pts',(-0.544750286615905,28.0545555023001,10.));
#9130=CARTESIAN_POINT('Ctrl Pts',(-0.544750286615905,28.0545555023001,11.));
#9131=CARTESIAN_POINT('Ctrl Pts',(-0.256728029385087,27.9476328836966,10.));
#9132=CARTESIAN_POINT('Ctrl Pts',(-0.256728029385087,27.9476328836966,11.));
#9133=CARTESIAN_POINT('Ctrl Pts',(0.0506173550720357,27.937260979277,10.));
#9134=CARTESIAN_POINT('Ctrl Pts',(0.0506173550720357,27.937260979277,11.));
#9135=CARTESIAN_POINT('Ctrl Pts',(0.212825033813715,27.9317869991064,10.));
#9136=CARTESIAN_POINT('Ctrl Pts',(0.212825033813715,27.9317869991064,11.));
#9137=CARTESIAN_POINT('',(-0.680763032287359,28.1050475686789,10.));
#9138=CARTESIAN_POINT('Ctrl Pts',(0.212825033813715,27.9317869991064,10.));
#9139=CARTESIAN_POINT('Ctrl Pts',(0.0506173550720357,27.937260979277,10.));
#9140=CARTESIAN_POINT('Ctrl Pts',(-0.256728029385087,27.9476328836966,10.));
#9141=CARTESIAN_POINT('Ctrl Pts',(-0.544750286615905,28.0545555023001,10.));
#9142=CARTESIAN_POINT('Ctrl Pts',(-0.680763032287359,28.1050475686789,10.));
#9143=CARTESIAN_POINT('',(-0.680763032287359,28.1050475686789,11.));
#9144=CARTESIAN_POINT('Ctrl Pts',(-0.680763032287359,28.1050475686789,11.));
#9145=CARTESIAN_POINT('Ctrl Pts',(-0.544750286615905,28.0545555023001,11.));
#9146=CARTESIAN_POINT('Ctrl Pts',(-0.256728029385087,27.9476328836966,11.));
#9147=CARTESIAN_POINT('Ctrl Pts',(0.0506173550720357,27.937260979277,11.));
#9148=CARTESIAN_POINT('Ctrl Pts',(0.212825033813715,27.9317869991064,11.));
#9149=CARTESIAN_POINT('',(-0.680763032287359,28.1050475686789,10.));
#9150=CARTESIAN_POINT('Ctrl Pts',(-1.21418645605445,28.5866298526525,10.));
#9151=CARTESIAN_POINT('Ctrl Pts',(-1.21418645605445,28.5866298526525,11.));
#9152=CARTESIAN_POINT('Ctrl Pts',(-1.15016682596521,28.4881962308295,10.));
#9153=CARTESIAN_POINT('Ctrl Pts',(-1.15016682596521,28.4881962308295,11.));
#9154=CARTESIAN_POINT('Ctrl Pts',(-1.01533929452487,28.2808916553012,10.));
#9155=CARTESIAN_POINT('Ctrl Pts',(-1.01533929452487,28.2808916553012,11.));
#9156=CARTESIAN_POINT('Ctrl Pts',(-0.795970040385825,28.165597205333,10.));
#9157=CARTESIAN_POINT('Ctrl Pts',(-0.795970040385825,28.165597205333,11.));
#9158=CARTESIAN_POINT('Ctrl Pts',(-0.680763032287359,28.1050475686789,10.));
#9159=CARTESIAN_POINT('Ctrl Pts',(-0.680763032287359,28.1050475686789,11.));
#9160=CARTESIAN_POINT('',(-1.21418645605445,28.5866298526525,10.));
#9161=CARTESIAN_POINT('Ctrl Pts',(-0.680763032287359,28.1050475686789,10.));
#9162=CARTESIAN_POINT('Ctrl Pts',(-0.795970040385825,28.165597205333,10.));
#9163=CARTESIAN_POINT('Ctrl Pts',(-1.01533929452487,28.2808916553012,10.));
#9164=CARTESIAN_POINT('Ctrl Pts',(-1.15016682596521,28.4881962308295,10.));
#9165=CARTESIAN_POINT('Ctrl Pts',(-1.21418645605445,28.5866298526525,10.));
#9166=CARTESIAN_POINT('',(-1.21418645605445,28.5866298526525,11.));
#9167=CARTESIAN_POINT('Ctrl Pts',(-1.21418645605445,28.5866298526525,11.));
#9168=CARTESIAN_POINT('Ctrl Pts',(-1.15016682596521,28.4881962308295,11.));
#9169=CARTESIAN_POINT('Ctrl Pts',(-1.01533929452487,28.2808916553012,11.));
#9170=CARTESIAN_POINT('Ctrl Pts',(-0.795970040385825,28.165597205333,11.));
#9171=CARTESIAN_POINT('Ctrl Pts',(-0.680763032287359,28.1050475686789,11.));
#9172=CARTESIAN_POINT('',(-1.21418645605445,28.5866298526525,10.));
#9173=CARTESIAN_POINT('Ctrl Pts',(-1.35879686102271,29.2960431426764,10.));
#9174=CARTESIAN_POINT('Ctrl Pts',(-1.35879686102271,29.2960431426764,11.));
#9175=CARTESIAN_POINT('Ctrl Pts',(-1.35657748032534,29.1684027409588,10.));
#9176=CARTESIAN_POINT('Ctrl Pts',(-1.35657748032534,29.1684027409588,11.));
#9177=CARTESIAN_POINT('Ctrl Pts',(-1.35230614251326,28.9227507557681,10.));
#9178=CARTESIAN_POINT('Ctrl Pts',(-1.35230614251326,28.9227507557681,11.));
#9179=CARTESIAN_POINT('Ctrl Pts',(-1.25900734082911,28.6957036324673,10.));
#9180=CARTESIAN_POINT('Ctrl Pts',(-1.25900734082911,28.6957036324673,11.));
#9181=CARTESIAN_POINT('Ctrl Pts',(-1.21418645605445,28.5866298526525,10.));
#9182=CARTESIAN_POINT('Ctrl Pts',(-1.21418645605445,28.5866298526525,11.));
#9183=CARTESIAN_POINT('Ctrl Pts',(-1.21418645605445,28.5866298526525,10.));
#9184=CARTESIAN_POINT('Ctrl Pts',(-1.25900734082911,28.6957036324673,10.));
#9185=CARTESIAN_POINT('Ctrl Pts',(-1.35230614251326,28.9227507557681,10.));
#9186=CARTESIAN_POINT('Ctrl Pts',(-1.35657748032534,29.1684027409588,10.));
#9187=CARTESIAN_POINT('Ctrl Pts',(-1.35879686102271,29.2960431426764,10.));
#9188=CARTESIAN_POINT('Ctrl Pts',(-1.35879686102271,29.2960431426764,11.));
#9189=CARTESIAN_POINT('Ctrl Pts',(-1.35657748032534,29.1684027409588,11.));
#9190=CARTESIAN_POINT('Ctrl Pts',(-1.35230614251326,28.9227507557681,11.));
#9191=CARTESIAN_POINT('Ctrl Pts',(-1.25900734082911,28.6957036324673,11.));
#9192=CARTESIAN_POINT('Ctrl Pts',(-1.21418645605445,28.5866298526525,11.));
#9193=CARTESIAN_POINT('Origin',(1.28522515296936E-6,29.9986354261637,11.));
#9194=CARTESIAN_POINT('Origin',(9.04229233041406,27.9999997466803,10.));
#9195=CARTESIAN_POINT('',(9.82265064492822,27.9999997466803,10.));
#9196=CARTESIAN_POINT('',(9.04229233041406,27.9999997466803,10.));
#9197=CARTESIAN_POINT('',(4.52114616520703,27.9999997466803,10.));
#9198=CARTESIAN_POINT('',(9.82265064492822,27.9999997466803,11.));
#9199=CARTESIAN_POINT('',(9.82265064492822,27.9999997466803,10.));
#9200=CARTESIAN_POINT('',(9.04229233041406,27.9999997466803,11.));
#9201=CARTESIAN_POINT('',(9.82265064492822,27.9999997466803,11.));
#9202=CARTESIAN_POINT('',(9.04229233041406,27.9999997466803,10.));
#9203=CARTESIAN_POINT('Origin',(8.8976819254458,31.3424279540777,10.));
#9204=CARTESIAN_POINT('',(8.8976819254458,31.3424279540777,10.));
#9205=CARTESIAN_POINT('',(9.56611930091278,15.8926134049108,10.));
#9206=CARTESIAN_POINT('',(8.8976819254458,31.3424279540777,11.));
#9207=CARTESIAN_POINT('',(9.04229233041406,27.9999997466803,11.));
#9208=CARTESIAN_POINT('',(8.8976819254458,31.3424279540777,10.));
#9209=CARTESIAN_POINT('Origin',(8.26193878427148,27.9999997466803,10.));
#9210=CARTESIAN_POINT('',(8.26193878427148,27.9999997466803,10.));
#9211=CARTESIAN_POINT('',(5.54782475621207,13.7305083468643,10.));
#9212=CARTESIAN_POINT('',(8.26193878427148,27.9999997466803,11.));
#9213=CARTESIAN_POINT('',(8.8976819254458,31.3424279540777,11.));
#9214=CARTESIAN_POINT('',(8.26193878427148,27.9999997466803,10.));
#9215=CARTESIAN_POINT('Origin',(7.51978466287255,27.9999997466803,10.));
#9216=CARTESIAN_POINT('',(7.51978466287255,27.9999997466803,10.));
#9217=CARTESIAN_POINT('',(3.75989233143628,27.9999997466803,10.));
#9218=CARTESIAN_POINT('',(7.51978466287255,27.9999997466803,11.));
#9219=CARTESIAN_POINT('',(8.26193878427148,27.9999997466803,11.));
#9220=CARTESIAN_POINT('',(7.51978466287255,27.9999997466803,10.));
#9221=CARTESIAN_POINT('Origin',(8.3547074533999,31.9999998062849,10.));
#9222=CARTESIAN_POINT('',(8.3547074533999,31.9999998062849,10.));
#9223=CARTESIAN_POINT('',(4.98004433330317,15.8324537353403,10.));
#9224=CARTESIAN_POINT('',(8.3547074533999,31.9999998062849,11.));
#9225=CARTESIAN_POINT('',(7.51978466287255,27.9999997466803,11.));
#9226=CARTESIAN_POINT('',(8.3547074533999,31.9999998062849,10.));
#9227=CARTESIAN_POINT('Origin',(9.52796528115869,31.9999998062849,10.));
#9228=CARTESIAN_POINT('',(9.52796528115869,31.9999998062849,10.));
#9229=CARTESIAN_POINT('',(4.76398264057934,31.9999998062849,10.));
#9230=CARTESIAN_POINT('',(9.52796528115869,31.9999998062849,11.));
#9231=CARTESIAN_POINT('',(8.3547074533999,31.9999998062849,11.));
#9232=CARTESIAN_POINT('',(9.52796528115869,31.9999998062849,10.));
#9233=CARTESIAN_POINT('Origin',(9.65075084939599,29.1978170722723,10.));
#9234=CARTESIAN_POINT('',(9.65075084939599,29.1978170722723,10.));
#9235=CARTESIAN_POINT('',(10.2799705150117,14.8379170595773,10.));
#9236=CARTESIAN_POINT('',(9.65075084939599,29.1978170722723,11.));
#9237=CARTESIAN_POINT('',(9.52796528115869,31.9999998062849,11.));
#9238=CARTESIAN_POINT('',(9.65075084939599,29.1978170722723,10.));
#9239=CARTESIAN_POINT('Origin',(11.0150105692446,31.9999998062849,10.));
#9240=CARTESIAN_POINT('',(11.0150105692446,31.9999998062849,10.));
#9241=CARTESIAN_POINT('',(3.66260728106723,16.8981997253486,10.));
#9242=CARTESIAN_POINT('',(11.0150105692446,31.9999998062849,11.));
#9243=CARTESIAN_POINT('',(9.65075084939599,29.1978170722723,11.));
#9244=CARTESIAN_POINT('',(11.0150105692446,31.9999998062849,10.));
#9245=CARTESIAN_POINT('Origin',(12.201905939728,31.9999998062849,10.));
#9246=CARTESIAN_POINT('',(12.201905939728,31.9999998062849,10.));
#9247=CARTESIAN_POINT('',(6.10095296986401,31.9999998062849,10.));
#9248=CARTESIAN_POINT('',(12.201905939728,31.9999998062849,11.));
#9249=CARTESIAN_POINT('',(11.0150105692446,31.9999998062849,11.));
#9250=CARTESIAN_POINT('',(12.201905939728,31.9999998062849,10.));
#9251=CARTESIAN_POINT('Origin',(11.3642556406558,27.9999997466803,10.));
#9252=CARTESIAN_POINT('',(11.3642556406558,27.9999997466803,10.));
#9253=CARTESIAN_POINT('',(8.31693386734787,13.4482383632411,10.));
#9254=CARTESIAN_POINT('',(11.3642556406558,27.9999997466803,11.));
#9255=CARTESIAN_POINT('',(12.201905939728,31.9999998062849,11.));
#9256=CARTESIAN_POINT('',(11.3642556406558,27.9999997466803,10.));
#9257=CARTESIAN_POINT('Origin',(10.6139142252505,27.9999997466803,10.));
#9258=CARTESIAN_POINT('',(10.6139142252505,27.9999997466803,10.));
#9259=CARTESIAN_POINT('',(5.30695711262524,27.9999997466803,10.));
#9260=CARTESIAN_POINT('',(10.6139142252505,27.9999997466803,11.));
#9261=CARTESIAN_POINT('',(11.3642556406558,27.9999997466803,11.));
#9262=CARTESIAN_POINT('',(10.6139142252505,27.9999997466803,10.));
#9263=CARTESIAN_POINT('Origin',(11.402459833771,31.3178714364767,10.));
#9264=CARTESIAN_POINT('',(11.402459833771,31.3178714364767,10.));
#9265=CARTESIAN_POINT('',(7.57502035193617,15.2135992625246,10.));
#9266=CARTESIAN_POINT('',(11.402459833771,31.3178714364767,11.));
#9267=CARTESIAN_POINT('',(10.6139142252505,27.9999997466803,11.));
#9268=CARTESIAN_POINT('',(11.402459833771,31.3178714364767,10.));
#9269=CARTESIAN_POINT('Origin',(9.82265064492822,27.9999997466803,10.));
#9270=CARTESIAN_POINT('',(3.48084912489897,14.6811230910595,10.));
#9271=CARTESIAN_POINT('',(11.402459833771,31.3178714364767,11.));
#9272=CARTESIAN_POINT('Origin',(1.28522515296936E-6,29.9986354261637,11.));
#9273=CARTESIAN_POINT('Origin',(17.9618031717837,30.2564802020788,10.));
#9274=CARTESIAN_POINT('',(17.5252396799624,30.2564802020788,10.));
#9275=CARTESIAN_POINT('',(17.9618031717837,30.2564802020788,10.));
#9276=CARTESIAN_POINT('',(8.98090158589184,30.2564802020788,10.));
#9277=CARTESIAN_POINT('',(17.5252396799624,30.2564802020788,11.));
#9278=CARTESIAN_POINT('',(17.5252396799624,30.2564802020788,10.));
#9279=CARTESIAN_POINT('',(17.9618031717837,30.2564802020788,11.));
#9280=CARTESIAN_POINT('',(17.5252396799624,30.2564802020788,11.));
#9281=CARTESIAN_POINT('',(17.9618031717837,30.2564802020788,10.));
#9282=CARTESIAN_POINT('Ctrl Pts',(18.8417489267886,30.335606560111,10.));
#9283=CARTESIAN_POINT('Ctrl Pts',(18.8417489267886,30.335606560111,11.));
#9284=CARTESIAN_POINT('Ctrl Pts',(18.7325876918082,30.3128488984495,10.));
#9285=CARTESIAN_POINT('Ctrl Pts',(18.7325876918082,30.3128488984495,11.));
#9286=CARTESIAN_POINT('Ctrl Pts',(18.4429359739604,30.2524630316566,10.));
#9287=CARTESIAN_POINT('Ctrl Pts',(18.4429359739604,30.2524630316566,11.));
#9288=CARTESIAN_POINT('Ctrl Pts',(18.1465130141593,30.2549379856427,10.));
#9289=CARTESIAN_POINT('Ctrl Pts',(18.1465130141593,30.2549379856427,11.));
#9290=CARTESIAN_POINT('Ctrl Pts',(17.9618031717837,30.2564802020788,10.));
#9291=CARTESIAN_POINT('Ctrl Pts',(17.9618031717837,30.2564802020788,11.));
#9292=CARTESIAN_POINT('',(18.8417489267886,30.335606560111,10.));
#9293=CARTESIAN_POINT('Ctrl Pts',(17.9618031717837,30.2564802020788,10.));
#9294=CARTESIAN_POINT('Ctrl Pts',(18.1465130141593,30.2549379856427,10.));
#9295=CARTESIAN_POINT('Ctrl Pts',(18.4429359739604,30.2524630316566,10.));
#9296=CARTESIAN_POINT('Ctrl Pts',(18.7325876918082,30.3128488984495,10.));
#9297=CARTESIAN_POINT('Ctrl Pts',(18.8417489267886,30.335606560111,10.));
#9298=CARTESIAN_POINT('',(18.8417489267886,30.335606560111,11.));
#9299=CARTESIAN_POINT('Ctrl Pts',(18.8417489267886,30.335606560111,11.));
#9300=CARTESIAN_POINT('Ctrl Pts',(18.7325876918082,30.3128488984495,11.));
#9301=CARTESIAN_POINT('Ctrl Pts',(18.4429359739604,30.2524630316566,11.));
#9302=CARTESIAN_POINT('Ctrl Pts',(18.1465130141593,30.2549379856427,11.));
#9303=CARTESIAN_POINT('Ctrl Pts',(17.9618031717837,30.2564802020788,11.));
#9304=CARTESIAN_POINT('',(18.8417489267886,30.335606560111,10.));
#9305=CARTESIAN_POINT('Ctrl Pts',(19.1814477182925,30.5839016288519,10.));
#9306=CARTESIAN_POINT('Ctrl Pts',(19.1814477182925,30.5839016288519,11.));
#9307=CARTESIAN_POINT('Ctrl Pts',(19.1356817514251,30.5309371409719,10.));
#9308=CARTESIAN_POINT('Ctrl Pts',(19.1356817514251,30.5309371409719,11.));
#9309=CARTESIAN_POINT('Ctrl Pts',(19.0416537149137,30.4221194508614,10.));
#9310=CARTESIAN_POINT('Ctrl Pts',(19.0416537149137,30.4221194508614,11.));
#9311=CARTESIAN_POINT('Ctrl Pts',(18.9095527893855,30.3649500701506,10.));
#9312=CARTESIAN_POINT('Ctrl Pts',(18.9095527893855,30.3649500701506,11.));
#9313=CARTESIAN_POINT('Ctrl Pts',(18.8417489267886,30.335606560111,10.));
#9314=CARTESIAN_POINT('Ctrl Pts',(18.8417489267886,30.335606560111,11.));
#9315=CARTESIAN_POINT('',(19.1814477182925,30.5839016288519,10.));
#9316=CARTESIAN_POINT('Ctrl Pts',(18.8417489267886,30.335606560111,10.));
#9317=CARTESIAN_POINT('Ctrl Pts',(18.9095527893855,30.3649500701506,10.));
#9318=CARTESIAN_POINT('Ctrl Pts',(19.0416537149137,30.4221194508614,10.));
#9319=CARTESIAN_POINT('Ctrl Pts',(19.1356817514251,30.5309371409719,10.));
#9320=CARTESIAN_POINT('Ctrl Pts',(19.1814477182925,30.5839016288519,10.));
#9321=CARTESIAN_POINT('',(19.1814477182925,30.5839016288519,11.));
#9322=CARTESIAN_POINT('Ctrl Pts',(19.1814477182925,30.5839016288519,11.));
#9323=CARTESIAN_POINT('Ctrl Pts',(19.1356817514251,30.5309371409719,11.));
#9324=CARTESIAN_POINT('Ctrl Pts',(19.0416537149137,30.4221194508614,11.));
#9325=CARTESIAN_POINT('Ctrl Pts',(18.9095527893855,30.3649500701506,11.));
#9326=CARTESIAN_POINT('Ctrl Pts',(18.8417489267886,30.335606560111,11.));
#9327=CARTESIAN_POINT('',(19.1814477182925,30.5839016288519,10.));
#9328=CARTESIAN_POINT('Ctrl Pts',(19.3042237497866,30.9386082738638,10.));
#9329=CARTESIAN_POINT('Ctrl Pts',(19.3042237497866,30.9386082738638,11.));
#9330=CARTESIAN_POINT('Ctrl Pts',(19.2984828278586,30.8765980003693,10.));
#9331=CARTESIAN_POINT('Ctrl Pts',(19.2984828278586,30.8765980003693,11.));
#9332=CARTESIAN_POINT('Ctrl Pts',(19.2866208225913,30.7484711594136,10.));
#9333=CARTESIAN_POINT('Ctrl Pts',(19.2866208225913,30.7484711594136,11.));
#9334=CARTESIAN_POINT('Ctrl Pts',(19.2172465374244,30.6399178023639,10.));
#9335=CARTESIAN_POINT('Ctrl Pts',(19.2172465374244,30.6399178023639,11.));
#9336=CARTESIAN_POINT('Ctrl Pts',(19.1814477182925,30.5839016288519,10.));
#9337=CARTESIAN_POINT('Ctrl Pts',(19.1814477182925,30.5839016288519,11.));
#9338=CARTESIAN_POINT('',(19.3042237497866,30.9386082738638,10.));
#9339=CARTESIAN_POINT('Ctrl Pts',(19.1814477182925,30.5839016288519,10.));
#9340=CARTESIAN_POINT('Ctrl Pts',(19.2172465374244,30.6399178023639,10.));
#9341=CARTESIAN_POINT('Ctrl Pts',(19.2866208225913,30.7484711594136,10.));
#9342=CARTESIAN_POINT('Ctrl Pts',(19.2984828278586,30.8765980003693,10.));
#9343=CARTESIAN_POINT('Ctrl Pts',(19.3042237497866,30.9386082738638,10.));
#9344=CARTESIAN_POINT('',(19.3042237497866,30.9386082738638,11.));
#9345=CARTESIAN_POINT('Ctrl Pts',(19.3042237497866,30.9386082738638,11.));
#9346=CARTESIAN_POINT('Ctrl Pts',(19.2984828278586,30.8765980003693,11.));
#9347=CARTESIAN_POINT('Ctrl Pts',(19.2866208225913,30.7484711594136,11.));
#9348=CARTESIAN_POINT('Ctrl Pts',(19.2172465374244,30.6399178023639,11.));
#9349=CARTESIAN_POINT('Ctrl Pts',(19.1814477182925,30.5839016288519,11.));
#9350=CARTESIAN_POINT('',(19.3042237497866,30.9386082738638,10.));
#9351=CARTESIAN_POINT('Ctrl Pts',(19.1268784739077,31.2660297006369,10.));
#9352=CARTESIAN_POINT('Ctrl Pts',(19.1268784739077,31.2660297006369,11.));
#9353=CARTESIAN_POINT('Ctrl Pts',(19.1786011874257,31.2245936313555,10.));
#9354=CARTESIAN_POINT('Ctrl Pts',(19.1786011874257,31.2245936313555,11.));
#9355=CARTESIAN_POINT('Ctrl Pts',(19.2835505428584,31.1405166665759,10.));
#9356=CARTESIAN_POINT('Ctrl Pts',(19.2835505428584,31.1405166665759,11.));
#9357=CARTESIAN_POINT('Ctrl Pts',(19.2972671609182,31.0065509826104,10.));
#9358=CARTESIAN_POINT('Ctrl Pts',(19.2972671609182,31.0065509826104,11.));
#9359=CARTESIAN_POINT('Ctrl Pts',(19.3042237497866,30.9386082738638,10.));
#9360=CARTESIAN_POINT('Ctrl Pts',(19.3042237497866,30.9386082738638,11.));
#9361=CARTESIAN_POINT('',(19.1268784739077,31.2660297006369,10.));
#9362=CARTESIAN_POINT('Ctrl Pts',(19.3042237497866,30.9386082738638,10.));
#9363=CARTESIAN_POINT('Ctrl Pts',(19.2972671609182,31.0065509826104,10.));
#9364=CARTESIAN_POINT('Ctrl Pts',(19.2835505428584,31.1405166665759,10.));
#9365=CARTESIAN_POINT('Ctrl Pts',(19.1786011874257,31.2245936313555,10.));
#9366=CARTESIAN_POINT('Ctrl Pts',(19.1268784739077,31.2660297006369,10.));
#9367=CARTESIAN_POINT('',(19.1268784739077,31.2660297006369,11.));
#9368=CARTESIAN_POINT('Ctrl Pts',(19.1268784739077,31.2660297006369,11.));
#9369=CARTESIAN_POINT('Ctrl Pts',(19.1786011874257,31.2245936313555,11.));
#9370=CARTESIAN_POINT('Ctrl Pts',(19.2835505428584,31.1405166665759,11.));
#9371=CARTESIAN_POINT('Ctrl Pts',(19.2972671609182,31.0065509826104,11.));
#9372=CARTESIAN_POINT('Ctrl Pts',(19.3042237497866,30.9386082738638,11.));
#9373=CARTESIAN_POINT('',(19.1268784739077,31.2660297006369,10.));
#9374=CARTESIAN_POINT('Ctrl Pts',(18.6548382975161,31.3315140455961,10.));
#9375=CARTESIAN_POINT('Ctrl Pts',(18.6548382975161,31.3315140455961,11.));
#9376=CARTESIAN_POINT('Ctrl Pts',(18.7558037631503,31.332909369629,10.));
#9377=CARTESIAN_POINT('Ctrl Pts',(18.7558037631503,31.332909369629,11.));
#9378=CARTESIAN_POINT('Ctrl Pts',(18.9171795124247,31.3351395525917,10.));
#9379=CARTESIAN_POINT('Ctrl Pts',(18.9171795124247,31.3351395525917,11.));
#9380=CARTESIAN_POINT('Ctrl Pts',(19.0697604779015,31.2848539056784,10.));
#9381=CARTESIAN_POINT('Ctrl Pts',(19.0697604779015,31.2848539056784,11.));
#9382=CARTESIAN_POINT('Ctrl Pts',(19.1268784739077,31.2660297006369,10.));
#9383=CARTESIAN_POINT('Ctrl Pts',(19.1268784739077,31.2660297006369,11.));
#9384=CARTESIAN_POINT('',(18.6548382975161,31.3315140455961,10.));
#9385=CARTESIAN_POINT('Ctrl Pts',(19.1268784739077,31.2660297006369,10.));
#9386=CARTESIAN_POINT('Ctrl Pts',(19.0697604779015,31.2848539056784,10.));
#9387=CARTESIAN_POINT('Ctrl Pts',(18.9171795124247,31.3351395525917,10.));
#9388=CARTESIAN_POINT('Ctrl Pts',(18.7558037631503,31.332909369629,10.));
#9389=CARTESIAN_POINT('Ctrl Pts',(18.6548382975161,31.3315140455961,10.));
#9390=CARTESIAN_POINT('',(18.6548382975161,31.3315140455961,11.));
#9391=CARTESIAN_POINT('Ctrl Pts',(18.6548382975161,31.3315140455961,11.));
#9392=CARTESIAN_POINT('Ctrl Pts',(18.7558037631503,31.332909369629,11.));
#9393=CARTESIAN_POINT('Ctrl Pts',(18.9171795124247,31.3351395525917,11.));
#9394=CARTESIAN_POINT('Ctrl Pts',(19.0697604779015,31.2848539056784,11.));
#9395=CARTESIAN_POINT('Ctrl Pts',(19.1268784739077,31.2660297006369,11.));
#9396=CARTESIAN_POINT('',(18.6548382975161,31.3315140455961,10.));
#9397=CARTESIAN_POINT('Origin',(17.7489716745913,31.3315140455961,10.));
#9398=CARTESIAN_POINT('',(17.7489716745913,31.3315140455961,10.));
#9399=CARTESIAN_POINT('',(8.87448583729565,31.3315140455961,10.));
#9400=CARTESIAN_POINT('',(17.7489716745913,31.3315140455961,11.));
#9401=CARTESIAN_POINT('',(18.6548382975161,31.3315140455961,11.));
#9402=CARTESIAN_POINT('',(17.7489716745913,31.3315140455961,10.));
#9403=CARTESIAN_POINT('Origin',(17.5252396799624,30.2564802020788,10.));
#9404=CARTESIAN_POINT('',(14.1437383490844,14.0083419837511,10.));
#9405=CARTESIAN_POINT('',(17.7489716745913,31.3315140455961,11.));
#9406=CARTESIAN_POINT('Origin',(16.2291962839663,27.9999997466803,10.));
#9407=CARTESIAN_POINT('',(17.053209040314,27.9999997466803,10.));
#9408=CARTESIAN_POINT('',(16.2291962839663,27.9999997466803,10.));
#9409=CARTESIAN_POINT('',(8.11459814198315,27.9999997466803,10.));
#9410=CARTESIAN_POINT('',(17.053209040314,27.9999997466803,11.));
#9411=CARTESIAN_POINT('',(17.053209040314,27.9999997466803,10.));
#9412=CARTESIAN_POINT('',(16.2291962839663,27.9999997466803,11.));
#9413=CARTESIAN_POINT('',(17.053209040314,27.9999997466803,11.));
#9414=CARTESIAN_POINT('',(16.2291962839663,27.9999997466803,10.));
#9415=CARTESIAN_POINT('Origin',(17.0668465830386,31.9999998062849,10.));
#9416=CARTESIAN_POINT('',(17.0668465830386,31.9999998062849,10.));
#9417=CARTESIAN_POINT('',(13.4985084725251,14.9602486469387,10.));
#9418=CARTESIAN_POINT('',(17.0668465830386,31.9999998062849,11.));
#9419=CARTESIAN_POINT('',(16.2291962839663,27.9999997466803,11.));
#9420=CARTESIAN_POINT('',(17.0668465830386,31.9999998062849,10.));
#9421=CARTESIAN_POINT('Origin',(18.843112681061,31.9999998062849,10.));
#9422=CARTESIAN_POINT('',(18.843112681061,31.9999998062849,10.));
#9423=CARTESIAN_POINT('',(9.42155634053051,31.9999998062849,10.));
#9424=CARTESIAN_POINT('',(18.843112681061,31.9999998062849,11.));
#9425=CARTESIAN_POINT('',(17.0668465830386,31.9999998062849,11.));
#9426=CARTESIAN_POINT('',(18.843112681061,31.9999998062849,10.));
#9427=CARTESIAN_POINT('Ctrl Pts',(19.5566136576235,31.9058658927679,10.));
#9428=CARTESIAN_POINT('Ctrl Pts',(19.5566136576235,31.9058658927679,11.));
#9429=CARTESIAN_POINT('Ctrl Pts',(19.4551820240624,31.9332034065556,10.));
#9430=CARTESIAN_POINT('Ctrl Pts',(19.4551820240624,31.9332034065556,11.));
#9431=CARTESIAN_POINT('Ctrl Pts',(19.2218602644068,31.9960875049145,10.));
#9432=CARTESIAN_POINT('Ctrl Pts',(19.2218602644068,31.9960875049145,11.));
#9433=CARTESIAN_POINT('Ctrl Pts',(18.9798909965391,31.9985869444883,10.));
#9434=CARTESIAN_POINT('Ctrl Pts',(18.9798909965391,31.9985869444883,11.));
#9435=CARTESIAN_POINT('Ctrl Pts',(18.843112681061,31.9999998062849,10.));
#9436=CARTESIAN_POINT('Ctrl Pts',(18.843112681061,31.9999998062849,11.));
#9437=CARTESIAN_POINT('',(19.5566136576235,31.9058658927679,10.));
#9438=CARTESIAN_POINT('Ctrl Pts',(18.843112681061,31.9999998062849,10.));
#9439=CARTESIAN_POINT('Ctrl Pts',(18.9798909965391,31.9985869444883,10.));
#9440=CARTESIAN_POINT('Ctrl Pts',(19.2218602644068,31.9960875049145,10.));
#9441=CARTESIAN_POINT('Ctrl Pts',(19.4551820240624,31.9332034065556,10.));
#9442=CARTESIAN_POINT('Ctrl Pts',(19.5566136576235,31.9058658927679,10.));
#9443=CARTESIAN_POINT('',(19.5566136576235,31.9058658927679,11.));
#9444=CARTESIAN_POINT('Ctrl Pts',(19.5566136576235,31.9058658927679,11.));
#9445=CARTESIAN_POINT('Ctrl Pts',(19.4551820240624,31.9332034065556,11.));
#9446=CARTESIAN_POINT('Ctrl Pts',(19.2218602644068,31.9960875049145,11.));
#9447=CARTESIAN_POINT('Ctrl Pts',(18.9798909965391,31.9985869444883,11.));
#9448=CARTESIAN_POINT('Ctrl Pts',(18.843112681061,31.9999998062849,11.));
#9449=CARTESIAN_POINT('',(19.5566136576235,31.9058658927679,10.));
#9450=CARTESIAN_POINT('Ctrl Pts',(19.9686200357974,31.5607091039419,10.));
#9451=CARTESIAN_POINT('Ctrl Pts',(19.9686200357974,31.5607091039419,11.));
#9452=CARTESIAN_POINT('Ctrl Pts',(19.9132508582157,31.6374614247838,10.));
#9453=CARTESIAN_POINT('Ctrl Pts',(19.9132508582157,31.6374614247838,11.));
#9454=CARTESIAN_POINT('Ctrl Pts',(19.8050032129829,31.7875134638454,10.));
#9455=CARTESIAN_POINT('Ctrl Pts',(19.8050032129829,31.7875134638454,11.));
#9456=CARTESIAN_POINT('Ctrl Pts',(19.6381302959441,31.867024919246,10.));
#9457=CARTESIAN_POINT('Ctrl Pts',(19.6381302959441,31.867024919246,11.));
#9458=CARTESIAN_POINT('Ctrl Pts',(19.5566136576235,31.9058658927679,10.));
#9459=CARTESIAN_POINT('Ctrl Pts',(19.5566136576235,31.9058658927679,11.));
#9460=CARTESIAN_POINT('',(19.9686200357974,31.5607091039419,10.));
#9461=CARTESIAN_POINT('Ctrl Pts',(19.5566136576235,31.9058658927679,10.));
#9462=CARTESIAN_POINT('Ctrl Pts',(19.6381302959441,31.867024919246,10.));
#9463=CARTESIAN_POINT('Ctrl Pts',(19.8050032129829,31.7875134638454,10.));
#9464=CARTESIAN_POINT('Ctrl Pts',(19.9132508582157,31.6374614247838,10.));
#9465=CARTESIAN_POINT('Ctrl Pts',(19.9686200357974,31.5607091039419,10.));
#9466=CARTESIAN_POINT('',(19.9686200357974,31.5607091039419,11.));
#9467=CARTESIAN_POINT('Ctrl Pts',(19.9686200357974,31.5607091039419,11.));
#9468=CARTESIAN_POINT('Ctrl Pts',(19.9132508582157,31.6374614247838,11.));
#9469=CARTESIAN_POINT('Ctrl Pts',(19.8050032129829,31.7875134638454,11.));
#9470=CARTESIAN_POINT('Ctrl Pts',(19.6381302959441,31.867024919246,11.));
#9471=CARTESIAN_POINT('Ctrl Pts',(19.5566136576235,31.9058658927679,11.));
#9472=CARTESIAN_POINT('',(19.9686200357974,31.5607091039419,10.));
#9473=CARTESIAN_POINT('Ctrl Pts',(20.1255089975893,30.95225058496,10.));
#9474=CARTESIAN_POINT('Ctrl Pts',(20.1255089975893,30.95225058496,11.));
#9475=CARTESIAN_POINT('Ctrl Pts',(20.1203757689429,31.0646358305767,10.));
#9476=CARTESIAN_POINT('Ctrl Pts',(20.1203757689429,31.0646358305767,11.));
#9477=CARTESIAN_POINT('Ctrl Pts',(20.1105964799707,31.2787404163651,10.));
#9478=CARTESIAN_POINT('Ctrl Pts',(20.1105964799707,31.2787404163651,11.));
#9479=CARTESIAN_POINT('Ctrl Pts',(20.014347256043,31.4698937271075,10.));
#9480=CARTESIAN_POINT('Ctrl Pts',(20.014347256043,31.4698937271075,11.));
#9481=CARTESIAN_POINT('Ctrl Pts',(19.9686200357974,31.5607091039419,10.));
#9482=CARTESIAN_POINT('Ctrl Pts',(19.9686200357974,31.5607091039419,11.));
#9483=CARTESIAN_POINT('',(20.1255089975893,30.95225058496,10.));
#9484=CARTESIAN_POINT('Ctrl Pts',(19.9686200357974,31.5607091039419,10.));
#9485=CARTESIAN_POINT('Ctrl Pts',(20.014347256043,31.4698937271075,10.));
#9486=CARTESIAN_POINT('Ctrl Pts',(20.1105964799707,31.2787404163651,10.));
#9487=CARTESIAN_POINT('Ctrl Pts',(20.1203757689429,31.0646358305767,10.));
#9488=CARTESIAN_POINT('Ctrl Pts',(20.1255089975893,30.95225058496,10.));
#9489=CARTESIAN_POINT('',(20.1255089975893,30.95225058496,11.));
#9490=CARTESIAN_POINT('Ctrl Pts',(20.1255089975893,30.95225058496,11.));
#9491=CARTESIAN_POINT('Ctrl Pts',(20.1203757689429,31.0646358305767,11.));
#9492=CARTESIAN_POINT('Ctrl Pts',(20.1105964799707,31.2787404163651,11.));
#9493=CARTESIAN_POINT('Ctrl Pts',(20.014347256043,31.4698937271075,11.));
#9494=CARTESIAN_POINT('Ctrl Pts',(19.9686200357974,31.5607091039419,11.));
#9495=CARTESIAN_POINT('',(20.1255089975893,30.95225058496,10.));
#9496=CARTESIAN_POINT('Ctrl Pts',(19.8199135996401,30.1105048507452,10.));
#9497=CARTESIAN_POINT('Ctrl Pts',(19.8199135996401,30.1105048507452,11.));
#9498=CARTESIAN_POINT('Ctrl Pts',(19.9090166716373,30.2311942663906,10.));
#9499=CARTESIAN_POINT('Ctrl Pts',(19.9090166716373,30.2311942663906,11.));
#9500=CARTESIAN_POINT('Ctrl Pts',(20.0935468460771,30.4811389475659,10.));
#9501=CARTESIAN_POINT('Ctrl Pts',(20.0935468460771,30.4811389475659,11.));
#9502=CARTESIAN_POINT('Ctrl Pts',(20.1146142798645,30.7916660165424,10.));
#9503=CARTESIAN_POINT('Ctrl Pts',(20.1146142798645,30.7916660165424,11.));
#9504=CARTESIAN_POINT('Ctrl Pts',(20.1255089975893,30.95225058496,10.));
#9505=CARTESIAN_POINT('Ctrl Pts',(20.1255089975893,30.95225058496,11.));
#9506=CARTESIAN_POINT('',(19.8199135996401,30.1105048507452,10.));
#9507=CARTESIAN_POINT('Ctrl Pts',(20.1255089975893,30.95225058496,10.));
#9508=CARTESIAN_POINT('Ctrl Pts',(20.1146142798645,30.7916660165424,10.));
#9509=CARTESIAN_POINT('Ctrl Pts',(20.0935468460771,30.4811389475659,10.));
#9510=CARTESIAN_POINT('Ctrl Pts',(19.9090166716373,30.2311942663906,10.));
#9511=CARTESIAN_POINT('Ctrl Pts',(19.8199135996401,30.1105048507452,10.));
#9512=CARTESIAN_POINT('',(19.8199135996401,30.1105048507452,11.));
#9513=CARTESIAN_POINT('Ctrl Pts',(19.8199135996401,30.1105048507452,11.));
#9514=CARTESIAN_POINT('Ctrl Pts',(19.9090166716373,30.2311942663906,11.));
#9515=CARTESIAN_POINT('Ctrl Pts',(20.0935468460771,30.4811389475659,11.));
#9516=CARTESIAN_POINT('Ctrl Pts',(20.1146142798645,30.7916660165424,11.));
#9517=CARTESIAN_POINT('Ctrl Pts',(20.1255089975893,30.95225058496,11.));
#9518=CARTESIAN_POINT('',(19.8199135996401,30.1105048507452,10.));
#9519=CARTESIAN_POINT('Ctrl Pts',(18.8949544169009,29.6998634189367,10.));
#9520=CARTESIAN_POINT('Ctrl Pts',(18.8949544169009,29.6998634189367,11.));
#9521=CARTESIAN_POINT('Ctrl Pts',(19.0827438548302,29.7311106552339,10.));
#9522=CARTESIAN_POINT('Ctrl Pts',(19.0827438548302,29.7311106552339,11.));
#9523=CARTESIAN_POINT('Ctrl Pts',(19.427847271307,29.7885341616917,10.));
#9524=CARTESIAN_POINT('Ctrl Pts',(19.427847271307,29.7885341616917,11.));
#9525=CARTESIAN_POINT('Ctrl Pts',(19.6971520977984,30.0096912830377,10.));
#9526=CARTESIAN_POINT('Ctrl Pts',(19.6971520977984,30.0096912830377,11.));
#9527=CARTESIAN_POINT('Ctrl Pts',(19.8199135996401,30.1105048507452,10.));
#9528=CARTESIAN_POINT('Ctrl Pts',(19.8199135996401,30.1105048507452,11.));
#9529=CARTESIAN_POINT('',(18.8949544169009,29.6998634189367,10.));
#9530=CARTESIAN_POINT('Ctrl Pts',(19.8199135996401,30.1105048507452,10.));
#9531=CARTESIAN_POINT('Ctrl Pts',(19.6971520977984,30.0096912830377,10.));
#9532=CARTESIAN_POINT('Ctrl Pts',(19.427847271307,29.7885341616917,10.));
#9533=CARTESIAN_POINT('Ctrl Pts',(19.0827438548302,29.7311106552339,10.));
#9534=CARTESIAN_POINT('Ctrl Pts',(18.8949544169009,29.6998634189367,10.));
#9535=CARTESIAN_POINT('',(18.8949544169009,29.6998634189367,11.));
#9536=CARTESIAN_POINT('Ctrl Pts',(18.8949544169009,29.6998634189367,11.));
#9537=CARTESIAN_POINT('Ctrl Pts',(19.0827438548302,29.7311106552339,11.));
#9538=CARTESIAN_POINT('Ctrl Pts',(19.427847271307,29.7885341616917,11.));
#9539=CARTESIAN_POINT('Ctrl Pts',(19.6971520977984,30.0096912830377,11.));
#9540=CARTESIAN_POINT('Ctrl Pts',(19.8199135996401,30.1105048507452,11.));
#9541=CARTESIAN_POINT('',(18.8949544169009,29.6998634189367,10.));
#9542=CARTESIAN_POINT('Ctrl Pts',(19.1923577524722,29.326057061553,10.));
#9543=CARTESIAN_POINT('Ctrl Pts',(19.1923577524722,29.326057061553,11.));
#9544=CARTESIAN_POINT('Ctrl Pts',(19.1469877419091,29.3979543647107,10.));
#9545=CARTESIAN_POINT('Ctrl Pts',(19.1469877419091,29.3979543647107,11.));
#9546=CARTESIAN_POINT('Ctrl Pts',(19.0614623548603,29.5334854039151,10.));
#9547=CARTESIAN_POINT('Ctrl Pts',(19.0614623548603,29.5334854039151,11.));
#9548=CARTESIAN_POINT('Ctrl Pts',(18.9481541966331,29.6467051499682,10.));
#9549=CARTESIAN_POINT('Ctrl Pts',(18.9481541966331,29.6467051499682,11.));
#9550=CARTESIAN_POINT('Ctrl Pts',(18.8949544169009,29.6998634189367,10.));
#9551=CARTESIAN_POINT('Ctrl Pts',(18.8949544169009,29.6998634189367,11.));
#9552=CARTESIAN_POINT('',(19.1923577524722,29.326057061553,10.));
#9553=CARTESIAN_POINT('Ctrl Pts',(18.8949544169009,29.6998634189367,10.));
#9554=CARTESIAN_POINT('Ctrl Pts',(18.9481541966331,29.6467051499682,10.));
#9555=CARTESIAN_POINT('Ctrl Pts',(19.0614623548603,29.5334854039151,10.));
#9556=CARTESIAN_POINT('Ctrl Pts',(19.1469877419091,29.3979543647107,10.));
#9557=CARTESIAN_POINT('Ctrl Pts',(19.1923577524722,29.326057061553,10.));
#9558=CARTESIAN_POINT('',(19.1923577524722,29.326057061553,11.));
#9559=CARTESIAN_POINT('Ctrl Pts',(19.1923577524722,29.326057061553,11.));
#9560=CARTESIAN_POINT('Ctrl Pts',(19.1469877419091,29.3979543647107,11.));
#9561=CARTESIAN_POINT('Ctrl Pts',(19.0614623548603,29.5334854039151,11.));
#9562=CARTESIAN_POINT('Ctrl Pts',(18.9481541966331,29.6467051499682,11.));
#9563=CARTESIAN_POINT('Ctrl Pts',(18.8949544169009,29.6998634189367,11.));
#9564=CARTESIAN_POINT('',(19.1923577524722,29.326057061553,10.));
#9565=CARTESIAN_POINT('Ctrl Pts',(19.8062760569155,27.9999997466803,10.));
#9566=CARTESIAN_POINT('Ctrl Pts',(19.8062760569155,27.9999997466803,11.));
#9567=CARTESIAN_POINT('Ctrl Pts',(19.7039042006817,28.2557236577016,10.));
#9568=CARTESIAN_POINT('Ctrl Pts',(19.7039042006817,28.2557236577016,11.));
#9569=CARTESIAN_POINT('Ctrl Pts',(19.5225792915249,28.708671534599,10.));
#9570=CARTESIAN_POINT('Ctrl Pts',(19.5225792915249,28.708671534599,11.));
#9571=CARTESIAN_POINT('Ctrl Pts',(19.2925275803009,29.1387785390305,10.));
#9572=CARTESIAN_POINT('Ctrl Pts',(19.2925275803009,29.1387785390305,11.));
#9573=CARTESIAN_POINT('Ctrl Pts',(19.1923577524722,29.326057061553,10.));
#9574=CARTESIAN_POINT('Ctrl Pts',(19.1923577524722,29.326057061553,11.));
#9575=CARTESIAN_POINT('',(19.8062760569155,27.9999997466803,10.));
#9576=CARTESIAN_POINT('Ctrl Pts',(19.1923577524722,29.326057061553,10.));
#9577=CARTESIAN_POINT('Ctrl Pts',(19.2925275803009,29.1387785390305,10.));
#9578=CARTESIAN_POINT('Ctrl Pts',(19.5225792915249,28.708671534599,10.));
#9579=CARTESIAN_POINT('Ctrl Pts',(19.7039042006817,28.2557236577016,10.));
#9580=CARTESIAN_POINT('Ctrl Pts',(19.8062760569155,27.9999997466803,10.));
#9581=CARTESIAN_POINT('',(19.8062760569155,27.9999997466803,11.));
#9582=CARTESIAN_POINT('Ctrl Pts',(19.8062760569155,27.9999997466803,11.));
#9583=CARTESIAN_POINT('Ctrl Pts',(19.7039042006817,28.2557236577016,11.));
#9584=CARTESIAN_POINT('Ctrl Pts',(19.5225792915249,28.708671534599,11.));
#9585=CARTESIAN_POINT('Ctrl Pts',(19.2925275803009,29.1387785390305,11.));
#9586=CARTESIAN_POINT('Ctrl Pts',(19.1923577524722,29.326057061553,11.));
#9587=CARTESIAN_POINT('',(19.8062760569155,27.9999997466803,10.));
#9588=CARTESIAN_POINT('Origin',(18.9222390390933,27.9999997466803,10.));
#9589=CARTESIAN_POINT('',(18.9222390390933,27.9999997466803,10.));
#9590=CARTESIAN_POINT('',(9.46111951954663,27.9999997466803,10.));
#9591=CARTESIAN_POINT('',(18.9222390390933,27.9999997466803,11.));
#9592=CARTESIAN_POINT('',(19.8062760569155,27.9999997466803,11.));
#9593=CARTESIAN_POINT('',(18.9222390390933,27.9999997466803,10.));
#9594=CARTESIAN_POINT('Ctrl Pts',(18.5047776438296,29.055934175849,10.));
#9595=CARTESIAN_POINT('Ctrl Pts',(18.5047776438296,29.055934175849,11.));
#9596=CARTESIAN_POINT('Ctrl Pts',(18.5942986299391,28.8494682161881,10.));
#9597=CARTESIAN_POINT('Ctrl Pts',(18.5942986299391,28.8494682161881,11.));
#9598=CARTESIAN_POINT('Ctrl Pts',(18.7449637791037,28.5019829397003,10.));
#9599=CARTESIAN_POINT('Ctrl Pts',(18.7449637791037,28.5019829397003,11.));
#9600=CARTESIAN_POINT('Ctrl Pts',(18.871064011476,28.1449100052675,10.));
#9601=CARTESIAN_POINT('Ctrl Pts',(18.871064011476,28.1449100052675,11.));
#9602=CARTESIAN_POINT('Ctrl Pts',(18.9222390390933,27.9999997466803,10.));
#9603=CARTESIAN_POINT('Ctrl Pts',(18.9222390390933,27.9999997466803,11.));
#9604=CARTESIAN_POINT('',(18.5047776438296,29.055934175849,10.));
#9605=CARTESIAN_POINT('Ctrl Pts',(18.9222390390933,27.9999997466803,10.));
#9606=CARTESIAN_POINT('Ctrl Pts',(18.871064011476,28.1449100052675,10.));
#9607=CARTESIAN_POINT('Ctrl Pts',(18.7449637791037,28.5019829397003,10.));
#9608=CARTESIAN_POINT('Ctrl Pts',(18.5942986299391,28.8494682161881,10.));
#9609=CARTESIAN_POINT('Ctrl Pts',(18.5047776438296,29.055934175849,10.));
#9610=CARTESIAN_POINT('',(18.5047776438296,29.055934175849,11.));
#9611=CARTESIAN_POINT('Ctrl Pts',(18.5047776438296,29.055934175849,11.));
#9612=CARTESIAN_POINT('Ctrl Pts',(18.5942986299391,28.8494682161881,11.));
#9613=CARTESIAN_POINT('Ctrl Pts',(18.7449637791037,28.5019829397003,11.));
#9614=CARTESIAN_POINT('Ctrl Pts',(18.871064011476,28.1449100052675,11.));
#9615=CARTESIAN_POINT('Ctrl Pts',(18.9222390390933,27.9999997466803,11.));
#9616=CARTESIAN_POINT('',(18.5047776438296,29.055934175849,10.));
#9617=CARTESIAN_POINT('Ctrl Pts',(18.1446130014956,29.5770802348852,10.));
#9618=CARTESIAN_POINT('Ctrl Pts',(18.1446130014956,29.5770802348852,11.));
#9619=CARTESIAN_POINT('Ctrl Pts',(18.2104919409389,29.5142767949375,10.));
#9620=CARTESIAN_POINT('Ctrl Pts',(18.2104919409389,29.5142767949375,11.));
#9621=CARTESIAN_POINT('Ctrl Pts',(18.365942449796,29.3660833543576,10.));
#9622=CARTESIAN_POINT('Ctrl Pts',(18.365942449796,29.3660833543576,11.));
#9623=CARTESIAN_POINT('Ctrl Pts',(18.4540243145491,29.1693139531632,10.));
#9624=CARTESIAN_POINT('Ctrl Pts',(18.4540243145491,29.1693139531632,11.));
#9625=CARTESIAN_POINT('Ctrl Pts',(18.5047776438296,29.055934175849,10.));
#9626=CARTESIAN_POINT('Ctrl Pts',(18.5047776438296,29.055934175849,11.));
#9627=CARTESIAN_POINT('',(18.1446130014956,29.5770802348852,10.));
#9628=CARTESIAN_POINT('Ctrl Pts',(18.5047776438296,29.055934175849,10.));
#9629=CARTESIAN_POINT('Ctrl Pts',(18.4540243145491,29.1693139531632,10.));
#9630=CARTESIAN_POINT('Ctrl Pts',(18.365942449796,29.3660833543576,10.));
#9631=CARTESIAN_POINT('Ctrl Pts',(18.2104919409389,29.5142767949375,10.));
#9632=CARTESIAN_POINT('Ctrl Pts',(18.1446130014956,29.5770802348852,10.));
#9633=CARTESIAN_POINT('',(18.1446130014956,29.5770802348852,11.));
#9634=CARTESIAN_POINT('Ctrl Pts',(18.1446130014956,29.5770802348852,11.));
#9635=CARTESIAN_POINT('Ctrl Pts',(18.2104919409389,29.5142767949375,11.));
#9636=CARTESIAN_POINT('Ctrl Pts',(18.365942449796,29.3660833543576,11.));
#9637=CARTESIAN_POINT('Ctrl Pts',(18.4540243145491,29.1693139531632,11.));
#9638=CARTESIAN_POINT('Ctrl Pts',(18.5047776438296,29.055934175849,11.));
#9639=CARTESIAN_POINT('',(18.1446130014956,29.5770802348852,10.));
#9640=CARTESIAN_POINT('Ctrl Pts',(17.7353341318667,29.6562071889639,10.));
#9641=CARTESIAN_POINT('Ctrl Pts',(17.7353341318667,29.6562071889639,11.));
#9642=CARTESIAN_POINT('Ctrl Pts',(17.8195383422028,29.6561633867477,10.));
#9643=CARTESIAN_POINT('Ctrl Pts',(17.8195383422028,29.6561633867477,11.));
#9644=CARTESIAN_POINT('Ctrl Pts',(17.9617452643367,29.6560894120815,10.));
#9645=CARTESIAN_POINT('Ctrl Pts',(17.9617452643367,29.6560894120815,11.));
#9646=CARTESIAN_POINT('Ctrl Pts',(18.0916344087713,29.5999699752254,10.));
#9647=CARTESIAN_POINT('Ctrl Pts',(18.0916344087713,29.5999699752254,11.));
#9648=CARTESIAN_POINT('Ctrl Pts',(18.1446130014956,29.5770802348852,10.));
#9649=CARTESIAN_POINT('Ctrl Pts',(18.1446130014956,29.5770802348852,11.));
#9650=CARTESIAN_POINT('',(17.7353341318667,29.6562071889639,10.));
#9651=CARTESIAN_POINT('Ctrl Pts',(18.1446130014956,29.5770802348852,10.));
#9652=CARTESIAN_POINT('Ctrl Pts',(18.0916344087713,29.5999699752254,10.));
#9653=CARTESIAN_POINT('Ctrl Pts',(17.9617452643367,29.6560894120815,10.));
#9654=CARTESIAN_POINT('Ctrl Pts',(17.8195383422028,29.6561633867477,10.));
#9655=CARTESIAN_POINT('Ctrl Pts',(17.7353341318667,29.6562071889639,10.));
#9656=CARTESIAN_POINT('',(17.7353341318667,29.6562071889639,11.));
#9657=CARTESIAN_POINT('Ctrl Pts',(17.7353341318667,29.6562071889639,11.));
#9658=CARTESIAN_POINT('Ctrl Pts',(17.8195383422028,29.6561633867477,11.));
#9659=CARTESIAN_POINT('Ctrl Pts',(17.9617452643367,29.6560894120815,11.));
#9660=CARTESIAN_POINT('Ctrl Pts',(18.0916344087713,29.5999699752254,11.));
#9661=CARTESIAN_POINT('Ctrl Pts',(18.1446130014956,29.5770802348852,11.));
#9662=CARTESIAN_POINT('',(17.7353341318667,29.6562071889639,10.));
#9663=CARTESIAN_POINT('Origin',(17.3997266031802,29.6562071889639,10.));
#9664=CARTESIAN_POINT('',(17.3997266031802,29.6562071889639,10.));
#9665=CARTESIAN_POINT('',(8.69986330159009,29.6562071889639,10.));
#9666=CARTESIAN_POINT('',(17.3997266031802,29.6562071889639,11.));
#9667=CARTESIAN_POINT('',(17.7353341318667,29.6562071889639,11.));
#9668=CARTESIAN_POINT('',(17.3997266031802,29.6562071889639,10.));
#9669=CARTESIAN_POINT('Origin',(17.053209040314,27.9999997466803,10.));
#9670=CARTESIAN_POINT('',(13.889329179272,12.8779917047035,10.));
#9671=CARTESIAN_POINT('',(17.3997266031802,29.6562071889639,11.));
#9672=CARTESIAN_POINT('Origin',(1.28522515296936E-6,29.9986354261637,11.));
#9673=CARTESIAN_POINT('Origin',(0.,0.,10.));
#9674=CARTESIAN_POINT('Origin',(25.9481579996645,29.8199179023504,10.));
#9675=CARTESIAN_POINT('',(24.4283730722964,29.8199179023504,10.));
#9676=CARTESIAN_POINT('',(25.9481579996645,29.8199179023504,10.));
#9677=CARTESIAN_POINT('',(12.9740789998323,29.8199179023504,10.));
#9678=CARTESIAN_POINT('',(24.4283730722964,29.8199179023504,11.));
#9679=CARTESIAN_POINT('',(24.4283730722964,29.8199179023504,10.));
#9680=CARTESIAN_POINT('',(25.9481579996645,29.8199179023504,11.));
#9681=CARTESIAN_POINT('',(24.4283730722964,29.8199179023504,11.));
#9682=CARTESIAN_POINT('',(25.9481579996645,29.8199179023504,10.));
#9683=CARTESIAN_POINT('Origin',(25.7899052836001,29.064119681716,10.));
#9684=CARTESIAN_POINT('',(25.7899052836001,29.064119681716,10.));
#9685=CARTESIAN_POINT('',(22.3333148283617,12.5558095528253,10.));
#9686=CARTESIAN_POINT('',(25.7899052836001,29.064119681716,11.));
#9687=CARTESIAN_POINT('',(25.9481579996645,29.8199179023504,11.));
#9688=CARTESIAN_POINT('',(25.7899052836001,29.064119681716,10.));
#9689=CARTESIAN_POINT('Origin',(24.2701203562319,29.064119681716,10.));
#9690=CARTESIAN_POINT('',(24.2701203562319,29.064119681716,10.));
#9691=CARTESIAN_POINT('',(12.135060178116,29.064119681716,10.));
#9692=CARTESIAN_POINT('',(24.2701203562319,29.064119681716,11.));
#9693=CARTESIAN_POINT('',(25.7899052836001,29.064119681716,11.));
#9694=CARTESIAN_POINT('',(24.2701203562319,29.064119681716,10.));
#9695=CARTESIAN_POINT('Origin',(24.4283730722964,29.8199179023504,10.));
#9696=CARTESIAN_POINT('',(20.9245722235846,13.0861359315224,10.));
#9697=CARTESIAN_POINT('',(24.2701203562319,29.064119681716,11.));
#9698=CARTESIAN_POINT('Origin',(1.28522515296936E-6,29.9986354261637,11.));
#9699=CARTESIAN_POINT('Origin',(21.0750348307192,31.9999998062849,10.));
#9700=CARTESIAN_POINT('',(20.2401120401919,27.9999997466803,10.));
#9701=CARTESIAN_POINT('',(21.0750348307192,31.9999998062849,10.));
#9702=CARTESIAN_POINT('',(17.4348378151952,14.5603174257474,10.));
#9703=CARTESIAN_POINT('',(20.2401120401919,27.9999997466803,11.));
#9704=CARTESIAN_POINT('',(20.2401120401919,27.9999997466803,10.));
#9705=CARTESIAN_POINT('',(21.0750348307192,31.9999998062849,11.));
#9706=CARTESIAN_POINT('',(20.2401120401919,27.9999997466803,11.));
#9707=CARTESIAN_POINT('',(21.0750348307192,31.9999998062849,10.));
#9708=CARTESIAN_POINT('Origin',(21.8990475870669,31.9999998062849,10.));
#9709=CARTESIAN_POINT('',(21.8990475870669,31.9999998062849,10.));
#9710=CARTESIAN_POINT('',(10.9495237935334,31.9999998062849,10.));
#9711=CARTESIAN_POINT('',(21.8990475870669,31.9999998062849,11.));
#9712=CARTESIAN_POINT('',(21.0750348307192,31.9999998062849,11.));
#9713=CARTESIAN_POINT('',(21.8990475870669,31.9999998062849,10.));
#9714=CARTESIAN_POINT('Origin',(21.5443379618227,30.3001358360052,10.));
#9715=CARTESIAN_POINT('',(21.5443379618227,30.3001358360052,10.));
#9716=CARTESIAN_POINT('',(18.0654129264433,13.6281909490425,10.));
#9717=CARTESIAN_POINT('',(21.5443379618227,30.3001358360052,11.));
#9718=CARTESIAN_POINT('',(21.8990475870669,31.9999998062849,11.));
#9719=CARTESIAN_POINT('',(21.5443379618227,30.3001358360052,10.));
#9720=CARTESIAN_POINT('Origin',(23.3942754007876,31.9999998062849,10.));
#9721=CARTESIAN_POINT('',(23.3942754007876,31.9999998062849,10.));
#9722=CARTESIAN_POINT('',(9.08061980671582,18.8475185845578,10.));
#9723=CARTESIAN_POINT('',(23.3942754007876,31.9999998062849,11.));
#9724=CARTESIAN_POINT('',(21.5443379618227,30.3001358360052,11.));
#9725=CARTESIAN_POINT('',(23.3942754007876,31.9999998062849,10.));
#9726=CARTESIAN_POINT('Origin',(24.4965893961489,31.9999998062849,10.));
#9727=CARTESIAN_POINT('',(24.4965893961489,31.9999998062849,10.));
#9728=CARTESIAN_POINT('',(12.2482946980745,31.9999998062849,10.));
#9729=CARTESIAN_POINT('',(24.4965893961489,31.9999998062849,11.));
#9730=CARTESIAN_POINT('',(23.3942754007876,31.9999998062849,11.));
#9731=CARTESIAN_POINT('',(24.4965893961489,31.9999998062849,10.));
#9732=CARTESIAN_POINT('Origin',(22.701230738312,30.4311051219702,10.));
#9733=CARTESIAN_POINT('',(22.701230738312,30.4311051219702,10.));
#9734=CARTESIAN_POINT('',(8.72616408704543,18.2188333920795,10.));
#9735=CARTESIAN_POINT('',(22.701230738312,30.4311051219702,11.));
#9736=CARTESIAN_POINT('',(24.4965893961489,31.9999998062849,11.));
#9737=CARTESIAN_POINT('',(22.701230738312,30.4311051219702,10.));
#9738=CARTESIAN_POINT('Origin',(24.0191037394106,27.9999997466803,10.));
#9739=CARTESIAN_POINT('',(24.0191037394106,27.9999997466803,10.));
#9740=CARTESIAN_POINT('',(27.1570894262051,22.2112979033394,10.));
#9741=CARTESIAN_POINT('',(24.0191037394106,27.9999997466803,11.));
#9742=CARTESIAN_POINT('',(22.701230738312,30.4311051219702,11.));
#9743=CARTESIAN_POINT('',(24.0191037394106,27.9999997466803,10.));
#9744=CARTESIAN_POINT('Origin',(23.0886800028384,27.9999997466803,10.));
#9745=CARTESIAN_POINT('',(23.0886800028384,27.9999997466803,10.));
#9746=CARTESIAN_POINT('',(11.5443400014192,27.9999997466803,10.));
#9747=CARTESIAN_POINT('',(23.0886800028384,27.9999997466803,11.));
#9748=CARTESIAN_POINT('',(24.0191037394106,27.9999997466803,11.));
#9749=CARTESIAN_POINT('',(23.0886800028384,27.9999997466803,10.));
#9750=CARTESIAN_POINT('Origin',(22.1009595133364,29.9045016616583,10.));
#9751=CARTESIAN_POINT('',(22.1009595133364,29.9045016616583,10.));
#9752=CARTESIAN_POINT('',(25.8696348397773,22.6378210041008,10.));
#9753=CARTESIAN_POINT('',(22.1009595133364,29.9045016616583,11.));
#9754=CARTESIAN_POINT('',(23.0886800028384,27.9999997466803,11.));
#9755=CARTESIAN_POINT('',(22.1009595133364,29.9045016616583,10.));
#9756=CARTESIAN_POINT('Origin',(21.3233334757388,29.2251022905111,10.));
#9757=CARTESIAN_POINT('',(21.3233334757388,29.2251022905111,10.));
#9758=CARTESIAN_POINT('',(8.03682285506459,17.616891500254,10.));
#9759=CARTESIAN_POINT('',(21.3233334757388,29.2251022905111,11.));
#9760=CARTESIAN_POINT('',(22.1009595133364,29.9045016616583,11.));
#9761=CARTESIAN_POINT('',(21.3233334757388,29.2251022905111,10.));
#9762=CARTESIAN_POINT('Origin',(21.0668523050845,27.9999997466803,10.));
#9763=CARTESIAN_POINT('',(21.0668523050845,27.9999997466803,10.));
#9764=CARTESIAN_POINT('',(17.8166639435229,12.4752186505838,10.));
#9765=CARTESIAN_POINT('',(21.0668523050845,27.9999997466803,11.));
#9766=CARTESIAN_POINT('',(21.3233334757388,29.2251022905111,11.));
#9767=CARTESIAN_POINT('',(21.0668523050845,27.9999997466803,10.));
#9768=CARTESIAN_POINT('Origin',(20.2401120401919,27.9999997466803,10.));
#9769=CARTESIAN_POINT('',(10.1200560200959,27.9999997466803,10.));
#9770=CARTESIAN_POINT('',(21.0668523050845,27.9999997466803,11.));
#9771=CARTESIAN_POINT('Origin',(1.28522515296936E-6,29.9986354261637,11.));
#9772=CARTESIAN_POINT('Origin',(14.4638497568667,31.1596178263426,10.));
#9773=CARTESIAN_POINT('',(14.6957738138735,29.5497950166464,10.));
#9774=CARTESIAN_POINT('',(14.4638497568667,31.1596178263426,10.));
#9775=CARTESIAN_POINT('',(16.5157120375994,16.9173061640321,10.));
#9776=CARTESIAN_POINT('',(14.6957738138735,29.5497950166464,11.));
#9777=CARTESIAN_POINT('',(14.6957738138735,29.5497950166464,10.));
#9778=CARTESIAN_POINT('',(14.4638497568667,31.1596178263426,11.));
#9779=CARTESIAN_POINT('',(14.6957738138735,29.5497950166464,11.));
#9780=CARTESIAN_POINT('',(14.4638497568667,31.1596178263426,10.));
#9781=CARTESIAN_POINT('Origin',(13.4979493357241,29.5497950166464,10.));
#9782=CARTESIAN_POINT('',(13.4979493357241,29.5497950166464,10.));
#9783=CARTESIAN_POINT('',(5.19307919577203,15.7084413012759,10.));
#9784=CARTESIAN_POINT('',(13.4979493357241,29.5497950166464,11.));
#9785=CARTESIAN_POINT('',(14.4638497568667,31.1596178263426,11.));
#9786=CARTESIAN_POINT('',(13.4979493357241,29.5497950166464,10.));
#9787=CARTESIAN_POINT('Origin',(14.6957738138735,29.5497950166464,10.));
#9788=CARTESIAN_POINT('',(7.34788690693676,29.5497950166464,10.));
#9789=CARTESIAN_POINT('',(13.4979493357241,29.5497950166464,11.));
#9790=CARTESIAN_POINT('Origin',(13.2114560343325,28.8840379565954,10.));
#9791=CARTESIAN_POINT('',(14.7967297770083,28.8840379565954,10.));
#9792=CARTESIAN_POINT('',(13.2114560343325,28.8840379565954,10.));
#9793=CARTESIAN_POINT('',(6.60572801716626,28.8840379565954,10.));
#9794=CARTESIAN_POINT('',(14.7967297770083,28.8840379565954,11.));
#9795=CARTESIAN_POINT('',(14.7967297770083,28.8840379565954,10.));
#9796=CARTESIAN_POINT('',(13.2114560343325,28.8840379565954,11.));
#9797=CARTESIAN_POINT('',(14.7967297770083,28.8840379565954,11.));
#9798=CARTESIAN_POINT('',(13.2114560343325,28.8840379565954,10.));
#9799=CARTESIAN_POINT('Origin',(12.7312428690493,27.9999997466803,10.));
#9800=CARTESIAN_POINT('',(12.7312428690493,27.9999997466803,10.));
#9801=CARTESIAN_POINT('',(5.40873492343557,14.5197845332713,10.));
#9802=CARTESIAN_POINT('',(12.7312428690493,27.9999997466803,11.));
#9803=CARTESIAN_POINT('',(13.2114560343325,28.8840379565954,11.));
#9804=CARTESIAN_POINT('',(12.7312428690493,27.9999997466803,10.));
#9805=CARTESIAN_POINT('Origin',(11.8854005075991,27.9999997466803,10.));
#9806=CARTESIAN_POINT('',(11.8854005075991,27.9999997466803,10.));
#9807=CARTESIAN_POINT('',(5.94270025379956,27.9999997466803,10.));
#9808=CARTESIAN_POINT('',(11.8854005075991,27.9999997466803,11.));
#9809=CARTESIAN_POINT('',(12.7312428690493,27.9999997466803,11.));
#9810=CARTESIAN_POINT('',(11.8854005075991,27.9999997466803,10.));
#9811=CARTESIAN_POINT('Origin',(14.1473443247378,31.9999998062849,10.));
#9812=CARTESIAN_POINT('',(14.1473443247378,31.9999998062849,10.));
#9813=CARTESIAN_POINT('',(5.57788395496213,16.8458471124115,10.));
#9814=CARTESIAN_POINT('',(14.1473443247378,31.9999998062849,11.));
#9815=CARTESIAN_POINT('',(11.8854005075991,27.9999997466803,11.));
#9816=CARTESIAN_POINT('',(14.1473443247378,31.9999998062849,10.));
#9817=CARTESIAN_POINT('Origin',(15.0613934732974,31.9999998062849,10.));
#9818=CARTESIAN_POINT('',(15.0613934732974,31.9999998062849,10.));
#9819=CARTESIAN_POINT('',(7.53069673664868,31.9999998062849,10.));
#9820=CARTESIAN_POINT('',(15.0613934732974,31.9999998062849,11.));
#9821=CARTESIAN_POINT('',(14.1473443247378,31.9999998062849,11.));
#9822=CARTESIAN_POINT('',(15.0613934732974,31.9999998062849,10.));
#9823=CARTESIAN_POINT('Origin',(15.7107789255679,27.9999997466803,10.));
#9824=CARTESIAN_POINT('',(15.7107789255679,27.9999997466803,10.));
#9825=CARTESIAN_POINT('',(17.7235396251821,15.6020581385382,10.));
#9826=CARTESIAN_POINT('',(15.7107789255679,27.9999997466803,11.));
#9827=CARTESIAN_POINT('',(15.0613934732974,31.9999998062849,11.));
#9828=CARTESIAN_POINT('',(15.7107789255679,27.9999997466803,10.));
#9829=CARTESIAN_POINT('Origin',(14.9304253794253,27.9999997466803,10.));
#9830=CARTESIAN_POINT('',(14.9304253794253,27.9999997466803,10.));
#9831=CARTESIAN_POINT('',(7.46521268971264,27.9999997466803,10.));
#9832=CARTESIAN_POINT('',(14.9304253794253,27.9999997466803,11.));
#9833=CARTESIAN_POINT('',(15.7107789255679,27.9999997466803,11.));
#9834=CARTESIAN_POINT('',(14.9304253794253,27.9999997466803,10.));
#9835=CARTESIAN_POINT('Origin',(14.7967297770083,28.8840379565954,10.));
#9836=CARTESIAN_POINT('',(16.7665734519266,15.8587996936641,10.));
#9837=CARTESIAN_POINT('',(14.9304253794253,27.9999997466803,11.));
#9838=CARTESIAN_POINT('Origin',(1.28522515296936E-6,29.9986354261637,11.));
#9839=CARTESIAN_POINT('Origin',(0.,0.,10.));
#9840=CARTESIAN_POINT('Origin',(3.07776281610131,31.9999998062849,10.));
#9841=CARTESIAN_POINT('',(2.24283764138818,27.9999997466803,10.));
#9842=CARTESIAN_POINT('',(3.07776281610131,31.9999998062849,10.));
#9843=CARTESIAN_POINT('',(-0.186754030870816,16.3601940153583,10.));
#9844=CARTESIAN_POINT('',(2.24283764138818,27.9999997466803,11.));
#9845=CARTESIAN_POINT('',(2.24283764138818,27.9999997466803,10.));
#9846=CARTESIAN_POINT('',(3.07776281610131,31.9999998062849,11.));
#9847=CARTESIAN_POINT('',(2.24283764138818,27.9999997466803,11.));
#9848=CARTESIAN_POINT('',(3.07776281610131,31.9999998062849,10.));
#9849=CARTESIAN_POINT('Origin',(6.04365894570947,31.9999998062849,10.));
#9850=CARTESIAN_POINT('',(6.04365894570947,31.9999998062849,10.));
#9851=CARTESIAN_POINT('',(3.02182947285473,31.9999998062849,10.));
#9852=CARTESIAN_POINT('',(6.04365894570947,31.9999998062849,11.));
#9853=CARTESIAN_POINT('',(3.07776281610131,31.9999998062849,11.));
#9854=CARTESIAN_POINT('',(6.04365894570947,31.9999998062849,10.));
#9855=CARTESIAN_POINT('Origin',(5.90449878945947,31.3315140455961,10.));
#9856=CARTESIAN_POINT('',(5.90449878945947,31.3315140455961,10.));
#9857=CARTESIAN_POINT('',(2.65615502080429,15.7273956421424,10.));
#9858=CARTESIAN_POINT('',(5.90449878945947,31.3315140455961,11.));
#9859=CARTESIAN_POINT('',(6.04365894570947,31.9999998062849,11.));
#9860=CARTESIAN_POINT('',(5.90449878945947,31.3315140455961,10.));
#9861=CARTESIAN_POINT('Origin',(3.76262018457055,31.3315140455961,10.));
#9862=CARTESIAN_POINT('',(3.76262018457055,31.3315140455961,10.));
#9863=CARTESIAN_POINT('',(1.88131009228528,31.3315140455961,10.));
#9864=CARTESIAN_POINT('',(3.76262018457055,31.3315140455961,11.));
#9865=CARTESIAN_POINT('',(5.90449878945947,31.3315140455961,11.));
#9866=CARTESIAN_POINT('',(3.76262018457055,31.3315140455961,10.));
#9867=CARTESIAN_POINT('Origin',(3.57162306085229,30.4229190200567,10.));
#9868=CARTESIAN_POINT('',(3.57162306085229,30.4229190200567,10.));
#9869=CARTESIAN_POINT('',(0.433745603751278,15.4956793173282,10.));
#9870=CARTESIAN_POINT('',(3.57162306085229,30.4229190200567,11.));
#9871=CARTESIAN_POINT('',(3.76262018457055,31.3315140455961,11.));
#9872=CARTESIAN_POINT('',(3.57162306085229,30.4229190200567,10.));
#9873=CARTESIAN_POINT('Origin',(5.64256260171533,30.4229190200567,10.));
#9874=CARTESIAN_POINT('',(5.64256260171533,30.4229190200567,10.));
#9875=CARTESIAN_POINT('',(2.82128130085766,30.4229190200567,10.));
#9876=CARTESIAN_POINT('',(5.64256260171533,30.4229190200567,11.));
#9877=CARTESIAN_POINT('',(3.57162306085229,30.4229190200567,11.));
#9878=CARTESIAN_POINT('',(5.64256260171533,30.4229190200567,10.));
#9879=CARTESIAN_POINT('Origin',(5.50341198220849,29.7544338554144,10.));
#9880=CARTESIAN_POINT('',(5.50341198220849,29.7544338554144,10.));
#9881=CARTESIAN_POINT('',(2.42093080270036,14.9460704712387,10.));
#9882=CARTESIAN_POINT('',(5.50341198220849,29.7544338554144,11.));
#9883=CARTESIAN_POINT('',(5.64256260171533,30.4229190200567,11.));
#9884=CARTESIAN_POINT('',(5.50341198220849,29.7544338554144,10.));
#9885=CARTESIAN_POINT('Origin',(3.43247005715966,29.7544338554144,10.));
#9886=CARTESIAN_POINT('',(3.43247005715966,29.7544338554144,10.));
#9887=CARTESIAN_POINT('',(1.71623502857983,29.7544338554144,10.));
#9888=CARTESIAN_POINT('',(3.43247005715966,29.7544338554144,11.));
#9889=CARTESIAN_POINT('',(5.50341198220849,29.7544338554144,11.));
#9890=CARTESIAN_POINT('',(3.43247005715966,29.7544338554144,10.));
#9891=CARTESIAN_POINT('Origin',(3.181446287781,28.668485507369,10.));
#9892=CARTESIAN_POINT('',(3.181446287781,28.668485507369,10.));
#9893=CARTESIAN_POINT('',(-0.0446220375777687,14.712263045742,10.));
#9894=CARTESIAN_POINT('',(3.181446287781,28.668485507369,11.));
#9895=CARTESIAN_POINT('',(3.43247005715966,29.7544338554144,11.));
#9896=CARTESIAN_POINT('',(3.181446287781,28.668485507369,10.));
#9897=CARTESIAN_POINT('Origin',(5.50886699929833,28.668485507369,10.));
#9898=CARTESIAN_POINT('',(5.50886699929833,28.668485507369,10.));
#9899=CARTESIAN_POINT('',(2.75443349964917,28.668485507369,10.));
#9900=CARTESIAN_POINT('',(5.50886699929833,28.668485507369,11.));
#9901=CARTESIAN_POINT('',(3.181446287781,28.668485507369,11.));
#9902=CARTESIAN_POINT('',(5.50886699929833,28.668485507369,10.));
#9903=CARTESIAN_POINT('Origin',(5.36698410287499,27.9999997466803,10.));
#9904=CARTESIAN_POINT('',(5.36698410287499,27.9999997466803,10.));
#9905=CARTESIAN_POINT('',(2.4079633047494,14.058479528296,10.));
#9906=CARTESIAN_POINT('',(5.36698410287499,27.9999997466803,11.));
#9907=CARTESIAN_POINT('',(5.50886699929833,28.668485507369,11.));
#9908=CARTESIAN_POINT('',(5.36698410287499,27.9999997466803,10.));
#9909=CARTESIAN_POINT('Origin',(2.24283764138818,27.9999997466803,10.));
#9910=CARTESIAN_POINT('',(1.12141882069409,27.9999997466803,10.));
#9911=CARTESIAN_POINT('',(5.36698410287499,27.9999997466803,11.));
#9912=CARTESIAN_POINT('Origin',(1.28522515296936E-6,29.9986354261637,11.));
#9913=CARTESIAN_POINT('Origin',(26.6248280741274,30.8676668256521,10.));
#9914=CARTESIAN_POINT('',(27.3915440775454,30.7530691474676,10.));
#9915=CARTESIAN_POINT('',(26.6248280741274,30.8676668256521,10.));
#9916=CARTESIAN_POINT('',(15.8597333152239,32.4766783231388,10.));
#9917=CARTESIAN_POINT('',(27.3915440775454,30.7530691474676,11.));
#9918=CARTESIAN_POINT('',(27.3915440775454,30.7530691474676,10.));
#9919=CARTESIAN_POINT('',(26.6248280741274,30.8676668256521,11.));
#9920=CARTESIAN_POINT('',(27.3915440775454,30.7530691474676,11.));
#9921=CARTESIAN_POINT('',(26.6248280741274,30.8676668256521,10.));
#9922=CARTESIAN_POINT('Ctrl Pts',(27.0573003031313,31.720327064395,10.));
#9923=CARTESIAN_POINT('Ctrl Pts',(27.0573003031313,31.720327064395,11.));
#9924=CARTESIAN_POINT('Ctrl Pts',(26.9535914142183,31.6056893914501,10.));
#9925=CARTESIAN_POINT('Ctrl Pts',(26.9535914142183,31.6056893914501,11.));
#9926=CARTESIAN_POINT('Ctrl Pts',(26.7326522152885,31.3614677447515,10.));
#9927=CARTESIAN_POINT('Ctrl Pts',(26.7326522152885,31.3614677447515,11.));
#9928=CARTESIAN_POINT('Ctrl Pts',(26.6622065401369,31.038848535715,10.));
#9929=CARTESIAN_POINT('Ctrl Pts',(26.6622065401369,31.038848535715,11.));
#9930=CARTESIAN_POINT('Ctrl Pts',(26.6248280741274,30.8676668256521,10.));
#9931=CARTESIAN_POINT('Ctrl Pts',(26.6248280741274,30.8676668256521,11.));
#9932=CARTESIAN_POINT('',(27.0573003031313,31.720327064395,10.));
#9933=CARTESIAN_POINT('Ctrl Pts',(26.6248280741274,30.8676668256521,10.));
#9934=CARTESIAN_POINT('Ctrl Pts',(26.6622065401369,31.038848535715,10.));
#9935=CARTESIAN_POINT('Ctrl Pts',(26.7326522152885,31.3614677447515,10.));
#9936=CARTESIAN_POINT('Ctrl Pts',(26.9535914142183,31.6056893914501,10.));
#9937=CARTESIAN_POINT('Ctrl Pts',(27.0573003031313,31.720327064395,10.));
#9938=CARTESIAN_POINT('',(27.0573003031313,31.720327064395,11.));
#9939=CARTESIAN_POINT('Ctrl Pts',(27.0573003031313,31.720327064395,11.));
#9940=CARTESIAN_POINT('Ctrl Pts',(26.9535914142183,31.6056893914501,11.));
#9941=CARTESIAN_POINT('Ctrl Pts',(26.7326522152885,31.3614677447515,11.));
#9942=CARTESIAN_POINT('Ctrl Pts',(26.6622065401369,31.038848535715,11.));
#9943=CARTESIAN_POINT('Ctrl Pts',(26.6248280741274,30.8676668256521,11.));
#9944=CARTESIAN_POINT('',(27.0573003031313,31.720327064395,10.));
#9945=CARTESIAN_POINT('Ctrl Pts',(27.9072339273989,32.0163708180189,10.));
#9946=CARTESIAN_POINT('Ctrl Pts',(27.9072339273989,32.0163708180189,11.));
#9947=CARTESIAN_POINT('Ctrl Pts',(27.7463488651152,32.0058121360489,10.));
#9948=CARTESIAN_POINT('Ctrl Pts',(27.7463488651152,32.0058121360489,11.));
#9949=CARTESIAN_POINT('Ctrl Pts',(27.4352164515985,31.9853929115526,10.));
#9950=CARTESIAN_POINT('Ctrl Pts',(27.4352164515985,31.9853929115526,11.));
#9951=CARTESIAN_POINT('Ctrl Pts',(27.1803679030426,31.8066452007341,10.));
#9952=CARTESIAN_POINT('Ctrl Pts',(27.1803679030426,31.8066452007341,11.));
#9953=CARTESIAN_POINT('Ctrl Pts',(27.0573003031313,31.720327064395,10.));
#9954=CARTESIAN_POINT('Ctrl Pts',(27.0573003031313,31.720327064395,11.));
#9955=CARTESIAN_POINT('',(27.9072339273989,32.0163708180189,10.));
#9956=CARTESIAN_POINT('Ctrl Pts',(27.0573003031313,31.720327064395,10.));
#9957=CARTESIAN_POINT('Ctrl Pts',(27.1803679030426,31.8066452007341,10.));
#9958=CARTESIAN_POINT('Ctrl Pts',(27.4352164515985,31.9853929115526,10.));
#9959=CARTESIAN_POINT('Ctrl Pts',(27.7463488651152,32.0058121360489,10.));
#9960=CARTESIAN_POINT('Ctrl Pts',(27.9072339273989,32.0163708180189,10.));
#9961=CARTESIAN_POINT('',(27.9072339273989,32.0163708180189,11.));
#9962=CARTESIAN_POINT('Ctrl Pts',(27.9072339273989,32.0163708180189,11.));
#9963=CARTESIAN_POINT('Ctrl Pts',(27.7463488651152,32.0058121360489,11.));
#9964=CARTESIAN_POINT('Ctrl Pts',(27.4352164515985,31.9853929115526,11.));
#9965=CARTESIAN_POINT('Ctrl Pts',(27.1803679030426,31.8066452007341,11.));
#9966=CARTESIAN_POINT('Ctrl Pts',(27.0573003031313,31.720327064395,11.));
#9967=CARTESIAN_POINT('',(27.9072339273989,32.0163708180189,10.));
#9968=CARTESIAN_POINT('Ctrl Pts',(28.7858063913882,31.7135059088469,10.));
#9969=CARTESIAN_POINT('Ctrl Pts',(28.7858063913882,31.7135059088469,11.));
#9970=CARTESIAN_POINT('Ctrl Pts',(28.6638841039109,31.8017370715404,10.));
#9971=CARTESIAN_POINT('Ctrl Pts',(28.6638841039109,31.8017370715404,11.));
#9972=CARTESIAN_POINT('Ctrl Pts',(28.4026820516434,31.9907604342608,10.));
#9973=CARTESIAN_POINT('Ctrl Pts',(28.4026820516434,31.9907604342608,11.));
#9974=CARTESIAN_POINT('Ctrl Pts',(28.079541121562,32.0074640260646,10.));
#9975=CARTESIAN_POINT('Ctrl Pts',(28.079541121562,32.0074640260646,11.));
#9976=CARTESIAN_POINT('Ctrl Pts',(27.9072339273989,32.0163708180189,10.));
#9977=CARTESIAN_POINT('Ctrl Pts',(27.9072339273989,32.0163708180189,11.));
#9978=CARTESIAN_POINT('',(28.7858063913882,31.7135059088469,10.));
#9979=CARTESIAN_POINT('Ctrl Pts',(27.9072339273989,32.0163708180189,10.));
#9980=CARTESIAN_POINT('Ctrl Pts',(28.079541121562,32.0074640260646,10.));
#9981=CARTESIAN_POINT('Ctrl Pts',(28.4026820516434,31.9907604342608,10.));
#9982=CARTESIAN_POINT('Ctrl Pts',(28.6638841039109,31.8017370715404,10.));
#9983=CARTESIAN_POINT('Ctrl Pts',(28.7858063913882,31.7135059088469,10.));
#9984=CARTESIAN_POINT('',(28.7858063913882,31.7135059088469,11.));
#9985=CARTESIAN_POINT('Ctrl Pts',(28.7858063913882,31.7135059088469,11.));
#9986=CARTESIAN_POINT('Ctrl Pts',(28.6638841039109,31.8017370715404,11.));
#9987=CARTESIAN_POINT('Ctrl Pts',(28.4026820516434,31.9907604342608,11.));
#9988=CARTESIAN_POINT('Ctrl Pts',(28.079541121562,32.0074640260646,11.));
#9989=CARTESIAN_POINT('Ctrl Pts',(27.9072339273989,32.0163708180189,11.));
#9990=CARTESIAN_POINT('',(28.7858063913882,31.7135059088469,10.));
#9991=CARTESIAN_POINT('Ctrl Pts',(29.1050488688052,30.944065079093,10.));
#9992=CARTESIAN_POINT('Ctrl Pts',(29.1050488688052,30.944065079093,11.));
#9993=CARTESIAN_POINT('Ctrl Pts',(29.0926496460932,31.0919008159266,10.));
#9994=CARTESIAN_POINT('Ctrl Pts',(29.0926496460932,31.0919008159266,11.));
#9995=CARTESIAN_POINT('Ctrl Pts',(29.0682553397017,31.3827537462847,10.));
#9996=CARTESIAN_POINT('Ctrl Pts',(29.0682553397017,31.3827537462847,11.));
#9997=CARTESIAN_POINT('Ctrl Pts',(28.8789104187875,31.6044796278518,10.));
#9998=CARTESIAN_POINT('Ctrl Pts',(28.8789104187875,31.6044796278518,11.));
#9999=CARTESIAN_POINT('Ctrl Pts',(28.7858063913882,31.7135059088469,10.));
#10000=CARTESIAN_POINT('Ctrl Pts',(28.7858063913882,31.7135059088469,11.));
#10001=CARTESIAN_POINT('',(29.1050488688052,30.944065079093,10.));
#10002=CARTESIAN_POINT('Ctrl Pts',(28.7858063913882,31.7135059088469,10.));
#10003=CARTESIAN_POINT('Ctrl Pts',(28.8789104187875,31.6044796278518,10.));
#10004=CARTESIAN_POINT('Ctrl Pts',(29.0682553397017,31.3827537462847,10.));
#10005=CARTESIAN_POINT('Ctrl Pts',(29.0926496460932,31.0919008159266,10.));
#10006=CARTESIAN_POINT('Ctrl Pts',(29.1050488688052,30.944065079093,10.));
#10007=CARTESIAN_POINT('',(29.1050488688052,30.944065079093,11.));
#10008=CARTESIAN_POINT('Ctrl Pts',(29.1050488688052,30.944065079093,11.));
#10009=CARTESIAN_POINT('Ctrl Pts',(29.0926496460932,31.0919008159266,11.));
#10010=CARTESIAN_POINT('Ctrl Pts',(29.0682553397017,31.3827537462847,11.));
#10011=CARTESIAN_POINT('Ctrl Pts',(28.8789104187875,31.6044796278518,11.));
#10012=CARTESIAN_POINT('Ctrl Pts',(28.7858063913882,31.7135059088469,11.));
#10013=CARTESIAN_POINT('',(29.1050488688052,30.944065079093,10.));
#10014=CARTESIAN_POINT('Ctrl Pts',(29.0068204142153,30.4679396003485,10.));
#10015=CARTESIAN_POINT('Ctrl Pts',(29.0068204142153,30.4679396003485,11.));
#10016=CARTESIAN_POINT('Ctrl Pts',(29.03546648452,30.5465731834009,10.));
#10017=CARTESIAN_POINT('Ctrl Pts',(29.03546648452,30.5465731834009,11.));
#10018=CARTESIAN_POINT('Ctrl Pts',(29.0915484552072,30.7005184279974,10.));
#10019=CARTESIAN_POINT('Ctrl Pts',(29.0915484552072,30.7005184279974,11.));
#10020=CARTESIAN_POINT('Ctrl Pts',(29.1006139377198,30.8640591884689,10.));
#10021=CARTESIAN_POINT('Ctrl Pts',(29.1006139377198,30.8640591884689,11.));
#10022=CARTESIAN_POINT('Ctrl Pts',(29.1050488688052,30.944065079093,10.));
#10023=CARTESIAN_POINT('Ctrl Pts',(29.1050488688052,30.944065079093,11.));
#10024=CARTESIAN_POINT('',(29.0068204142153,30.4679396003485,10.));
#10025=CARTESIAN_POINT('Ctrl Pts',(29.1050488688052,30.944065079093,10.));
#10026=CARTESIAN_POINT('Ctrl Pts',(29.1006139377198,30.8640591884689,10.));
#10027=CARTESIAN_POINT('Ctrl Pts',(29.0915484552072,30.7005184279974,10.));
#10028=CARTESIAN_POINT('Ctrl Pts',(29.03546648452,30.5465731834009,10.));
#10029=CARTESIAN_POINT('Ctrl Pts',(29.0068204142153,30.4679396003485,10.));
#10030=CARTESIAN_POINT('',(29.0068204142153,30.4679396003485,11.));
#10031=CARTESIAN_POINT('Ctrl Pts',(29.0068204142153,30.4679396003485,11.));
#10032=CARTESIAN_POINT('Ctrl Pts',(29.03546648452,30.5465731834009,11.));
#10033=CARTESIAN_POINT('Ctrl Pts',(29.0915484552072,30.7005184279974,11.));
#10034=CARTESIAN_POINT('Ctrl Pts',(29.1006139377198,30.8640591884689,11.));
#10035=CARTESIAN_POINT('Ctrl Pts',(29.1050488688052,30.944065079093,11.));
#10036=CARTESIAN_POINT('',(29.0068204142153,30.4679396003485,10.));
#10037=CARTESIAN_POINT('Ctrl Pts',(28.6848599649966,29.967257604003,10.));
#10038=CARTESIAN_POINT('Ctrl Pts',(28.6848599649966,29.967257604003,11.));
#10039=CARTESIAN_POINT('Ctrl Pts',(28.7527655786505,30.0502326978317,10.));
#10040=CARTESIAN_POINT('Ctrl Pts',(28.7527655786505,30.0502326978317,11.));
#10041=CARTESIAN_POINT('Ctrl Pts',(28.8793424163235,30.2048992182757,10.));
#10042=CARTESIAN_POINT('Ctrl Pts',(28.8793424163235,30.2048992182757,11.));
#10043=CARTESIAN_POINT('Ctrl Pts',(28.9664459557541,30.3846302202573,10.));
#10044=CARTESIAN_POINT('Ctrl Pts',(28.9664459557541,30.3846302202573,11.));
#10045=CARTESIAN_POINT('Ctrl Pts',(29.0068204142153,30.4679396003485,10.));
#10046=CARTESIAN_POINT('Ctrl Pts',(29.0068204142153,30.4679396003485,11.));
#10047=CARTESIAN_POINT('',(28.6848599649966,29.967257604003,10.));
#10048=CARTESIAN_POINT('Ctrl Pts',(29.0068204142153,30.4679396003485,10.));
#10049=CARTESIAN_POINT('Ctrl Pts',(28.9664459557541,30.3846302202573,10.));
#10050=CARTESIAN_POINT('Ctrl Pts',(28.8793424163235,30.2048992182757,10.));
#10051=CARTESIAN_POINT('Ctrl Pts',(28.7527655786505,30.0502326978317,10.));
#10052=CARTESIAN_POINT('Ctrl Pts',(28.6848599649966,29.967257604003,10.));
#10053=CARTESIAN_POINT('',(28.6848599649966,29.967257604003,11.));
#10054=CARTESIAN_POINT('Ctrl Pts',(28.6848599649966,29.967257604003,11.));
#10055=CARTESIAN_POINT('Ctrl Pts',(28.7527655786505,30.0502326978317,11.));
#10056=CARTESIAN_POINT('Ctrl Pts',(28.8793424163235,30.2048992182757,11.));
#10057=CARTESIAN_POINT('Ctrl Pts',(28.9664459557541,30.3846302202573,11.));
#10058=CARTESIAN_POINT('Ctrl Pts',(29.0068204142153,30.4679396003485,11.));
#10059=CARTESIAN_POINT('',(28.6848599649966,29.967257604003,10.));
#10060=CARTESIAN_POINT('Ctrl Pts',(28.1582505442202,29.44201849401,10.));
#10061=CARTESIAN_POINT('Ctrl Pts',(28.1582505442202,29.44201849401,11.));
#10062=CARTESIAN_POINT('Ctrl Pts',(28.2645443104032,29.5409396366849,10.));
#10063=CARTESIAN_POINT('Ctrl Pts',(28.2645443104032,29.5409396366849,11.));
#10064=CARTESIAN_POINT('Ctrl Pts',(28.446168626514,29.7099663400598,10.));
#10065=CARTESIAN_POINT('Ctrl Pts',(28.446168626514,29.7099663400598,11.));
#10066=CARTESIAN_POINT('Ctrl Pts',(28.6148836688941,29.8918284334904,10.));
#10067=CARTESIAN_POINT('Ctrl Pts',(28.6148836688941,29.8918284334904,11.));
#10068=CARTESIAN_POINT('Ctrl Pts',(28.6848599649966,29.967257604003,10.));
#10069=CARTESIAN_POINT('Ctrl Pts',(28.6848599649966,29.967257604003,11.));
#10070=CARTESIAN_POINT('',(28.1582505442202,29.44201849401,10.));
#10071=CARTESIAN_POINT('Ctrl Pts',(28.6848599649966,29.967257604003,10.));
#10072=CARTESIAN_POINT('Ctrl Pts',(28.6148836688941,29.8918284334904,10.));
#10073=CARTESIAN_POINT('Ctrl Pts',(28.446168626514,29.7099663400598,10.));
#10074=CARTESIAN_POINT('Ctrl Pts',(28.2645443104032,29.5409396366849,10.));
#10075=CARTESIAN_POINT('Ctrl Pts',(28.1582505442202,29.44201849401,10.));
#10076=CARTESIAN_POINT('',(28.1582505442202,29.44201849401,11.));
#10077=CARTESIAN_POINT('Ctrl Pts',(28.1582505442202,29.44201849401,11.));
#10078=CARTESIAN_POINT('Ctrl Pts',(28.2645443104032,29.5409396366849,11.));
#10079=CARTESIAN_POINT('Ctrl Pts',(28.446168626514,29.7099663400598,11.));
#10080=CARTESIAN_POINT('Ctrl Pts',(28.6148836688941,29.8918284334904,11.));
#10081=CARTESIAN_POINT('Ctrl Pts',(28.6848599649966,29.967257604003,11.));
#10082=CARTESIAN_POINT('',(28.1582505442202,29.44201849401,10.));
#10083=CARTESIAN_POINT('Ctrl Pts',(27.6739461161196,28.9781715720892,10.));
#10084=CARTESIAN_POINT('Ctrl Pts',(27.6739461161196,28.9781715720892,11.));
#10085=CARTESIAN_POINT('Ctrl Pts',(27.7338189259066,29.0377927342101,10.));
#10086=CARTESIAN_POINT('Ctrl Pts',(27.7338189259066,29.0377927342101,11.));
#10087=CARTESIAN_POINT('Ctrl Pts',(27.8922344292181,29.1955424112173,10.));
#10088=CARTESIAN_POINT('Ctrl Pts',(27.8922344292181,29.1955424112173,11.));
#10089=CARTESIAN_POINT('Ctrl Pts',(28.0562341663968,29.3474956596079,10.));
#10090=CARTESIAN_POINT('Ctrl Pts',(28.0562341663968,29.3474956596079,11.));
#10091=CARTESIAN_POINT('Ctrl Pts',(28.1582505442202,29.44201849401,10.));
#10092=CARTESIAN_POINT('Ctrl Pts',(28.1582505442202,29.44201849401,11.));
#10093=CARTESIAN_POINT('',(27.6739461161196,28.9781715720892,10.));
#10094=CARTESIAN_POINT('Ctrl Pts',(28.1582505442202,29.44201849401,10.));
#10095=CARTESIAN_POINT('Ctrl Pts',(28.0562341663968,29.3474956596079,10.));
#10096=CARTESIAN_POINT('Ctrl Pts',(27.8922344292181,29.1955424112173,10.));
#10097=CARTESIAN_POINT('Ctrl Pts',(27.7338189259066,29.0377927342101,10.));
#10098=CARTESIAN_POINT('Ctrl Pts',(27.6739461161196,28.9781715720892,10.));
#10099=CARTESIAN_POINT('',(27.6739461161196,28.9781715720892,11.));
#10100=CARTESIAN_POINT('Ctrl Pts',(27.6739461161196,28.9781715720892,11.));
#10101=CARTESIAN_POINT('Ctrl Pts',(27.7338189259066,29.0377927342101,11.));
#10102=CARTESIAN_POINT('Ctrl Pts',(27.8922344292181,29.1955424112173,11.));
#10103=CARTESIAN_POINT('Ctrl Pts',(28.0562341663968,29.3474956596079,11.));
#10104=CARTESIAN_POINT('Ctrl Pts',(28.1582505442202,29.44201849401,11.));
#10105=CARTESIAN_POINT('',(27.6739461161196,28.9781715720892,10.));
#10106=CARTESIAN_POINT('Ctrl Pts',(27.4461133219302,28.7148704379797,10.));
#10107=CARTESIAN_POINT('Ctrl Pts',(27.4461133219302,28.7148704379797,11.));
#10108=CARTESIAN_POINT('Ctrl Pts',(27.4827422110331,28.7604765117683,10.));
#10109=CARTESIAN_POINT('Ctrl Pts',(27.4827422110331,28.7604765117683,11.));
#10110=CARTESIAN_POINT('Ctrl Pts',(27.555469516719,28.8510281760639,10.));
#10111=CARTESIAN_POINT('Ctrl Pts',(27.555469516719,28.8510281760639,11.));
#10112=CARTESIAN_POINT('Ctrl Pts',(27.634646421605,28.9359970275072,10.));
#10113=CARTESIAN_POINT('Ctrl Pts',(27.634646421605,28.9359970275072,11.));
#10114=CARTESIAN_POINT('Ctrl Pts',(27.6739461161196,28.9781715720892,10.));
#10115=CARTESIAN_POINT('Ctrl Pts',(27.6739461161196,28.9781715720892,11.));
#10116=CARTESIAN_POINT('',(27.4461133219302,28.7148704379797,10.));
#10117=CARTESIAN_POINT('Ctrl Pts',(27.6739461161196,28.9781715720892,10.));
#10118=CARTESIAN_POINT('Ctrl Pts',(27.634646421605,28.9359970275072,10.));
#10119=CARTESIAN_POINT('Ctrl Pts',(27.555469516719,28.8510281760639,10.));
#10120=CARTESIAN_POINT('Ctrl Pts',(27.4827422110331,28.7604765117683,10.));
#10121=CARTESIAN_POINT('Ctrl Pts',(27.4461133219302,28.7148704379797,10.));
#10122=CARTESIAN_POINT('',(27.4461133219302,28.7148704379797,11.));
#10123=CARTESIAN_POINT('Ctrl Pts',(27.4461133219302,28.7148704379797,11.));
#10124=CARTESIAN_POINT('Ctrl Pts',(27.4827422110331,28.7604765117683,11.));
#10125=CARTESIAN_POINT('Ctrl Pts',(27.555469516719,28.8510281760639,11.));
#10126=CARTESIAN_POINT('Ctrl Pts',(27.634646421605,28.9359970275072,11.));
#10127=CARTESIAN_POINT('Ctrl Pts',(27.6739461161196,28.9781715720892,11.));
#10128=CARTESIAN_POINT('',(27.4461133219302,28.7148704379797,10.));
#10129=CARTESIAN_POINT('Origin',(28.8321931101382,28.7148704379797,10.));
#10130=CARTESIAN_POINT('',(28.8321931101382,28.7148704379797,10.));
#10131=CARTESIAN_POINT('',(14.4160965550691,28.7148704379797,10.));
#10132=CARTESIAN_POINT('',(28.8321931101382,28.7148704379797,11.));
#10133=CARTESIAN_POINT('',(27.4461133219302,28.7148704379797,11.));
#10134=CARTESIAN_POINT('',(28.8321931101382,28.7148704379797,10.));
#10135=CARTESIAN_POINT('Origin',(28.6848599649966,27.9999997466803,10.));
#10136=CARTESIAN_POINT('',(28.6848599649966,27.9999997466803,10.));
#10137=CARTESIAN_POINT('',(25.3326694589521,11.7349377192574,10.));
#10138=CARTESIAN_POINT('',(28.6848599649966,27.9999997466803,11.));
#10139=CARTESIAN_POINT('',(28.8321931101382,28.7148704379797,11.));
#10140=CARTESIAN_POINT('',(28.6848599649966,27.9999997466803,10.));
#10141=CARTESIAN_POINT('Origin',(26.2537533976138,27.9999997466803,10.));
#10142=CARTESIAN_POINT('',(26.2537533976138,27.9999997466803,10.));
#10143=CARTESIAN_POINT('',(13.1268766988069,27.9999997466803,10.));
#10144=CARTESIAN_POINT('',(26.2537533976138,27.9999997466803,11.));
#10145=CARTESIAN_POINT('',(28.6848599649966,27.9999997466803,11.));
#10146=CARTESIAN_POINT('',(26.2537533976138,27.9999997466803,10.));
#10147=CARTESIAN_POINT('Ctrl Pts',(26.4270074106753,28.5607089847326,10.));
#10148=CARTESIAN_POINT('Ctrl Pts',(26.4270074106753,28.5607089847326,11.));
#10149=CARTESIAN_POINT('Ctrl Pts',(26.3860290804919,28.4708897885383,10.));
#10150=CARTESIAN_POINT('Ctrl Pts',(26.3860290804919,28.4708897885383,11.));
#10151=CARTESIAN_POINT('Ctrl Pts',(26.304157262599,28.2914373598716,10.));
#10152=CARTESIAN_POINT('Ctrl Pts',(26.304157262599,28.2914373598716,11.));
#10153=CARTESIAN_POINT('Ctrl Pts',(26.2705430746579,28.0970784807302,10.));
#10154=CARTESIAN_POINT('Ctrl Pts',(26.2705430746579,28.0970784807302,11.));
#10155=CARTESIAN_POINT('Ctrl Pts',(26.2537533976138,27.9999997466803,10.));
#10156=CARTESIAN_POINT('Ctrl Pts',(26.2537533976138,27.9999997466803,11.));
#10157=CARTESIAN_POINT('',(26.4270074106753,28.5607089847326,10.));
#10158=CARTESIAN_POINT('Ctrl Pts',(26.2537533976138,27.9999997466803,10.));
#10159=CARTESIAN_POINT('Ctrl Pts',(26.2705430746579,28.0970784807302,10.));
#10160=CARTESIAN_POINT('Ctrl Pts',(26.304157262599,28.2914373598716,10.));
#10161=CARTESIAN_POINT('Ctrl Pts',(26.3860290804919,28.4708897885383,10.));
#10162=CARTESIAN_POINT('Ctrl Pts',(26.4270074106753,28.5607089847326,10.));
#10163=CARTESIAN_POINT('',(26.4270074106753,28.5607089847326,11.));
#10164=CARTESIAN_POINT('Ctrl Pts',(26.4270074106753,28.5607089847326,11.));
#10165=CARTESIAN_POINT('Ctrl Pts',(26.3860290804919,28.4708897885383,11.));
#10166=CARTESIAN_POINT('Ctrl Pts',(26.304157262599,28.2914373598716,11.));
#10167=CARTESIAN_POINT('Ctrl Pts',(26.2705430746579,28.0970784807302,11.));
#10168=CARTESIAN_POINT('Ctrl Pts',(26.2537533976138,27.9999997466803,11.));
#10169=CARTESIAN_POINT('',(26.4270074106753,28.5607089847326,10.));
#10170=CARTESIAN_POINT('Ctrl Pts',(26.7639786936343,29.055934175849,10.));
#10171=CARTESIAN_POINT('Ctrl Pts',(26.7639786936343,29.055934175849,11.));
#10172=CARTESIAN_POINT('Ctrl Pts',(26.6995981573235,28.9782672461297,10.));
#10173=CARTESIAN_POINT('Ctrl Pts',(26.6995981573235,28.9782672461297,11.));
#10174=CARTESIAN_POINT('Ctrl Pts',(26.5715975040381,28.823850735917,10.));
#10175=CARTESIAN_POINT('Ctrl Pts',(26.5715975040381,28.823850735917,11.));
#10176=CARTESIAN_POINT('Ctrl Pts',(26.4750128468325,28.6480748217895,10.));
#10177=CARTESIAN_POINT('Ctrl Pts',(26.4750128468325,28.6480748217895,11.));
#10178=CARTESIAN_POINT('Ctrl Pts',(26.4270074106753,28.5607089847326,10.));
#10179=CARTESIAN_POINT('Ctrl Pts',(26.4270074106753,28.5607089847326,11.));
#10180=CARTESIAN_POINT('',(26.7639786936343,29.055934175849,10.));
#10181=CARTESIAN_POINT('Ctrl Pts',(26.4270074106753,28.5607089847326,10.));
#10182=CARTESIAN_POINT('Ctrl Pts',(26.4750128468325,28.6480748217895,10.));
#10183=CARTESIAN_POINT('Ctrl Pts',(26.5715975040381,28.823850735917,10.));
#10184=CARTESIAN_POINT('Ctrl Pts',(26.6995981573235,28.9782672461297,10.));
#10185=CARTESIAN_POINT('Ctrl Pts',(26.7639786936343,29.055934175849,10.));
#10186=CARTESIAN_POINT('',(26.7639786936343,29.055934175849,11.));
#10187=CARTESIAN_POINT('Ctrl Pts',(26.7639786936343,29.055934175849,11.));
#10188=CARTESIAN_POINT('Ctrl Pts',(26.6995981573235,28.9782672461297,11.));
#10189=CARTESIAN_POINT('Ctrl Pts',(26.5715975040381,28.823850735917,11.));
#10190=CARTESIAN_POINT('Ctrl Pts',(26.4750128468325,28.6480748217895,11.));
#10191=CARTESIAN_POINT('Ctrl Pts',(26.4270074106753,28.5607089847326,11.));
#10192=CARTESIAN_POINT('',(26.7639786936343,29.055934175849,10.));
#10193=CARTESIAN_POINT('Ctrl Pts',(27.5034100748599,29.7953613847494,10.));
#10194=CARTESIAN_POINT('Ctrl Pts',(27.5034100748599,29.7953613847494,11.));
#10195=CARTESIAN_POINT('Ctrl Pts',(27.3504628818306,29.6504319515603,10.));
#10196=CARTESIAN_POINT('Ctrl Pts',(27.3504628818306,29.6504319515603,11.));
#10197=CARTESIAN_POINT('Ctrl Pts',(27.0973248355994,29.4105638452402,10.));
#10198=CARTESIAN_POINT('Ctrl Pts',(27.0973248355994,29.4105638452402,11.));
#10199=CARTESIAN_POINT('Ctrl Pts',(26.8585031846358,29.1564938787321,10.));
#10200=CARTESIAN_POINT('Ctrl Pts',(26.8585031846358,29.1564938787321,11.));
#10201=CARTESIAN_POINT('Ctrl Pts',(26.7639786936343,29.055934175849,10.));
#10202=CARTESIAN_POINT('Ctrl Pts',(26.7639786936343,29.055934175849,11.));
#10203=CARTESIAN_POINT('',(27.5034100748599,29.7953613847494,10.));
#10204=CARTESIAN_POINT('Ctrl Pts',(26.7639786936343,29.055934175849,10.));
#10205=CARTESIAN_POINT('Ctrl Pts',(26.8585031846358,29.1564938787321,10.));
#10206=CARTESIAN_POINT('Ctrl Pts',(27.0973248355994,29.4105638452402,10.));
#10207=CARTESIAN_POINT('Ctrl Pts',(27.3504628818306,29.6504319515603,10.));
#10208=CARTESIAN_POINT('Ctrl Pts',(27.5034100748599,29.7953613847494,10.));
#10209=CARTESIAN_POINT('',(27.5034100748599,29.7953613847494,11.));
#10210=CARTESIAN_POINT('Ctrl Pts',(27.5034100748599,29.7953613847494,11.));
#10211=CARTESIAN_POINT('Ctrl Pts',(27.3504628818306,29.6504319515603,11.));
#10212=CARTESIAN_POINT('Ctrl Pts',(27.0973248355994,29.4105638452402,11.));
#10213=CARTESIAN_POINT('Ctrl Pts',(26.8585031846358,29.1564938787321,11.));
#10214=CARTESIAN_POINT('Ctrl Pts',(26.7639786936343,29.055934175849,11.));
#10215=CARTESIAN_POINT('',(27.5034100748599,29.7953613847494,10.));
#10216=CARTESIAN_POINT('Ctrl Pts',(28.0136449076235,30.3001358360052,10.));
#10217=CARTESIAN_POINT('Ctrl Pts',(28.0136449076235,30.3001358360052,11.));
#10218=CARTESIAN_POINT('Ctrl Pts',(27.953675762869,30.2382319542284,10.));
#10219=CARTESIAN_POINT('Ctrl Pts',(27.953675762869,30.2382319542284,11.));
#10220=CARTESIAN_POINT('Ctrl Pts',(27.7871868863289,30.0663717789221,10.));
#10221=CARTESIAN_POINT('Ctrl Pts',(27.7871868863289,30.0663717789221,11.));
#10222=CARTESIAN_POINT('Ctrl Pts',(27.6141312350094,29.9011014735892,10.));
#10223=CARTESIAN_POINT('Ctrl Pts',(27.6141312350094,29.9011014735892,11.));
#10224=CARTESIAN_POINT('Ctrl Pts',(27.5034100748599,29.7953613847494,10.));
#10225=CARTESIAN_POINT('Ctrl Pts',(27.5034100748599,29.7953613847494,11.));
#10226=CARTESIAN_POINT('',(28.0136449076235,30.3001358360052,10.));
#10227=CARTESIAN_POINT('Ctrl Pts',(27.5034100748599,29.7953613847494,10.));
#10228=CARTESIAN_POINT('Ctrl Pts',(27.6141312350094,29.9011014735892,10.));
#10229=CARTESIAN_POINT('Ctrl Pts',(27.7871868863289,30.0663717789221,10.));
#10230=CARTESIAN_POINT('Ctrl Pts',(27.953675762869,30.2382319542284,10.));
#10231=CARTESIAN_POINT('Ctrl Pts',(28.0136449076235,30.3001358360052,10.));
#10232=CARTESIAN_POINT('',(28.0136449076235,30.3001358360052,11.));
#10233=CARTESIAN_POINT('Ctrl Pts',(28.0136449076235,30.3001358360052,11.));
#10234=CARTESIAN_POINT('Ctrl Pts',(27.953675762869,30.2382319542284,11.));
#10235=CARTESIAN_POINT('Ctrl Pts',(27.7871868863289,30.0663717789221,11.));
#10236=CARTESIAN_POINT('Ctrl Pts',(27.6141312350094,29.9011014735892,11.));
#10237=CARTESIAN_POINT('Ctrl Pts',(27.5034100748599,29.7953613847494,11.));
#10238=CARTESIAN_POINT('',(28.0136449076235,30.3001358360052,10.));
#10239=CARTESIAN_POINT('Ctrl Pts',(28.2755810953677,30.6684853881598,10.));
#10240=CARTESIAN_POINT('Ctrl Pts',(28.2755810953677,30.6684853881598,11.));
#10241=CARTESIAN_POINT('Ctrl Pts',(28.2436369883464,30.6106779973199,10.));
#10242=CARTESIAN_POINT('Ctrl Pts',(28.2436369883464,30.6106779973199,11.));
#10243=CARTESIAN_POINT('Ctrl Pts',(28.1703746494852,30.4780994076735,10.));
#10244=CARTESIAN_POINT('Ctrl Pts',(28.1703746494852,30.4780994076735,11.));
#10245=CARTESIAN_POINT('Ctrl Pts',(28.0701623064358,30.3643102424361,10.));
#10246=CARTESIAN_POINT('Ctrl Pts',(28.0701623064358,30.3643102424361,11.));
#10247=CARTESIAN_POINT('Ctrl Pts',(28.0136449076235,30.3001358360052,10.));
#10248=CARTESIAN_POINT('Ctrl Pts',(28.0136449076235,30.3001358360052,11.));
#10249=CARTESIAN_POINT('',(28.2755810953677,30.6684853881598,10.));
#10250=CARTESIAN_POINT('Ctrl Pts',(28.0136449076235,30.3001358360052,10.));
#10251=CARTESIAN_POINT('Ctrl Pts',(28.0701623064358,30.3643102424361,10.));
#10252=CARTESIAN_POINT('Ctrl Pts',(28.1703746494852,30.4780994076735,10.));
#10253=CARTESIAN_POINT('Ctrl Pts',(28.2436369883464,30.6106779973199,10.));
#10254=CARTESIAN_POINT('Ctrl Pts',(28.2755810953677,30.6684853881598,10.));
#10255=CARTESIAN_POINT('',(28.2755810953677,30.6684853881598,11.));
#10256=CARTESIAN_POINT('Ctrl Pts',(28.2755810953677,30.6684853881598,11.));
#10257=CARTESIAN_POINT('Ctrl Pts',(28.2436369883464,30.6106779973199,11.));
#10258=CARTESIAN_POINT('Ctrl Pts',(28.1703746494852,30.4780994076735,11.));
#10259=CARTESIAN_POINT('Ctrl Pts',(28.0701623064358,30.3643102424361,11.));
#10260=CARTESIAN_POINT('Ctrl Pts',(28.0136449076235,30.3001358360052,11.));
#10261=CARTESIAN_POINT('',(28.2755810953677,30.6684853881598,10.));
#10262=CARTESIAN_POINT('Ctrl Pts',(28.3465249277651,30.9495224803686,10.));
#10263=CARTESIAN_POINT('Ctrl Pts',(28.3465249277651,30.9495224803686,11.));
#10264=CARTESIAN_POINT('Ctrl Pts',(28.342733925293,30.9046675973881,10.));
#10265=CARTESIAN_POINT('Ctrl Pts',(28.342733925293,30.9046675973881,11.));
#10266=CARTESIAN_POINT('Ctrl Pts',(28.3344992919177,30.8072359762947,10.));
#10267=CARTESIAN_POINT('Ctrl Pts',(28.3344992919177,30.8072359762947,11.));
#10268=CARTESIAN_POINT('Ctrl Pts',(28.2962314551642,30.717116366953,10.));
#10269=CARTESIAN_POINT('Ctrl Pts',(28.2962314551642,30.717116366953,11.));
#10270=CARTESIAN_POINT('Ctrl Pts',(28.2755810953677,30.6684853881598,10.));
#10271=CARTESIAN_POINT('Ctrl Pts',(28.2755810953677,30.6684853881598,11.));
#10272=CARTESIAN_POINT('',(28.3465249277651,30.9495224803686,10.));
#10273=CARTESIAN_POINT('Ctrl Pts',(28.2755810953677,30.6684853881598,10.));
#10274=CARTESIAN_POINT('Ctrl Pts',(28.2962314551642,30.717116366953,10.));
#10275=CARTESIAN_POINT('Ctrl Pts',(28.3344992919177,30.8072359762947,10.));
#10276=CARTESIAN_POINT('Ctrl Pts',(28.342733925293,30.9046675973881,10.));
#10277=CARTESIAN_POINT('Ctrl Pts',(28.3465249277651,30.9495224803686,10.));
#10278=CARTESIAN_POINT('',(28.3465249277651,30.9495224803686,11.));
#10279=CARTESIAN_POINT('Ctrl Pts',(28.3465249277651,30.9495224803686,11.));
#10280=CARTESIAN_POINT('Ctrl Pts',(28.342733925293,30.9046675973881,11.));
#10281=CARTESIAN_POINT('Ctrl Pts',(28.3344992919177,30.8072359762947,11.));
#10282=CARTESIAN_POINT('Ctrl Pts',(28.2962314551642,30.717116366953,11.));
#10283=CARTESIAN_POINT('Ctrl Pts',(28.2755810953677,30.6684853881598,11.));
#10284=CARTESIAN_POINT('',(28.3465249277651,30.9495224803686,10.));
#10285=CARTESIAN_POINT('Ctrl Pts',(28.2278306223452,31.2769439071417,10.));
#10286=CARTESIAN_POINT('Ctrl Pts',(28.2278306223452,31.2769439071417,11.));
#10287=CARTESIAN_POINT('Ctrl Pts',(28.262431984309,31.2305745140893,10.));
#10288=CARTESIAN_POINT('Ctrl Pts',(28.262431984309,31.2305745140893,11.));
#10289=CARTESIAN_POINT('Ctrl Pts',(28.3347701168089,31.1336339571809,10.));
#10290=CARTESIAN_POINT('Ctrl Pts',(28.3347701168089,31.1336339571809,11.));
#10291=CARTESIAN_POINT('Ctrl Pts',(28.3424950481876,31.012641069274,10.));
#10292=CARTESIAN_POINT('Ctrl Pts',(28.3424950481876,31.012641069274,11.));
#10293=CARTESIAN_POINT('Ctrl Pts',(28.3465249277651,30.9495224803686,10.));
#10294=CARTESIAN_POINT('Ctrl Pts',(28.3465249277651,30.9495224803686,11.));
#10295=CARTESIAN_POINT('',(28.2278306223452,31.2769439071417,10.));
#10296=CARTESIAN_POINT('Ctrl Pts',(28.3465249277651,30.9495224803686,10.));
#10297=CARTESIAN_POINT('Ctrl Pts',(28.3424950481876,31.012641069274,10.));
#10298=CARTESIAN_POINT('Ctrl Pts',(28.3347701168089,31.1336339571809,10.));
#10299=CARTESIAN_POINT('Ctrl Pts',(28.262431984309,31.2305745140893,10.));
#10300=CARTESIAN_POINT('Ctrl Pts',(28.2278306223452,31.2769439071417,10.));
#10301=CARTESIAN_POINT('',(28.2278306223452,31.2769439071417,11.));
#10302=CARTESIAN_POINT('Ctrl Pts',(28.2278306223452,31.2769439071417,11.));
#10303=CARTESIAN_POINT('Ctrl Pts',(28.262431984309,31.2305745140893,11.));
#10304=CARTESIAN_POINT('Ctrl Pts',(28.3347701168089,31.1336339571809,11.));
#10305=CARTESIAN_POINT('Ctrl Pts',(28.3424950481876,31.012641069274,11.));
#10306=CARTESIAN_POINT('Ctrl Pts',(28.3465249277651,30.9495224803686,11.));
#10307=CARTESIAN_POINT('',(28.2278306223452,31.2769439071417,10.));
#10308=CARTESIAN_POINT('Ctrl Pts',(27.9263264872134,31.4024554938078,10.));
#10309=CARTESIAN_POINT('Ctrl Pts',(27.9263264872134,31.4024554938078,11.));
#10310=CARTESIAN_POINT('Ctrl Pts',(27.9842618236544,31.39756906702,10.));
#10311=CARTESIAN_POINT('Ctrl Pts',(27.9842618236544,31.39756906702,11.));
#10312=CARTESIAN_POINT('Ctrl Pts',(28.0983057189141,31.3879502889301,10.));
#10313=CARTESIAN_POINT('Ctrl Pts',(28.0983057189141,31.3879502889301,11.));
#10314=CARTESIAN_POINT('Ctrl Pts',(28.1851191862862,31.3135487750266,10.));
#10315=CARTESIAN_POINT('Ctrl Pts',(28.1851191862862,31.3135487750266,11.));
#10316=CARTESIAN_POINT('Ctrl Pts',(28.2278306223452,31.2769439071417,10.));
#10317=CARTESIAN_POINT('Ctrl Pts',(28.2278306223452,31.2769439071417,11.));
#10318=CARTESIAN_POINT('',(27.9263264872134,31.4024554938078,10.));
#10319=CARTESIAN_POINT('Ctrl Pts',(28.2278306223452,31.2769439071417,10.));
#10320=CARTESIAN_POINT('Ctrl Pts',(28.1851191862862,31.3135487750266,10.));
#10321=CARTESIAN_POINT('Ctrl Pts',(28.0983057189141,31.3879502889301,10.));
#10322=CARTESIAN_POINT('Ctrl Pts',(27.9842618236544,31.39756906702,10.));
#10323=CARTESIAN_POINT('Ctrl Pts',(27.9263264872134,31.4024554938078,10.));
#10324=CARTESIAN_POINT('',(27.9263264872134,31.4024554938078,11.));
#10325=CARTESIAN_POINT('Ctrl Pts',(27.9263264872134,31.4024554938078,11.));
#10326=CARTESIAN_POINT('Ctrl Pts',(27.9842618236544,31.39756906702,11.));
#10327=CARTESIAN_POINT('Ctrl Pts',(28.0983057189141,31.3879502889301,11.));
#10328=CARTESIAN_POINT('Ctrl Pts',(28.1851191862862,31.3135487750266,11.));
#10329=CARTESIAN_POINT('Ctrl Pts',(28.2278306223452,31.2769439071417,11.));
#10330=CARTESIAN_POINT('',(27.9263264872134,31.4024554938078,10.));
#10331=CARTESIAN_POINT('Ctrl Pts',(27.6016385294497,31.2619369477034,10.));
#10332=CARTESIAN_POINT('Ctrl Pts',(27.6016385294497,31.2619369477034,11.));
#10333=CARTESIAN_POINT('Ctrl Pts',(27.6493813137085,31.3029176135475,10.));
#10334=CARTESIAN_POINT('Ctrl Pts',(27.6493813137085,31.3029176135475,11.));
#10335=CARTESIAN_POINT('Ctrl Pts',(27.7431846813075,31.3834350052815,10.));
#10336=CARTESIAN_POINT('Ctrl Pts',(27.7431846813075,31.3834350052815,11.));
#10337=CARTESIAN_POINT('Ctrl Pts',(27.8660134590359,31.3961915866963,10.));
#10338=CARTESIAN_POINT('Ctrl Pts',(27.8660134590359,31.3961915866963,11.));
#10339=CARTESIAN_POINT('Ctrl Pts',(27.9263264872134,31.4024554938078,10.));
#10340=CARTESIAN_POINT('Ctrl Pts',(27.9263264872134,31.4024554938078,11.));
#10341=CARTESIAN_POINT('',(27.6016385294497,31.2619369477034,10.));
#10342=CARTESIAN_POINT('Ctrl Pts',(27.9263264872134,31.4024554938078,10.));
#10343=CARTESIAN_POINT('Ctrl Pts',(27.8660134590359,31.3961915866963,10.));
#10344=CARTESIAN_POINT('Ctrl Pts',(27.7431846813075,31.3834350052815,10.));
#10345=CARTESIAN_POINT('Ctrl Pts',(27.6493813137085,31.3029176135475,10.));
#10346=CARTESIAN_POINT('Ctrl Pts',(27.6016385294497,31.2619369477034,10.));
#10347=CARTESIAN_POINT('',(27.6016385294497,31.2619369477034,11.));
#10348=CARTESIAN_POINT('Ctrl Pts',(27.6016385294497,31.2619369477034,11.));
#10349=CARTESIAN_POINT('Ctrl Pts',(27.6493813137085,31.3029176135475,11.));
#10350=CARTESIAN_POINT('Ctrl Pts',(27.7431846813075,31.3834350052815,11.));
#10351=CARTESIAN_POINT('Ctrl Pts',(27.8660134590359,31.3961915866963,11.));
#10352=CARTESIAN_POINT('Ctrl Pts',(27.9263264872134,31.4024554938078,11.));
#10353=CARTESIAN_POINT('',(27.6016385294497,31.2619369477034,10.));
#10354=CARTESIAN_POINT('Ctrl Pts',(27.3915440775454,30.7530691474676,10.));
#10355=CARTESIAN_POINT('Ctrl Pts',(27.3915440775454,30.7530691474676,11.));
#10356=CARTESIAN_POINT('Ctrl Pts',(27.4129015451068,30.8603758411196,10.));
#10357=CARTESIAN_POINT('Ctrl Pts',(27.4129015451068,30.8603758411196,11.));
#10358=CARTESIAN_POINT('Ctrl Pts',(27.4495830890056,31.0446755565482,10.));
#10359=CARTESIAN_POINT('Ctrl Pts',(27.4495830890056,31.0446755565482,11.));
#10360=CARTESIAN_POINT('Ctrl Pts',(27.5568335801711,31.1979182872563,10.));
#10361=CARTESIAN_POINT('Ctrl Pts',(27.5568335801711,31.1979182872563,11.));
#10362=CARTESIAN_POINT('Ctrl Pts',(27.6016385294497,31.2619369477034,10.));
#10363=CARTESIAN_POINT('Ctrl Pts',(27.6016385294497,31.2619369477034,11.));
#10364=CARTESIAN_POINT('Ctrl Pts',(27.6016385294497,31.2619369477034,10.));
#10365=CARTESIAN_POINT('Ctrl Pts',(27.5568335801711,31.1979182872563,10.));
#10366=CARTESIAN_POINT('Ctrl Pts',(27.4495830890056,31.0446755565482,10.));
#10367=CARTESIAN_POINT('Ctrl Pts',(27.4129015451068,30.8603758411196,10.));
#10368=CARTESIAN_POINT('Ctrl Pts',(27.3915440775454,30.7530691474676,10.));
#10369=CARTESIAN_POINT('Ctrl Pts',(27.3915440775454,30.7530691474676,11.));
#10370=CARTESIAN_POINT('Ctrl Pts',(27.4129015451068,30.8603758411196,11.));
#10371=CARTESIAN_POINT('Ctrl Pts',(27.4495830890056,31.0446755565482,11.));
#10372=CARTESIAN_POINT('Ctrl Pts',(27.5568335801711,31.1979182872563,11.));
#10373=CARTESIAN_POINT('Ctrl Pts',(27.6016385294497,31.2619369477034,11.));
#10374=CARTESIAN_POINT('Origin',(1.28522515296936E-6,29.9986354261637,11.));
#10375=CARTESIAN_POINT('Origin',(-8.41200521215796,31.9999998062849,10.));
#10376=CARTESIAN_POINT('',(-9.2469303868711,27.9999997466803,10.));
#10377=CARTESIAN_POINT('',(-8.41200521215796,31.9999998062849,10.));
#10378=CARTESIAN_POINT('',(-11.4366744932262,17.5092673778201,10.));
#10379=CARTESIAN_POINT('',(-9.2469303868711,27.9999997466803,11.));
#10380=CARTESIAN_POINT('',(-9.2469303868711,27.9999997466803,10.));
#10381=CARTESIAN_POINT('',(-8.41200521215796,31.9999998062849,11.));
#10382=CARTESIAN_POINT('',(-9.2469303868711,27.9999997466803,11.));
#10383=CARTESIAN_POINT('',(-8.41200521215796,31.9999998062849,10.));
#10384=CARTESIAN_POINT('Origin',(-5.4461114667356,31.9999998062849,10.));
#10385=CARTESIAN_POINT('',(-5.4461114667356,31.9999998062849,10.));
#10386=CARTESIAN_POINT('',(-2.7230557333678,31.9999998062849,10.));
#10387=CARTESIAN_POINT('',(-5.4461114667356,31.9999998062849,11.));
#10388=CARTESIAN_POINT('',(-8.41200521215796,31.9999998062849,11.));
#10389=CARTESIAN_POINT('',(-5.4461114667356,31.9999998062849,10.));
#10390=CARTESIAN_POINT('Origin',(-5.58526685461402,31.3315140455961,10.));
#10391=CARTESIAN_POINT('',(-5.58526685461402,31.3315140455961,10.));
#10392=CARTESIAN_POINT('',(-8.59490235778494,16.8735867643974,10.));
#10393=CARTESIAN_POINT('',(-5.58526685461402,31.3315140455961,11.));
#10394=CARTESIAN_POINT('',(-5.4461114667356,31.9999998062849,11.));
#10395=CARTESIAN_POINT('',(-5.58526685461402,31.3315140455961,10.));
#10396=CARTESIAN_POINT('Origin',(-7.72714784368873,31.3315140455961,10.));
#10397=CARTESIAN_POINT('',(-7.72714784368873,31.3315140455961,10.));
#10398=CARTESIAN_POINT('',(-3.86357392184436,31.3315140455961,10.));
#10399=CARTESIAN_POINT('',(-7.72714784368873,31.3315140455961,11.));
#10400=CARTESIAN_POINT('',(-5.58526685461402,31.3315140455961,11.));
#10401=CARTESIAN_POINT('',(-7.72714784368873,31.3315140455961,10.));
#10402=CARTESIAN_POINT('Origin',(-7.91814496740699,30.4229190200567,10.));
#10403=CARTESIAN_POINT('',(-7.91814496740699,30.4229190200567,10.));
#10404=CARTESIAN_POINT('',(-10.8129055253668,16.6522140382911,10.));
#10405=CARTESIAN_POINT('',(-7.91814496740699,30.4229190200567,11.));
#10406=CARTESIAN_POINT('',(-7.72714784368873,31.3315140455961,11.));
#10407=CARTESIAN_POINT('',(-7.91814496740699,30.4229190200567,10.));
#10408=CARTESIAN_POINT('Origin',(-5.84720304235816,30.4229190200567,10.));
#10409=CARTESIAN_POINT('',(-5.84720304235816,30.4229190200567,10.));
#10410=CARTESIAN_POINT('',(-2.92360152117908,30.4229190200567,10.));
#10411=CARTESIAN_POINT('',(-5.84720304235816,30.4229190200567,11.));
#10412=CARTESIAN_POINT('',(-7.91814496740699,30.4229190200567,11.));
#10413=CARTESIAN_POINT('',(-5.84720304235816,30.4229190200567,10.));
#10414=CARTESIAN_POINT('Origin',(-5.98635843023658,29.7544338554144,10.));
#10415=CARTESIAN_POINT('',(-5.98635843023658,29.7544338554144,10.));
#10416=CARTESIAN_POINT('',(-8.83033787047026,16.0923105748908,10.));
#10417=CARTESIAN_POINT('',(-5.98635843023658,29.7544338554144,11.));
#10418=CARTESIAN_POINT('',(-5.84720304235816,30.4229190200567,11.));
#10419=CARTESIAN_POINT('',(-5.98635843023658,29.7544338554144,10.));
#10420=CARTESIAN_POINT('Origin',(-8.05729797109962,29.7544338554144,10.));
#10421=CARTESIAN_POINT('',(-8.05729797109962,29.7544338554144,10.));
#10422=CARTESIAN_POINT('',(-4.02864898554981,29.7544338554144,10.));
#10423=CARTESIAN_POINT('',(-8.05729797109962,29.7544338554144,11.));
#10424=CARTESIAN_POINT('',(-5.98635843023658,29.7544338554144,11.));
#10425=CARTESIAN_POINT('',(-8.05729797109962,29.7544338554144,10.));
#10426=CARTESIAN_POINT('Origin',(-8.30832174047828,28.668485507369,10.));
#10427=CARTESIAN_POINT('',(-8.30832174047828,28.668485507369,10.));
#10428=CARTESIAN_POINT('',(-11.2429927076459,15.972870678779,10.));
#10429=CARTESIAN_POINT('',(-8.30832174047828,28.668485507369,11.));
#10430=CARTESIAN_POINT('',(-8.05729797109962,29.7544338554144,11.));
#10431=CARTESIAN_POINT('',(-8.30832174047828,28.668485507369,10.));
#10432=CARTESIAN_POINT('Origin',(-5.98090102896094,28.668485507369,10.));
#10433=CARTESIAN_POINT('',(-5.98090102896094,28.668485507369,10.));
#10434=CARTESIAN_POINT('',(-2.99045051448047,28.668485507369,10.));
#10435=CARTESIAN_POINT('',(-5.98090102896094,28.668485507369,11.));
#10436=CARTESIAN_POINT('',(-8.30832174047828,28.668485507369,11.));
#10437=CARTESIAN_POINT('',(-5.98090102896094,28.668485507369,10.));
#10438=CARTESIAN_POINT('Origin',(-6.12278392538428,27.9999997466803,10.));
#10439=CARTESIAN_POINT('',(-6.12278392538428,27.9999997466803,10.));
#10440=CARTESIAN_POINT('',(-8.83416472934241,15.2252432048992,10.));
#10441=CARTESIAN_POINT('',(-6.12278392538428,27.9999997466803,11.));
#10442=CARTESIAN_POINT('',(-5.98090102896094,28.668485507369,11.));
#10443=CARTESIAN_POINT('',(-6.12278392538428,27.9999997466803,10.));
#10444=CARTESIAN_POINT('Origin',(-9.2469303868711,27.9999997466803,10.));
#10445=CARTESIAN_POINT('',(-4.62346519343555,27.9999997466803,10.));
#10446=CARTESIAN_POINT('',(-6.12278392538428,27.9999997466803,11.));
#10447=CARTESIAN_POINT('Origin',(1.28522515296936E-6,29.9986354261637,11.));
#10448=CARTESIAN_POINT('Origin',(-15.1705305837095,30.188267454505,10.));
#10449=CARTESIAN_POINT('',(-15.424283053726,30.188267454505,10.));
#10450=CARTESIAN_POINT('',(-15.1705305837095,30.188267454505,10.));
#10451=CARTESIAN_POINT('',(-7.58526529185474,30.188267454505,10.));
#10452=CARTESIAN_POINT('',(-15.424283053726,30.188267454505,11.));
#10453=CARTESIAN_POINT('',(-15.424283053726,30.188267454505,10.));
#10454=CARTESIAN_POINT('',(-15.1705305837095,30.188267454505,11.));
#10455=CARTESIAN_POINT('',(-15.424283053726,30.188267454505,11.));
#10456=CARTESIAN_POINT('',(-15.1705305837095,30.188267454505,10.));
#10457=CARTESIAN_POINT('Ctrl Pts',(-14.3001358769834,30.270122513175,10.));
#10458=CARTESIAN_POINT('Ctrl Pts',(-14.3001358769834,30.270122513175,11.));
#10459=CARTESIAN_POINT('Ctrl Pts',(-14.4087020950198,30.2465681931084,10.));
#10460=CARTESIAN_POINT('Ctrl Pts',(-14.4087020950198,30.2465681931084,11.));
#10461=CARTESIAN_POINT('Ctrl Pts',(-14.6949295378046,30.1844688318049,10.));
#10462=CARTESIAN_POINT('Ctrl Pts',(-14.6949295378046,30.1844688318049,11.));
#10463=CARTESIAN_POINT('Ctrl Pts',(-14.9883837234372,30.1868126486248,10.));
#10464=CARTESIAN_POINT('Ctrl Pts',(-14.9883837234372,30.1868126486248,11.));
#10465=CARTESIAN_POINT('Ctrl Pts',(-15.1705305837095,30.188267454505,10.));
#10466=CARTESIAN_POINT('Ctrl Pts',(-15.1705305837095,30.188267454505,11.));
#10467=CARTESIAN_POINT('',(-14.3001358769834,30.270122513175,10.));
#10468=CARTESIAN_POINT('Ctrl Pts',(-15.1705305837095,30.188267454505,10.));
#10469=CARTESIAN_POINT('Ctrl Pts',(-14.9883837234372,30.1868126486248,10.));
#10470=CARTESIAN_POINT('Ctrl Pts',(-14.6949295378046,30.1844688318049,10.));
#10471=CARTESIAN_POINT('Ctrl Pts',(-14.4087020950198,30.2465681931084,10.));
#10472=CARTESIAN_POINT('Ctrl Pts',(-14.3001358769834,30.270122513175,10.));
#10473=CARTESIAN_POINT('',(-14.3001358769834,30.270122513175,11.));
#10474=CARTESIAN_POINT('Ctrl Pts',(-14.3001358769834,30.270122513175,11.));
#10475=CARTESIAN_POINT('Ctrl Pts',(-14.4087020950198,30.2465681931084,11.));
#10476=CARTESIAN_POINT('Ctrl Pts',(-14.6949295378046,30.1844688318049,11.));
#10477=CARTESIAN_POINT('Ctrl Pts',(-14.9883837234372,30.1868126486248,11.));
#10478=CARTESIAN_POINT('Ctrl Pts',(-15.1705305837095,30.188267454505,11.));
#10479=CARTESIAN_POINT('',(-14.3001358769834,30.270122513175,10.));
#10480=CARTESIAN_POINT('Ctrl Pts',(-13.9563434384763,30.532059893012,10.));
#10481=CARTESIAN_POINT('Ctrl Pts',(-13.9563434384763,30.532059893012,11.));
#10482=CARTESIAN_POINT('Ctrl Pts',(-14.0026155511117,30.475914687886,10.));
#10483=CARTESIAN_POINT('Ctrl Pts',(-14.0026155511117,30.475914687886,11.));
#10484=CARTESIAN_POINT('Ctrl Pts',(-14.0966750276762,30.3617857167847,10.));
#10485=CARTESIAN_POINT('Ctrl Pts',(-14.0966750276762,30.3617857167847,11.));
#10486=CARTESIAN_POINT('Ctrl Pts',(-14.2315911168934,30.3010033058282,10.));
#10487=CARTESIAN_POINT('Ctrl Pts',(-14.2315911168934,30.3010033058282,11.));
#10488=CARTESIAN_POINT('Ctrl Pts',(-14.3001358769834,30.270122513175,10.));
#10489=CARTESIAN_POINT('Ctrl Pts',(-14.3001358769834,30.270122513175,11.));
#10490=CARTESIAN_POINT('',(-13.9563434384763,30.532059893012,10.));
#10491=CARTESIAN_POINT('Ctrl Pts',(-14.3001358769834,30.270122513175,10.));
#10492=CARTESIAN_POINT('Ctrl Pts',(-14.2315911168934,30.3010033058282,10.));
#10493=CARTESIAN_POINT('Ctrl Pts',(-14.0966750276762,30.3617857167847,10.));
#10494=CARTESIAN_POINT('Ctrl Pts',(-14.0026155511117,30.475914687886,10.));
#10495=CARTESIAN_POINT('Ctrl Pts',(-13.9563434384763,30.532059893012,10.));
#10496=CARTESIAN_POINT('',(-13.9563434384763,30.532059893012,11.));
#10497=CARTESIAN_POINT('Ctrl Pts',(-13.9563434384763,30.532059893012,11.));
#10498=CARTESIAN_POINT('Ctrl Pts',(-14.0026155511117,30.475914687886,11.));
#10499=CARTESIAN_POINT('Ctrl Pts',(-14.0966750276762,30.3617857167847,11.));
#10500=CARTESIAN_POINT('Ctrl Pts',(-14.2315911168934,30.3010033058282,11.));
#10501=CARTESIAN_POINT('Ctrl Pts',(-14.3001358769834,30.270122513175,11.));
#10502=CARTESIAN_POINT('',(-13.9563434384763,30.532059893012,10.));
#10503=CARTESIAN_POINT('Ctrl Pts',(-13.8308327458799,30.927694067359,10.));
#10504=CARTESIAN_POINT('Ctrl Pts',(-13.8308327458799,30.927694067359,11.));
#10505=CARTESIAN_POINT('Ctrl Pts',(-13.8361626308606,30.8571763242364,10.));
#10506=CARTESIAN_POINT('Ctrl Pts',(-13.8361626308606,30.8571763242364,11.));
#10507=CARTESIAN_POINT('Ctrl Pts',(-13.8468745845072,30.7154504148903,10.));
#10508=CARTESIAN_POINT('Ctrl Pts',(-13.8468745845072,30.7154504148903,11.));
#10509=CARTESIAN_POINT('Ctrl Pts',(-13.9197355055803,30.5933882770707,10.));
#10510=CARTESIAN_POINT('Ctrl Pts',(-13.9197355055803,30.5933882770707,11.));
#10511=CARTESIAN_POINT('Ctrl Pts',(-13.9563434384763,30.532059893012,10.));
#10512=CARTESIAN_POINT('Ctrl Pts',(-13.9563434384763,30.532059893012,11.));
#10513=CARTESIAN_POINT('',(-13.8308327458799,30.927694067359,10.));
#10514=CARTESIAN_POINT('Ctrl Pts',(-13.9563434384763,30.532059893012,10.));
#10515=CARTESIAN_POINT('Ctrl Pts',(-13.9197355055803,30.5933882770707,10.));
#10516=CARTESIAN_POINT('Ctrl Pts',(-13.8468745845072,30.7154504148903,10.));
#10517=CARTESIAN_POINT('Ctrl Pts',(-13.8361626308606,30.8571763242364,10.));
#10518=CARTESIAN_POINT('Ctrl Pts',(-13.8308327458799,30.927694067359,10.));
#10519=CARTESIAN_POINT('',(-13.8308327458799,30.927694067359,11.));
#10520=CARTESIAN_POINT('Ctrl Pts',(-13.8308327458799,30.927694067359,11.));
#10521=CARTESIAN_POINT('Ctrl Pts',(-13.8361626308606,30.8571763242364,11.));
#10522=CARTESIAN_POINT('Ctrl Pts',(-13.8468745845072,30.7154504148903,11.));
#10523=CARTESIAN_POINT('Ctrl Pts',(-13.9197355055803,30.5933882770707,11.));
#10524=CARTESIAN_POINT('Ctrl Pts',(-13.9563434384763,30.532059893012,11.));
#10525=CARTESIAN_POINT('',(-13.8308327458799,30.927694067359,10.));
#10526=CARTESIAN_POINT('Ctrl Pts',(-13.8949506543577,31.1650746315718,10.));
#10527=CARTESIAN_POINT('Ctrl Pts',(-13.8949506543577,31.1650746315718,11.));
#10528=CARTESIAN_POINT('Ctrl Pts',(-13.8762712778652,31.1305760759515,10.));
#10529=CARTESIAN_POINT('Ctrl Pts',(-13.8762712778652,31.1305760759515,11.));
#10530=CARTESIAN_POINT('Ctrl Pts',(-13.8362638025637,31.0566870940323,10.));
#10531=CARTESIAN_POINT('Ctrl Pts',(-13.8362638025637,31.0566870940323,11.));
#10532=CARTESIAN_POINT('Ctrl Pts',(-13.8327212765616,30.9725485593639,10.));
#10533=CARTESIAN_POINT('Ctrl Pts',(-13.8327212765616,30.9725485593639,11.));
#10534=CARTESIAN_POINT('Ctrl Pts',(-13.8308327458799,30.927694067359,10.));
#10535=CARTESIAN_POINT('Ctrl Pts',(-13.8308327458799,30.927694067359,11.));
#10536=CARTESIAN_POINT('',(-13.8949506543577,31.1650746315718,10.));
#10537=CARTESIAN_POINT('Ctrl Pts',(-13.8308327458799,30.927694067359,10.));
#10538=CARTESIAN_POINT('Ctrl Pts',(-13.8327212765616,30.9725485593639,10.));
#10539=CARTESIAN_POINT('Ctrl Pts',(-13.8362638025637,31.0566870940323,10.));
#10540=CARTESIAN_POINT('Ctrl Pts',(-13.8762712778652,31.1305760759515,10.));
#10541=CARTESIAN_POINT('Ctrl Pts',(-13.8949506543577,31.1650746315718,10.));
#10542=CARTESIAN_POINT('',(-13.8949506543577,31.1650746315718,11.));
#10543=CARTESIAN_POINT('Ctrl Pts',(-13.8949506543577,31.1650746315718,11.));
#10544=CARTESIAN_POINT('Ctrl Pts',(-13.8762712778652,31.1305760759515,11.));
#10545=CARTESIAN_POINT('Ctrl Pts',(-13.8362638025637,31.0566870940323,11.));
#10546=CARTESIAN_POINT('Ctrl Pts',(-13.8327212765616,30.9725485593639,11.));
#10547=CARTESIAN_POINT('Ctrl Pts',(-13.8308327458799,30.927694067359,11.));
#10548=CARTESIAN_POINT('',(-13.8949506543577,31.1650746315718,10.));
#10549=CARTESIAN_POINT('Ctrl Pts',(-14.0750329755247,31.3001360744238,10.));
#10550=CARTESIAN_POINT('Ctrl Pts',(-14.0750329755247,31.3001360744238,11.));
#10551=CARTESIAN_POINT('Ctrl Pts',(-14.038813523477,31.2843263375674,10.));
#10552=CARTESIAN_POINT('Ctrl Pts',(-14.038813523477,31.2843263375674,11.));
#10553=CARTESIAN_POINT('Ctrl Pts',(-13.9680887928083,31.2534550980014,10.));
#10554=CARTESIAN_POINT('Ctrl Pts',(-13.9680887928083,31.2534550980014,11.));
#10555=CARTESIAN_POINT('Ctrl Pts',(-13.9189328991764,31.1940548876736,10.));
#10556=CARTESIAN_POINT('Ctrl Pts',(-13.9189328991764,31.1940548876736,11.));
#10557=CARTESIAN_POINT('Ctrl Pts',(-13.8949506543577,31.1650746315718,10.));
#10558=CARTESIAN_POINT('Ctrl Pts',(-13.8949506543577,31.1650746315718,11.));
#10559=CARTESIAN_POINT('',(-14.0750329755247,31.3001360744238,10.));
#10560=CARTESIAN_POINT('Ctrl Pts',(-13.8949506543577,31.1650746315718,10.));
#10561=CARTESIAN_POINT('Ctrl Pts',(-13.9189328991764,31.1940548876736,10.));
#10562=CARTESIAN_POINT('Ctrl Pts',(-13.9680887928083,31.2534550980014,10.));
#10563=CARTESIAN_POINT('Ctrl Pts',(-14.038813523477,31.2843263375674,10.));
#10564=CARTESIAN_POINT('Ctrl Pts',(-14.0750329755247,31.3001360744238,10.));
#10565=CARTESIAN_POINT('',(-14.0750329755247,31.3001360744238,11.));
#10566=CARTESIAN_POINT('Ctrl Pts',(-14.0750329755247,31.3001360744238,11.));
#10567=CARTESIAN_POINT('Ctrl Pts',(-14.038813523477,31.2843263375674,11.));
#10568=CARTESIAN_POINT('Ctrl Pts',(-13.9680887928083,31.2534550980014,11.));
#10569=CARTESIAN_POINT('Ctrl Pts',(-13.9189328991764,31.1940548876736,11.));
#10570=CARTESIAN_POINT('Ctrl Pts',(-13.8949506543577,31.1650746315718,11.));
#10571=CARTESIAN_POINT('',(-14.0750329755247,31.3001360744238,10.));
#10572=CARTESIAN_POINT('Ctrl Pts',(-14.5920865796506,31.3424279540777,10.));
#10573=CARTESIAN_POINT('Ctrl Pts',(-14.5920865796506,31.3424279540777,11.));
#10574=CARTESIAN_POINT('Ctrl Pts',(-14.4816777960992,31.3436152498039,10.));
#10575=CARTESIAN_POINT('Ctrl Pts',(-14.4816777960992,31.3436152498039,11.));
#10576=CARTESIAN_POINT('Ctrl Pts',(-14.3077256507885,31.3454858676302,10.));
#10577=CARTESIAN_POINT('Ctrl Pts',(-14.3077256507885,31.3454858676302,11.));
#10578=CARTESIAN_POINT('Ctrl Pts',(-14.1372913105368,31.3122696863433,10.));
#10579=CARTESIAN_POINT('Ctrl Pts',(-14.1372913105368,31.3122696863433,11.));
#10580=CARTESIAN_POINT('Ctrl Pts',(-14.0750329755247,31.3001360744238,10.));
#10581=CARTESIAN_POINT('Ctrl Pts',(-14.0750329755247,31.3001360744238,11.));
#10582=CARTESIAN_POINT('',(-14.5920865796506,31.3424279540777,10.));
#10583=CARTESIAN_POINT('Ctrl Pts',(-14.0750329755247,31.3001360744238,10.));
#10584=CARTESIAN_POINT('Ctrl Pts',(-14.1372913105368,31.3122696863433,10.));
#10585=CARTESIAN_POINT('Ctrl Pts',(-14.3077256507885,31.3454858676302,10.));
#10586=CARTESIAN_POINT('Ctrl Pts',(-14.4816777960992,31.3436152498039,10.));
#10587=CARTESIAN_POINT('Ctrl Pts',(-14.5920865796506,31.3424279540777,10.));
#10588=CARTESIAN_POINT('',(-14.5920865796506,31.3424279540777,11.));
#10589=CARTESIAN_POINT('Ctrl Pts',(-14.5920865796506,31.3424279540777,11.));
#10590=CARTESIAN_POINT('Ctrl Pts',(-14.4816777960992,31.3436152498039,11.));
#10591=CARTESIAN_POINT('Ctrl Pts',(-14.3077256507885,31.3454858676302,11.));
#10592=CARTESIAN_POINT('Ctrl Pts',(-14.1372913105368,31.3122696863433,11.));
#10593=CARTESIAN_POINT('Ctrl Pts',(-14.0750329755247,31.3001360744238,11.));
#10594=CARTESIAN_POINT('',(-14.5920865796506,31.3424279540777,10.));
#10595=CARTESIAN_POINT('Origin',(-15.1814453862607,31.3424279540777,10.));
#10596=CARTESIAN_POINT('',(-15.1814453862607,31.3424279540777,10.));
#10597=CARTESIAN_POINT('',(-7.59072269313037,31.3424279540777,10.));
#10598=CARTESIAN_POINT('',(-15.1814453862607,31.3424279540777,11.));
#10599=CARTESIAN_POINT('',(-14.5920865796506,31.3424279540777,11.));
#10600=CARTESIAN_POINT('',(-15.1814453862607,31.3424279540777,10.));
#10601=CARTESIAN_POINT('Origin',(-15.424283053726,30.188267454505,10.));
#10602=CARTESIAN_POINT('',(-18.1385520993984,17.2878712745055,10.));
#10603=CARTESIAN_POINT('',(-15.1814453862607,31.3424279540777,11.));
#10604=CARTESIAN_POINT('Origin',(-16.703955437988,27.9999997466803,10.));
#10605=CARTESIAN_POINT('',(-15.8799450658262,27.9999997466803,10.));
#10606=CARTESIAN_POINT('',(-16.703955437988,27.9999997466803,10.));
#10607=CARTESIAN_POINT('',(-8.35197771899402,27.9999997466803,10.));
#10608=CARTESIAN_POINT('',(-15.8799450658262,27.9999997466803,11.));
#10609=CARTESIAN_POINT('',(-15.8799450658262,27.9999997466803,10.));
#10610=CARTESIAN_POINT('',(-16.703955437988,27.9999997466803,11.));
#10611=CARTESIAN_POINT('',(-15.8799450658262,27.9999997466803,11.));
#10612=CARTESIAN_POINT('',(-16.703955437988,27.9999997466803,10.));
#10613=CARTESIAN_POINT('Origin',(-15.8663015626371,31.9999998062849,10.));
#10614=CARTESIAN_POINT('',(-15.8663015626371,31.9999998062849,10.));
#10615=CARTESIAN_POINT('',(-18.7428676733156,18.2637001809177,10.));
#10616=CARTESIAN_POINT('',(-15.8663015626371,31.9999998062849,11.));
#10617=CARTESIAN_POINT('',(-16.703955437988,27.9999997466803,11.));
#10618=CARTESIAN_POINT('',(-15.8663015626371,31.9999998062849,10.));
#10619=CARTESIAN_POINT('Origin',(-14.2401068471372,31.9999998062849,10.));
#10620=CARTESIAN_POINT('',(-14.2401068471372,31.9999998062849,10.));
#10621=CARTESIAN_POINT('',(-7.12005342356861,31.9999998062849,10.));
#10622=CARTESIAN_POINT('',(-14.2401068471372,31.9999998062849,11.));
#10623=CARTESIAN_POINT('',(-15.8663015626371,31.9999998062849,11.));
#10624=CARTESIAN_POINT('',(-14.2401068471372,31.9999998062849,10.));
#10625=CARTESIAN_POINT('Ctrl Pts',(-13.5538857243955,31.8976803869009,10.));
#10626=CARTESIAN_POINT('Ctrl Pts',(-13.5538857243955,31.8976803869009,11.));
#10627=CARTESIAN_POINT('Ctrl Pts',(-13.6524694464595,31.9274184185381,10.));
#10628=CARTESIAN_POINT('Ctrl Pts',(-13.6524694464595,31.9274184185381,11.));
#10629=CARTESIAN_POINT('Ctrl Pts',(-13.8758727636726,31.9948085999599,10.));
#10630=CARTESIAN_POINT('Ctrl Pts',(-13.8758727636726,31.9948085999599,11.));
#10631=CARTESIAN_POINT('Ctrl Pts',(-14.1095480894462,31.9981390319107,10.));
#10632=CARTESIAN_POINT('Ctrl Pts',(-14.1095480894462,31.9981390319107,11.));
#10633=CARTESIAN_POINT('Ctrl Pts',(-14.2401068471372,31.9999998062849,10.));
#10634=CARTESIAN_POINT('Ctrl Pts',(-14.2401068471372,31.9999998062849,11.));
#10635=CARTESIAN_POINT('',(-13.5538857243955,31.8976803869009,10.));
#10636=CARTESIAN_POINT('Ctrl Pts',(-14.2401068471372,31.9999998062849,10.));
#10637=CARTESIAN_POINT('Ctrl Pts',(-14.1095480894462,31.9981390319107,10.));
#10638=CARTESIAN_POINT('Ctrl Pts',(-13.8758727636726,31.9948085999599,10.));
#10639=CARTESIAN_POINT('Ctrl Pts',(-13.6524694464595,31.9274184185381,10.));
#10640=CARTESIAN_POINT('Ctrl Pts',(-13.5538857243955,31.8976803869009,10.));
#10641=CARTESIAN_POINT('',(-13.5538857243955,31.8976803869009,11.));
#10642=CARTESIAN_POINT('Ctrl Pts',(-13.5538857243955,31.8976803869009,11.));
#10643=CARTESIAN_POINT('Ctrl Pts',(-13.6524694464595,31.9274184185381,11.));
#10644=CARTESIAN_POINT('Ctrl Pts',(-13.8758727636726,31.9948085999599,11.));
#10645=CARTESIAN_POINT('Ctrl Pts',(-14.1095480894462,31.9981390319107,11.));
#10646=CARTESIAN_POINT('Ctrl Pts',(-14.2401068471372,31.9999998062849,11.));
#10647=CARTESIAN_POINT('',(-13.5538857243955,31.8976803869009,10.));
#10648=CARTESIAN_POINT('Ctrl Pts',(-13.1541602872312,31.559344753623,10.));
#10649=CARTESIAN_POINT('Ctrl Pts',(-13.1541602872312,31.559344753623,11.));
#10650=CARTESIAN_POINT('Ctrl Pts',(-13.2074057985306,31.6323462723781,10.));
#10651=CARTESIAN_POINT('Ctrl Pts',(-13.2074057985306,31.6323462723781,11.));
#10652=CARTESIAN_POINT('Ctrl Pts',(-13.31328624976,31.7775121944921,10.));
#10653=CARTESIAN_POINT('Ctrl Pts',(-13.31328624976,31.7775121944921,11.));
#10654=CARTESIAN_POINT('Ctrl Pts',(-13.473994814106,31.8577786111638,10.));
#10655=CARTESIAN_POINT('Ctrl Pts',(-13.473994814106,31.8577786111638,11.));
#10656=CARTESIAN_POINT('Ctrl Pts',(-13.5538857243955,31.8976803869009,10.));
#10657=CARTESIAN_POINT('Ctrl Pts',(-13.5538857243955,31.8976803869009,11.));
#10658=CARTESIAN_POINT('',(-13.1541602872312,31.559344753623,10.));
#10659=CARTESIAN_POINT('Ctrl Pts',(-13.5538857243955,31.8976803869009,10.));
#10660=CARTESIAN_POINT('Ctrl Pts',(-13.473994814106,31.8577786111638,10.));
#10661=CARTESIAN_POINT('Ctrl Pts',(-13.31328624976,31.7775121944921,10.));
#10662=CARTESIAN_POINT('Ctrl Pts',(-13.2074057985306,31.6323462723781,10.));
#10663=CARTESIAN_POINT('Ctrl Pts',(-13.1541602872312,31.559344753623,10.));
#10664=CARTESIAN_POINT('',(-13.1541602872312,31.559344753623,11.));
#10665=CARTESIAN_POINT('Ctrl Pts',(-13.1541602872312,31.559344753623,11.));
#10666=CARTESIAN_POINT('Ctrl Pts',(-13.2074057985306,31.6323462723781,11.));
#10667=CARTESIAN_POINT('Ctrl Pts',(-13.31328624976,31.7775121944921,11.));
#10668=CARTESIAN_POINT('Ctrl Pts',(-13.473994814106,31.8577786111638,11.));
#10669=CARTESIAN_POINT('Ctrl Pts',(-13.5538857243955,31.8976803869009,11.));
#10670=CARTESIAN_POINT('',(-13.1541602872312,31.559344753623,10.));
#10671=CARTESIAN_POINT('Ctrl Pts',(-13.0068199895322,30.9959068149328,10.));
#10672=CARTESIAN_POINT('Ctrl Pts',(-13.0068199895322,30.9959068149328,11.));
#10673=CARTESIAN_POINT('Ctrl Pts',(-13.0118310675111,31.0993783823266,10.));
#10674=CARTESIAN_POINT('Ctrl Pts',(-13.0118310675111,31.0993783823266,11.));
#10675=CARTESIAN_POINT('Ctrl Pts',(-13.0214396088427,31.2977809687821,10.));
#10676=CARTESIAN_POINT('Ctrl Pts',(-13.0214396088427,31.2977809687821,11.));
#10677=CARTESIAN_POINT('Ctrl Pts',(-13.1112081364615,31.4746953436081,10.));
#10678=CARTESIAN_POINT('Ctrl Pts',(-13.1112081364615,31.4746953436081,11.));
#10679=CARTESIAN_POINT('Ctrl Pts',(-13.1541602872312,31.559344753623,10.));
#10680=CARTESIAN_POINT('Ctrl Pts',(-13.1541602872312,31.559344753623,11.));
#10681=CARTESIAN_POINT('',(-13.0068199895322,30.9959068149328,10.));
#10682=CARTESIAN_POINT('Ctrl Pts',(-13.1541602872312,31.559344753623,10.));
#10683=CARTESIAN_POINT('Ctrl Pts',(-13.1112081364615,31.4746953436081,10.));
#10684=CARTESIAN_POINT('Ctrl Pts',(-13.0214396088427,31.2977809687821,10.));
#10685=CARTESIAN_POINT('Ctrl Pts',(-13.0118310675111,31.0993783823266,10.));
#10686=CARTESIAN_POINT('Ctrl Pts',(-13.0068199895322,30.9959068149328,10.));
#10687=CARTESIAN_POINT('',(-13.0068199895322,30.9959068149328,11.));
#10688=CARTESIAN_POINT('Ctrl Pts',(-13.0068199895322,30.9959068149328,11.));
#10689=CARTESIAN_POINT('Ctrl Pts',(-13.0118310675111,31.0993783823266,11.));
#10690=CARTESIAN_POINT('Ctrl Pts',(-13.0214396088427,31.2977809687821,11.));
#10691=CARTESIAN_POINT('Ctrl Pts',(-13.1112081364615,31.4746953436081,11.));
#10692=CARTESIAN_POINT('Ctrl Pts',(-13.1541602872312,31.559344753623,11.));
#10693=CARTESIAN_POINT('',(-13.0068199895322,30.9959068149328,10.));
#10694=CARTESIAN_POINT('Ctrl Pts',(-13.1241457723081,30.4065480083227,10.));
#10695=CARTESIAN_POINT('Ctrl Pts',(-13.1241457723081,30.4065480083227,11.));
#10696=CARTESIAN_POINT('Ctrl Pts',(-13.0899254676307,30.5024399849435,10.));
#10697=CARTESIAN_POINT('Ctrl Pts',(-13.0899254676307,30.5024399849435,11.));
#10698=CARTESIAN_POINT('Ctrl Pts',(-13.0218692037169,30.6931469272004,10.));
#10699=CARTESIAN_POINT('Ctrl Pts',(-13.0218692037169,30.6931469272004,11.));
#10700=CARTESIAN_POINT('Ctrl Pts',(-13.0118174719892,30.8953675303533,10.));
#10701=CARTESIAN_POINT('Ctrl Pts',(-13.0118174719892,30.8953675303533,11.));
#10702=CARTESIAN_POINT('Ctrl Pts',(-13.0068199895322,30.9959068149328,10.));
#10703=CARTESIAN_POINT('Ctrl Pts',(-13.0068199895322,30.9959068149328,11.));
#10704=CARTESIAN_POINT('',(-13.1241457723081,30.4065480083227,10.));
#10705=CARTESIAN_POINT('Ctrl Pts',(-13.0068199895322,30.9959068149328,10.));
#10706=CARTESIAN_POINT('Ctrl Pts',(-13.0118174719892,30.8953675303533,10.));
#10707=CARTESIAN_POINT('Ctrl Pts',(-13.0218692037169,30.6931469272004,10.));
#10708=CARTESIAN_POINT('Ctrl Pts',(-13.0899254676307,30.5024399849435,10.));
#10709=CARTESIAN_POINT('Ctrl Pts',(-13.1241457723081,30.4065480083227,10.));
#10710=CARTESIAN_POINT('',(-13.1241457723081,30.4065480083227,11.));
#10711=CARTESIAN_POINT('Ctrl Pts',(-13.1241457723081,30.4065480083227,11.));
#10712=CARTESIAN_POINT('Ctrl Pts',(-13.0899254676307,30.5024399849435,11.));
#10713=CARTESIAN_POINT('Ctrl Pts',(-13.0218692037169,30.6931469272004,11.));
#10714=CARTESIAN_POINT('Ctrl Pts',(-13.0118174719892,30.8953675303533,11.));
#10715=CARTESIAN_POINT('Ctrl Pts',(-13.0068199895322,30.9959068149328,11.));
#10716=CARTESIAN_POINT('',(-13.1241457723081,30.4065480083227,10.));
#10717=CARTESIAN_POINT('Ctrl Pts',(-13.412005212158,29.9481578916311,10.));
#10718=CARTESIAN_POINT('Ctrl Pts',(-13.412005212158,29.9481578916311,11.));
#10719=CARTESIAN_POINT('Ctrl Pts',(-13.3563094607446,30.0129151460083,10.));
#10720=CARTESIAN_POINT('Ctrl Pts',(-13.3563094607446,30.0129151460083,11.));
#10721=CARTESIAN_POINT('Ctrl Pts',(-13.2374409671829,30.1511231256059,10.));
#10722=CARTESIAN_POINT('Ctrl Pts',(-13.2374409671829,30.1511231256059,11.));
#10723=CARTESIAN_POINT('Ctrl Pts',(-13.163461964074,30.3179093535081,10.));
#10724=CARTESIAN_POINT('Ctrl Pts',(-13.163461964074,30.3179093535081,11.));
#10725=CARTESIAN_POINT('Ctrl Pts',(-13.1241457723081,30.4065480083227,10.));
#10726=CARTESIAN_POINT('Ctrl Pts',(-13.1241457723081,30.4065480083227,11.));
#10727=CARTESIAN_POINT('',(-13.412005212158,29.9481578916311,10.));
#10728=CARTESIAN_POINT('Ctrl Pts',(-13.1241457723081,30.4065480083227,10.));
#10729=CARTESIAN_POINT('Ctrl Pts',(-13.163461964074,30.3179093535081,10.));
#10730=CARTESIAN_POINT('Ctrl Pts',(-13.2374409671829,30.1511231256059,10.));
#10731=CARTESIAN_POINT('Ctrl Pts',(-13.3563094607446,30.0129151460083,10.));
#10732=CARTESIAN_POINT('Ctrl Pts',(-13.412005212158,29.9481578916311,10.));
#10733=CARTESIAN_POINT('',(-13.412005212158,29.9481578916311,11.));
#10734=CARTESIAN_POINT('Ctrl Pts',(-13.412005212158,29.9481578916311,11.));
#10735=CARTESIAN_POINT('Ctrl Pts',(-13.3563094607446,30.0129151460083,11.));
#10736=CARTESIAN_POINT('Ctrl Pts',(-13.2374409671829,30.1511231256059,11.));
#10737=CARTESIAN_POINT('Ctrl Pts',(-13.163461964074,30.3179093535081,11.));
#10738=CARTESIAN_POINT('Ctrl Pts',(-13.1241457723081,30.4065480083227,11.));
#10739=CARTESIAN_POINT('',(-13.412005212158,29.9481578916311,10.));
#10740=CARTESIAN_POINT('Ctrl Pts',(-13.77899101004,29.687584862113,10.));
#10741=CARTESIAN_POINT('Ctrl Pts',(-13.77899101004,29.687584862113,11.));
#10742=CARTESIAN_POINT('Ctrl Pts',(-13.7137912271974,29.7214215269621,10.));
#10743=CARTESIAN_POINT('Ctrl Pts',(-13.7137912271974,29.7214215269621,11.));
#10744=CARTESIAN_POINT('Ctrl Pts',(-13.5793871540207,29.7911730718316,10.));
#10745=CARTESIAN_POINT('Ctrl Pts',(-13.5793871540207,29.7911730718316,11.));
#10746=CARTESIAN_POINT('Ctrl Pts',(-13.4688965318543,29.8948004417695,10.));
#10747=CARTESIAN_POINT('Ctrl Pts',(-13.4688965318543,29.8948004417695,11.));
#10748=CARTESIAN_POINT('Ctrl Pts',(-13.412005212158,29.9481578916311,10.));
#10749=CARTESIAN_POINT('Ctrl Pts',(-13.412005212158,29.9481578916311,11.));
#10750=CARTESIAN_POINT('',(-13.77899101004,29.687584862113,10.));
#10751=CARTESIAN_POINT('Ctrl Pts',(-13.412005212158,29.9481578916311,10.));
#10752=CARTESIAN_POINT('Ctrl Pts',(-13.4688965318543,29.8948004417695,10.));
#10753=CARTESIAN_POINT('Ctrl Pts',(-13.5793871540207,29.7911730718316,10.));
#10754=CARTESIAN_POINT('Ctrl Pts',(-13.7137912271974,29.7214215269621,10.));
#10755=CARTESIAN_POINT('Ctrl Pts',(-13.77899101004,29.687584862113,10.));
#10756=CARTESIAN_POINT('',(-13.77899101004,29.687584862113,11.));
#10757=CARTESIAN_POINT('Ctrl Pts',(-13.77899101004,29.687584862113,11.));
#10758=CARTESIAN_POINT('Ctrl Pts',(-13.7137912271974,29.7214215269621,11.));
#10759=CARTESIAN_POINT('Ctrl Pts',(-13.5793871540207,29.7911730718316,11.));
#10760=CARTESIAN_POINT('Ctrl Pts',(-13.4688965318543,29.8948004417695,11.));
#10761=CARTESIAN_POINT('Ctrl Pts',(-13.412005212158,29.9481578916311,11.));
#10762=CARTESIAN_POINT('',(-13.77899101004,29.687584862113,10.));
#10763=CARTESIAN_POINT('Ctrl Pts',(-14.308320786804,29.5525237172842,10.));
#10764=CARTESIAN_POINT('Ctrl Pts',(-14.308320786804,29.5525237172842,11.));
#10765=CARTESIAN_POINT('Ctrl Pts',(-14.2077396458975,29.5677483301048,10.));
#10766=CARTESIAN_POINT('Ctrl Pts',(-14.2077396458975,29.5677483301048,11.));
#10767=CARTESIAN_POINT('Ctrl Pts',(-14.0266586101922,29.595157928295,10.));
#10768=CARTESIAN_POINT('Ctrl Pts',(-14.0266586101922,29.595157928295,11.));
#10769=CARTESIAN_POINT('Ctrl Pts',(-13.8552091644709,29.6591410514935,10.));
#10770=CARTESIAN_POINT('Ctrl Pts',(-13.8552091644709,29.6591410514935,11.));
#10771=CARTESIAN_POINT('Ctrl Pts',(-13.77899101004,29.687584862113,10.));
#10772=CARTESIAN_POINT('Ctrl Pts',(-13.77899101004,29.687584862113,11.));
#10773=CARTESIAN_POINT('',(-14.308320786804,29.5525237172842,10.));
#10774=CARTESIAN_POINT('Ctrl Pts',(-13.77899101004,29.687584862113,10.));
#10775=CARTESIAN_POINT('Ctrl Pts',(-13.8552091644709,29.6591410514935,10.));
#10776=CARTESIAN_POINT('Ctrl Pts',(-14.0266586101922,29.595157928295,10.));
#10777=CARTESIAN_POINT('Ctrl Pts',(-14.2077396458975,29.5677483301048,10.));
#10778=CARTESIAN_POINT('Ctrl Pts',(-14.308320786804,29.5525237172842,10.));
#10779=CARTESIAN_POINT('',(-14.308320786804,29.5525237172842,11.));
#10780=CARTESIAN_POINT('Ctrl Pts',(-14.308320786804,29.5525237172842,11.));
#10781=CARTESIAN_POINT('Ctrl Pts',(-14.2077396458975,29.5677483301048,11.));
#10782=CARTESIAN_POINT('Ctrl Pts',(-14.0266586101922,29.595157928295,11.));
#10783=CARTESIAN_POINT('Ctrl Pts',(-13.8552091644709,29.6591410514935,11.));
#10784=CARTESIAN_POINT('Ctrl Pts',(-13.77899101004,29.687584862113,11.));
#10785=CARTESIAN_POINT('',(-14.308320786804,29.5525237172842,10.));
#10786=CARTESIAN_POINT('Ctrl Pts',(-15.0341050885618,29.5252384990454,10.));
#10787=CARTESIAN_POINT('Ctrl Pts',(-15.0341050885618,29.5252384990454,11.));
#10788=CARTESIAN_POINT('Ctrl Pts',(-14.8848280954525,29.5248434861435,10.));
#10789=CARTESIAN_POINT('Ctrl Pts',(-14.8848280954525,29.5248434861435,11.));
#10790=CARTESIAN_POINT('Ctrl Pts',(-14.6424681923397,29.5242021596628,10.));
#10791=CARTESIAN_POINT('Ctrl Pts',(-14.6424681923397,29.5242021596628,11.));
#10792=CARTESIAN_POINT('Ctrl Pts',(-14.401044230745,29.544664693641,10.));
#10793=CARTESIAN_POINT('Ctrl Pts',(-14.401044230745,29.544664693641,11.));
#10794=CARTESIAN_POINT('Ctrl Pts',(-14.308320786804,29.5525237172842,10.));
#10795=CARTESIAN_POINT('Ctrl Pts',(-14.308320786804,29.5525237172842,11.));
#10796=CARTESIAN_POINT('',(-15.0341050885618,29.5252384990454,10.));
#10797=CARTESIAN_POINT('Ctrl Pts',(-14.308320786804,29.5525237172842,10.));
#10798=CARTESIAN_POINT('Ctrl Pts',(-14.401044230745,29.544664693641,10.));
#10799=CARTESIAN_POINT('Ctrl Pts',(-14.6424681923397,29.5242021596628,10.));
#10800=CARTESIAN_POINT('Ctrl Pts',(-14.8848280954525,29.5248434861435,10.));
#10801=CARTESIAN_POINT('Ctrl Pts',(-15.0341050885618,29.5252384990454,10.));
#10802=CARTESIAN_POINT('',(-15.0341050885618,29.5252384990454,11.));
#10803=CARTESIAN_POINT('Ctrl Pts',(-15.0341050885618,29.5252384990454,11.));
#10804=CARTESIAN_POINT('Ctrl Pts',(-14.8848280954525,29.5248434861435,11.));
#10805=CARTESIAN_POINT('Ctrl Pts',(-14.6424681923397,29.5242021596628,11.));
#10806=CARTESIAN_POINT('Ctrl Pts',(-14.401044230745,29.544664693641,11.));
#10807=CARTESIAN_POINT('Ctrl Pts',(-14.308320786804,29.5525237172842,11.));
#10808=CARTESIAN_POINT('',(-15.0341050885618,29.5252384990454,10.));
#10809=CARTESIAN_POINT('Origin',(-15.5607085488737,29.5252384990454,10.));
#10810=CARTESIAN_POINT('',(-15.5607085488737,29.5252384990454,10.));
#10811=CARTESIAN_POINT('',(-7.78035427443683,29.5252384990454,10.));
#10812=CARTESIAN_POINT('',(-15.5607085488737,29.5252384990454,11.));
#10813=CARTESIAN_POINT('',(-15.0341050885618,29.5252384990454,11.));
#10814=CARTESIAN_POINT('',(-15.5607085488737,29.5252384990454,10.));
#10815=CARTESIAN_POINT('Origin',(-15.8799450658262,27.9999997466803,10.));
#10816=CARTESIAN_POINT('',(-18.3539699403563,16.1796771564865,10.));
#10817=CARTESIAN_POINT('',(-15.5607085488737,29.5252384990454,11.));
#10818=CARTESIAN_POINT('Origin',(1.28522515296936E-6,29.9986354261637,11.));
#10819=CARTESIAN_POINT('Origin',(0.,0.,10.));
#10820=CARTESIAN_POINT('Origin',(-23.3342414163053,30.2564802020788,10.));
#10821=CARTESIAN_POINT('',(-23.7708037160337,30.2564802020788,10.));
#10822=CARTESIAN_POINT('',(-23.3342414163053,30.2564802020788,10.));
#10823=CARTESIAN_POINT('',(-11.6671207081527,30.2564802020788,10.));
#10824=CARTESIAN_POINT('',(-23.7708037160337,30.2564802020788,11.));
#10825=CARTESIAN_POINT('',(-23.7708037160337,30.2564802020788,10.));
#10826=CARTESIAN_POINT('',(-23.3342414163053,30.2564802020788,11.));
#10827=CARTESIAN_POINT('',(-23.7708037160337,30.2564802020788,11.));
#10828=CARTESIAN_POINT('',(-23.3342414163053,30.2564802020788,10.));
#10829=CARTESIAN_POINT('Ctrl Pts',(-22.4542968533933,30.335606560111,10.));
#10830=CARTESIAN_POINT('Ctrl Pts',(-22.4542968533933,30.335606560111,11.));
#10831=CARTESIAN_POINT('Ctrl Pts',(-22.5634572929414,30.3128489085842,10.));
#10832=CARTESIAN_POINT('Ctrl Pts',(-22.5634572929414,30.3128489085842,11.));
#10833=CARTESIAN_POINT('Ctrl Pts',(-22.8531085585617,30.2524627229425,10.));
#10834=CARTESIAN_POINT('Ctrl Pts',(-22.8531085585617,30.2524627229425,11.));
#10835=CARTESIAN_POINT('Ctrl Pts',(-23.1495311585362,30.254937863835,10.));
#10836=CARTESIAN_POINT('Ctrl Pts',(-23.1495311585362,30.254937863835,11.));
#10837=CARTESIAN_POINT('Ctrl Pts',(-23.3342414163053,30.2564802020788,10.));
#10838=CARTESIAN_POINT('Ctrl Pts',(-23.3342414163053,30.2564802020788,11.));
#10839=CARTESIAN_POINT('',(-22.4542968533933,30.335606560111,10.));
#10840=CARTESIAN_POINT('Ctrl Pts',(-23.3342414163053,30.2564802020788,10.));
#10841=CARTESIAN_POINT('Ctrl Pts',(-23.1495311585362,30.254937863835,10.));
#10842=CARTESIAN_POINT('Ctrl Pts',(-22.8531085585617,30.2524627229425,10.));
#10843=CARTESIAN_POINT('Ctrl Pts',(-22.5634572929414,30.3128489085842,10.));
#10844=CARTESIAN_POINT('Ctrl Pts',(-22.4542968533933,30.335606560111,10.));
#10845=CARTESIAN_POINT('',(-22.4542968533933,30.335606560111,11.));
#10846=CARTESIAN_POINT('Ctrl Pts',(-22.4542968533933,30.335606560111,11.));
#10847=CARTESIAN_POINT('Ctrl Pts',(-22.5634572929414,30.3128489085842,11.));
#10848=CARTESIAN_POINT('Ctrl Pts',(-22.8531085585617,30.2524627229425,11.));
#10849=CARTESIAN_POINT('Ctrl Pts',(-23.1495311585362,30.254937863835,11.));
#10850=CARTESIAN_POINT('Ctrl Pts',(-23.3342414163053,30.2564802020788,11.));
#10851=CARTESIAN_POINT('',(-22.4542968533933,30.335606560111,10.));
#10852=CARTESIAN_POINT('Ctrl Pts',(-22.1145968697965,30.5839016288519,10.));
#10853=CARTESIAN_POINT('Ctrl Pts',(-22.1145968697965,30.5839016288519,11.));
#10854=CARTESIAN_POINT('Ctrl Pts',(-22.1603623845379,30.530937062399,10.));
#10855=CARTESIAN_POINT('Ctrl Pts',(-22.1603623845379,30.530937062399,11.));
#10856=CARTESIAN_POINT('Ctrl Pts',(-22.2543901545116,30.4221184442903,10.));
#10857=CARTESIAN_POINT('Ctrl Pts',(-22.2543901545116,30.4221184442903,11.));
#10858=CARTESIAN_POINT('Ctrl Pts',(-22.3864920433927,30.3649498582716,10.));
#10859=CARTESIAN_POINT('Ctrl Pts',(-22.3864920433927,30.3649498582716,11.));
#10860=CARTESIAN_POINT('Ctrl Pts',(-22.4542968533933,30.335606560111,10.));
#10861=CARTESIAN_POINT('Ctrl Pts',(-22.4542968533933,30.335606560111,11.));
#10862=CARTESIAN_POINT('',(-22.1145968697965,30.5839016288519,10.));
#10863=CARTESIAN_POINT('Ctrl Pts',(-22.4542968533933,30.335606560111,10.));
#10864=CARTESIAN_POINT('Ctrl Pts',(-22.3864920433927,30.3649498582716,10.));
#10865=CARTESIAN_POINT('Ctrl Pts',(-22.2543901545116,30.4221184442903,10.));
#10866=CARTESIAN_POINT('Ctrl Pts',(-22.1603623845379,30.530937062399,10.));
#10867=CARTESIAN_POINT('Ctrl Pts',(-22.1145968697965,30.5839016288519,10.));
#10868=CARTESIAN_POINT('',(-22.1145968697965,30.5839016288519,11.));
#10869=CARTESIAN_POINT('Ctrl Pts',(-22.1145968697965,30.5839016288519,11.));
#10870=CARTESIAN_POINT('Ctrl Pts',(-22.1603623845379,30.530937062399,11.));
#10871=CARTESIAN_POINT('Ctrl Pts',(-22.2543901545116,30.4221184442903,11.));
#10872=CARTESIAN_POINT('Ctrl Pts',(-22.3864920433927,30.3649498582716,11.));
#10873=CARTESIAN_POINT('Ctrl Pts',(-22.4542968533933,30.335606560111,11.));
#10874=CARTESIAN_POINT('',(-22.1145968697965,30.5839016288519,10.));
#10875=CARTESIAN_POINT('Ctrl Pts',(-21.991813685745,30.9386082738638,10.));
#10876=CARTESIAN_POINT('Ctrl Pts',(-21.991813685745,30.9386082738638,11.));
#10877=CARTESIAN_POINT('Ctrl Pts',(-21.9975553197979,30.876597886489,10.));
#10878=CARTESIAN_POINT('Ctrl Pts',(-21.9975553197979,30.876597886489,11.));
#10879=CARTESIAN_POINT('Ctrl Pts',(-22.009418853064,30.7484701990234,10.));
#10880=CARTESIAN_POINT('Ctrl Pts',(-22.009418853064,30.7484701990234,11.));
#10881=CARTESIAN_POINT('Ctrl Pts',(-22.0787962729176,30.639917640778,10.));
#10882=CARTESIAN_POINT('Ctrl Pts',(-22.0787962729176,30.639917640778,11.));
#10883=CARTESIAN_POINT('Ctrl Pts',(-22.1145968697965,30.5839016288519,10.));
#10884=CARTESIAN_POINT('Ctrl Pts',(-22.1145968697965,30.5839016288519,11.));
#10885=CARTESIAN_POINT('',(-21.991813685745,30.9386082738638,10.));
#10886=CARTESIAN_POINT('Ctrl Pts',(-22.1145968697965,30.5839016288519,10.));
#10887=CARTESIAN_POINT('Ctrl Pts',(-22.0787962729176,30.639917640778,10.));
#10888=CARTESIAN_POINT('Ctrl Pts',(-22.009418853064,30.7484701990234,10.));
#10889=CARTESIAN_POINT('Ctrl Pts',(-21.9975553197979,30.876597886489,10.));
#10890=CARTESIAN_POINT('Ctrl Pts',(-21.991813685745,30.9386082738638,10.));
#10891=CARTESIAN_POINT('',(-21.991813685745,30.9386082738638,11.));
#10892=CARTESIAN_POINT('Ctrl Pts',(-21.991813685745,30.9386082738638,11.));
#10893=CARTESIAN_POINT('Ctrl Pts',(-21.9975553197979,30.876597886489,11.));
#10894=CARTESIAN_POINT('Ctrl Pts',(-22.009418853064,30.7484701990234,11.));
#10895=CARTESIAN_POINT('Ctrl Pts',(-22.0787962729176,30.639917640778,11.));
#10896=CARTESIAN_POINT('Ctrl Pts',(-22.1145968697965,30.5839016288519,11.));
#10897=CARTESIAN_POINT('',(-21.991813685745,30.9386082738638,10.));
#10898=CARTESIAN_POINT('Ctrl Pts',(-22.1691673062742,31.2660297006369,10.));
#10899=CARTESIAN_POINT('Ctrl Pts',(-22.1691673062742,31.2660297006369,11.));
#10900=CARTESIAN_POINT('Ctrl Pts',(-22.1174417110678,31.2245940607782,10.));
#10901=CARTESIAN_POINT('Ctrl Pts',(-22.1174417110678,31.2245940607782,11.));
#10902=CARTESIAN_POINT('Ctrl Pts',(-22.0124878301939,31.1405190261205,10.));
#10903=CARTESIAN_POINT('Ctrl Pts',(-22.0124878301939,31.1405190261205,11.));
#10904=CARTESIAN_POINT('Ctrl Pts',(-21.9987705336041,31.0065512249275,10.));
#10905=CARTESIAN_POINT('Ctrl Pts',(-21.9987705336041,31.0065512249275,11.));
#10906=CARTESIAN_POINT('Ctrl Pts',(-21.991813685745,30.9386082738638,10.));
#10907=CARTESIAN_POINT('Ctrl Pts',(-21.991813685745,30.9386082738638,11.));
#10908=CARTESIAN_POINT('',(-22.1691673062742,31.2660297006369,10.));
#10909=CARTESIAN_POINT('Ctrl Pts',(-21.991813685745,30.9386082738638,10.));
#10910=CARTESIAN_POINT('Ctrl Pts',(-21.9987705336041,31.0065512249275,10.));
#10911=CARTESIAN_POINT('Ctrl Pts',(-22.0124878301939,31.1405190261205,10.));
#10912=CARTESIAN_POINT('Ctrl Pts',(-22.1174417110678,31.2245940607782,10.));
#10913=CARTESIAN_POINT('Ctrl Pts',(-22.1691673062742,31.2660297006369,10.));
#10914=CARTESIAN_POINT('',(-22.1691673062742,31.2660297006369,11.));
#10915=CARTESIAN_POINT('Ctrl Pts',(-22.1691673062742,31.2660297006369,11.));
#10916=CARTESIAN_POINT('Ctrl Pts',(-22.1174417110678,31.2245940607782,11.));
#10917=CARTESIAN_POINT('Ctrl Pts',(-22.0124878301939,31.1405190261205,11.));
#10918=CARTESIAN_POINT('Ctrl Pts',(-21.9987705336041,31.0065512249275,11.));
#10919=CARTESIAN_POINT('Ctrl Pts',(-21.991813685745,30.9386082738638,11.));
#10920=CARTESIAN_POINT('',(-22.1691673062742,31.2660297006369,10.));
#10921=CARTESIAN_POINT('Ctrl Pts',(-22.6411991380155,31.3315140455961,10.));
#10922=CARTESIAN_POINT('Ctrl Pts',(-22.6411991380155,31.3315140455961,11.));
#10923=CARTESIAN_POINT('Ctrl Pts',(-22.540233544209,31.3329098672374,10.));
#10924=CARTESIAN_POINT('Ctrl Pts',(-22.540233544209,31.3329098672374,11.));
#10925=CARTESIAN_POINT('Ctrl Pts',(-22.3788602921266,31.3351408081856,10.));
#10926=CARTESIAN_POINT('Ctrl Pts',(-22.3788602921266,31.3351408081856,11.));
#10927=CARTESIAN_POINT('Ctrl Pts',(-22.226282511599,31.2848538643628,10.));
#10928=CARTESIAN_POINT('Ctrl Pts',(-22.226282511599,31.2848538643628,11.));
#10929=CARTESIAN_POINT('Ctrl Pts',(-22.1691673062742,31.2660297006369,10.));
#10930=CARTESIAN_POINT('Ctrl Pts',(-22.1691673062742,31.2660297006369,11.));
#10931=CARTESIAN_POINT('',(-22.6411991380155,31.3315140455961,10.));
#10932=CARTESIAN_POINT('Ctrl Pts',(-22.1691673062742,31.2660297006369,10.));
#10933=CARTESIAN_POINT('Ctrl Pts',(-22.226282511599,31.2848538643628,10.));
#10934=CARTESIAN_POINT('Ctrl Pts',(-22.3788602921266,31.3351408081856,10.));
#10935=CARTESIAN_POINT('Ctrl Pts',(-22.540233544209,31.3329098672374,10.));
#10936=CARTESIAN_POINT('Ctrl Pts',(-22.6411991380155,31.3315140455961,10.));
#10937=CARTESIAN_POINT('',(-22.6411991380155,31.3315140455961,11.));
#10938=CARTESIAN_POINT('Ctrl Pts',(-22.6411991380155,31.3315140455961,11.));
#10939=CARTESIAN_POINT('Ctrl Pts',(-22.540233544209,31.3329098672374,11.));
#10940=CARTESIAN_POINT('Ctrl Pts',(-22.3788602921266,31.3351408081856,11.));
#10941=CARTESIAN_POINT('Ctrl Pts',(-22.226282511599,31.2848538643628,11.));
#10942=CARTESIAN_POINT('Ctrl Pts',(-22.1691673062742,31.2660297006369,11.));
#10943=CARTESIAN_POINT('',(-22.6411991380155,31.3315140455961,10.));
#10944=CARTESIAN_POINT('Origin',(-23.5470657609403,31.3315140455961,10.));
#10945=CARTESIAN_POINT('',(-23.5470657609403,31.3315140455961,10.));
#10946=CARTESIAN_POINT('',(-11.7735328804702,31.3315140455961,10.));
#10947=CARTESIAN_POINT('',(-23.5470657609403,31.3315140455961,11.));
#10948=CARTESIAN_POINT('',(-22.6411991380155,31.3315140455961,11.));
#10949=CARTESIAN_POINT('',(-23.5470657609403,31.3315140455961,10.));
#10950=CARTESIAN_POINT('Origin',(-23.7708037160337,30.2564802020788,10.));
#10951=CARTESIAN_POINT('',(-26.2951657145703,18.1272257777093,10.));
#10952=CARTESIAN_POINT('',(-23.5470657609403,31.3315140455961,11.));
#10953=CARTESIAN_POINT('Origin',(-25.0668471120298,27.9999997466803,10.));
#10954=CARTESIAN_POINT('',(-24.2428367398679,27.9999997466803,10.));
#10955=CARTESIAN_POINT('',(-25.0668471120298,27.9999997466803,10.));
#10956=CARTESIAN_POINT('',(-12.5334235560149,27.9999997466803,10.));
#10957=CARTESIAN_POINT('',(-24.2428367398679,27.9999997466803,11.));
#10958=CARTESIAN_POINT('',(-24.2428367398679,27.9999997466803,10.));
#10959=CARTESIAN_POINT('',(-25.0668471120298,27.9999997466803,11.));
#10960=CARTESIAN_POINT('',(-24.2428367398679,27.9999997466803,11.));
#10961=CARTESIAN_POINT('',(-25.0668471120298,27.9999997466803,10.));
#10962=CARTESIAN_POINT('Origin',(-24.2291944287717,31.9999998062849,10.));
#10963=CARTESIAN_POINT('',(-24.2291944287717,31.9999998062849,10.));
#10964=CARTESIAN_POINT('',(-26.9300883961531,19.1025588424591,10.));
#10965=CARTESIAN_POINT('',(-24.2291944287717,31.9999998062849,11.));
#10966=CARTESIAN_POINT('',(-25.0668471120298,27.9999997466803,11.));
#10967=CARTESIAN_POINT('',(-24.2291944287717,31.9999998062849,10.));
#10968=CARTESIAN_POINT('Origin',(-22.452931907028,31.9999998062849,10.));
#10969=CARTESIAN_POINT('',(-22.452931907028,31.9999998062849,10.));
#10970=CARTESIAN_POINT('',(-11.226465953514,31.9999998062849,10.));
#10971=CARTESIAN_POINT('',(-22.452931907028,31.9999998062849,11.));
#10972=CARTESIAN_POINT('',(-24.2291944287717,31.9999998062849,11.));
#10973=CARTESIAN_POINT('',(-22.452931907028,31.9999998062849,10.));
#10974=CARTESIAN_POINT('Ctrl Pts',(-21.7394261620939,31.9058658927679,10.));
#10975=CARTESIAN_POINT('Ctrl Pts',(-21.7394261620939,31.9058658927679,11.));
#10976=CARTESIAN_POINT('Ctrl Pts',(-21.8408593899629,31.9332034189706,10.));
#10977=CARTESIAN_POINT('Ctrl Pts',(-21.8408593899629,31.9332034189706,11.));
#10978=CARTESIAN_POINT('Ctrl Pts',(-22.0741828652162,31.9960870198621,10.));
#10979=CARTESIAN_POINT('Ctrl Pts',(-22.0741828652162,31.9960870198621,11.));
#10980=CARTESIAN_POINT('Ctrl Pts',(-22.3161536270106,31.9985867751273,10.));
#10981=CARTESIAN_POINT('Ctrl Pts',(-22.3161536270106,31.9985867751273,11.));
#10982=CARTESIAN_POINT('Ctrl Pts',(-22.452931907028,31.9999998062849,10.));
#10983=CARTESIAN_POINT('Ctrl Pts',(-22.452931907028,31.9999998062849,11.));
#10984=CARTESIAN_POINT('',(-21.7394261620939,31.9058658927679,10.));
#10985=CARTESIAN_POINT('Ctrl Pts',(-22.452931907028,31.9999998062849,10.));
#10986=CARTESIAN_POINT('Ctrl Pts',(-22.3161536270106,31.9985867751273,10.));
#10987=CARTESIAN_POINT('Ctrl Pts',(-22.0741828652162,31.9960870198621,10.));
#10988=CARTESIAN_POINT('Ctrl Pts',(-21.8408593899629,31.9332034189706,10.));
#10989=CARTESIAN_POINT('Ctrl Pts',(-21.7394261620939,31.9058658927679,10.));
#10990=CARTESIAN_POINT('',(-21.7394261620939,31.9058658927679,11.));
#10991=CARTESIAN_POINT('Ctrl Pts',(-21.7394261620939,31.9058658927679,11.));
#10992=CARTESIAN_POINT('Ctrl Pts',(-21.8408593899629,31.9332034189706,11.));
#10993=CARTESIAN_POINT('Ctrl Pts',(-22.0741828652162,31.9960870198621,11.));
#10994=CARTESIAN_POINT('Ctrl Pts',(-22.3161536270106,31.9985867751273,11.));
#10995=CARTESIAN_POINT('Ctrl Pts',(-22.452931907028,31.9999998062849,11.));
#10996=CARTESIAN_POINT('',(-21.7394261620939,31.9058658927679,10.));
#10997=CARTESIAN_POINT('Ctrl Pts',(-21.3274209760129,31.5607091039419,10.));
#10998=CARTESIAN_POINT('Ctrl Pts',(-21.3274209760129,31.5607091039419,11.));
#10999=CARTESIAN_POINT('Ctrl Pts',(-21.3827901705942,31.6374613903064,10.));
#11000=CARTESIAN_POINT('Ctrl Pts',(-21.3827901705942,31.6374613903064,11.));
#11001=CARTESIAN_POINT('Ctrl Pts',(-21.4910376441952,31.7875130779801,10.));
#11002=CARTESIAN_POINT('Ctrl Pts',(-21.4910376441952,31.7875130779801,11.));
#11003=CARTESIAN_POINT('Ctrl Pts',(-21.6579099727753,31.8670248443239,10.));
#11004=CARTESIAN_POINT('Ctrl Pts',(-21.6579099727753,31.8670248443239,11.));
#11005=CARTESIAN_POINT('Ctrl Pts',(-21.7394261620939,31.9058658927679,10.));
#11006=CARTESIAN_POINT('Ctrl Pts',(-21.7394261620939,31.9058658927679,11.));
#11007=CARTESIAN_POINT('',(-21.3274209760129,31.5607091039419,10.));
#11008=CARTESIAN_POINT('Ctrl Pts',(-21.7394261620939,31.9058658927679,10.));
#11009=CARTESIAN_POINT('Ctrl Pts',(-21.6579099727753,31.8670248443239,10.));
#11010=CARTESIAN_POINT('Ctrl Pts',(-21.4910376441952,31.7875130779801,10.));
#11011=CARTESIAN_POINT('Ctrl Pts',(-21.3827901705942,31.6374613903064,10.));
#11012=CARTESIAN_POINT('Ctrl Pts',(-21.3274209760129,31.5607091039419,10.));
#11013=CARTESIAN_POINT('',(-21.3274209760129,31.5607091039419,11.));
#11014=CARTESIAN_POINT('Ctrl Pts',(-21.3274209760129,31.5607091039419,11.));
#11015=CARTESIAN_POINT('Ctrl Pts',(-21.3827901705942,31.6374613903064,11.));
#11016=CARTESIAN_POINT('Ctrl Pts',(-21.4910376441952,31.7875130779801,11.));
#11017=CARTESIAN_POINT('Ctrl Pts',(-21.6579099727753,31.8670248443239,11.));
#11018=CARTESIAN_POINT('Ctrl Pts',(-21.7394261620939,31.9058658927679,11.));
#11019=CARTESIAN_POINT('',(-21.3274209760129,31.5607091039419,10.));
#11020=CARTESIAN_POINT('Ctrl Pts',(-21.1705308221281,30.95225058496,10.));
#11021=CARTESIAN_POINT('Ctrl Pts',(-21.1705308221281,30.95225058496,11.));
#11022=CARTESIAN_POINT('Ctrl Pts',(-21.1756627846551,31.0646359719053,10.));
#11023=CARTESIAN_POINT('Ctrl Pts',(-21.1756627846551,31.0646359719053,11.));
#11024=CARTESIAN_POINT('Ctrl Pts',(-21.1854396869609,31.2787413834267,10.));
#11025=CARTESIAN_POINT('Ctrl Pts',(-21.1854396869609,31.2787413834267,11.));
#11026=CARTESIAN_POINT('Ctrl Pts',(-21.2816921063241,31.4698938617788,10.));
#11027=CARTESIAN_POINT('Ctrl Pts',(-21.2816921063241,31.4698938617788,11.));
#11028=CARTESIAN_POINT('Ctrl Pts',(-21.3274209760129,31.5607091039419,10.));
#11029=CARTESIAN_POINT('Ctrl Pts',(-21.3274209760129,31.5607091039419,11.));
#11030=CARTESIAN_POINT('',(-21.1705308221281,30.95225058496,10.));
#11031=CARTESIAN_POINT('Ctrl Pts',(-21.3274209760129,31.5607091039419,10.));
#11032=CARTESIAN_POINT('Ctrl Pts',(-21.2816921063241,31.4698938617788,10.));
#11033=CARTESIAN_POINT('Ctrl Pts',(-21.1854396869609,31.2787413834267,10.));
#11034=CARTESIAN_POINT('Ctrl Pts',(-21.1756627846551,31.0646359719053,10.));
#11035=CARTESIAN_POINT('Ctrl Pts',(-21.1705308221281,30.95225058496,10.));
#11036=CARTESIAN_POINT('',(-21.1705308221281,30.95225058496,11.));
#11037=CARTESIAN_POINT('Ctrl Pts',(-21.1705308221281,30.95225058496,11.));
#11038=CARTESIAN_POINT('Ctrl Pts',(-21.1756627846551,31.0646359719053,11.));
#11039=CARTESIAN_POINT('Ctrl Pts',(-21.1854396869609,31.2787413834267,11.));
#11040=CARTESIAN_POINT('Ctrl Pts',(-21.2816921063241,31.4698938617788,11.));
#11041=CARTESIAN_POINT('Ctrl Pts',(-21.3274209760129,31.5607091039419,11.));
#11042=CARTESIAN_POINT('',(-21.1705308221281,30.95225058496,10.));
#11043=CARTESIAN_POINT('Ctrl Pts',(-21.4761250279844,30.1105048507452,10.));
#11044=CARTESIAN_POINT('Ctrl Pts',(-21.4761250279844,30.1105048507452,11.));
#11045=CARTESIAN_POINT('Ctrl Pts',(-21.3870224504551,30.231194319075,10.));
#11046=CARTESIAN_POINT('Ctrl Pts',(-21.3870224504551,30.231194319075,11.));
#11047=CARTESIAN_POINT('Ctrl Pts',(-21.2024931656861,30.4811392913484,10.));
#11048=CARTESIAN_POINT('Ctrl Pts',(-21.2024931656861,30.4811392913484,11.));
#11049=CARTESIAN_POINT('Ctrl Pts',(-21.1814256101964,30.7916660617633,10.));
#11050=CARTESIAN_POINT('Ctrl Pts',(-21.1814256101964,30.7916660617633,11.));
#11051=CARTESIAN_POINT('Ctrl Pts',(-21.1705308221281,30.95225058496,10.));
#11052=CARTESIAN_POINT('Ctrl Pts',(-21.1705308221281,30.95225058496,11.));
#11053=CARTESIAN_POINT('',(-21.4761250279844,30.1105048507452,10.));
#11054=CARTESIAN_POINT('Ctrl Pts',(-21.1705308221281,30.95225058496,10.));
#11055=CARTESIAN_POINT('Ctrl Pts',(-21.1814256101964,30.7916660617633,10.));
#11056=CARTESIAN_POINT('Ctrl Pts',(-21.2024931656861,30.4811392913484,10.));
#11057=CARTESIAN_POINT('Ctrl Pts',(-21.3870224504551,30.231194319075,10.));
#11058=CARTESIAN_POINT('Ctrl Pts',(-21.4761250279844,30.1105048507452,10.));
#11059=CARTESIAN_POINT('',(-21.4761250279844,30.1105048507452,11.));
#11060=CARTESIAN_POINT('Ctrl Pts',(-21.4761250279844,30.1105048507452,11.));
#11061=CARTESIAN_POINT('Ctrl Pts',(-21.3870224504551,30.231194319075,11.));
#11062=CARTESIAN_POINT('Ctrl Pts',(-21.2024931656861,30.4811392913484,11.));
#11063=CARTESIAN_POINT('Ctrl Pts',(-21.1814256101964,30.7916660617633,11.));
#11064=CARTESIAN_POINT('Ctrl Pts',(-21.1705308221281,30.95225058496,11.));
#11065=CARTESIAN_POINT('',(-21.4761250279844,30.1105048507452,10.));
#11066=CARTESIAN_POINT('Ctrl Pts',(-22.4010901711881,29.6998634189367,10.));
#11067=CARTESIAN_POINT('Ctrl Pts',(-22.4010901711881,29.6998634189367,11.));
#11068=CARTESIAN_POINT('Ctrl Pts',(-22.2132995517749,29.7311105819026,10.));
#11069=CARTESIAN_POINT('Ctrl Pts',(-22.2132995517749,29.7311105819026,11.));
#11070=CARTESIAN_POINT('Ctrl Pts',(-21.8681942807661,29.7885339009016,10.));
#11071=CARTESIAN_POINT('Ctrl Pts',(-21.8681942807661,29.7885339009016,11.));
#11072=CARTESIAN_POINT('Ctrl Pts',(-21.5988873531386,30.0096912772388,10.));
#11073=CARTESIAN_POINT('Ctrl Pts',(-21.5988873531386,30.0096912772388,11.));
#11074=CARTESIAN_POINT('Ctrl Pts',(-21.4761250279844,30.1105048507452,10.));
#11075=CARTESIAN_POINT('Ctrl Pts',(-21.4761250279844,30.1105048507452,11.));
#11076=CARTESIAN_POINT('',(-22.4010901711881,29.6998634189367,10.));
#11077=CARTESIAN_POINT('Ctrl Pts',(-21.4761250279844,30.1105048507452,10.));
#11078=CARTESIAN_POINT('Ctrl Pts',(-21.5988873531386,30.0096912772388,10.));
#11079=CARTESIAN_POINT('Ctrl Pts',(-21.8681942807661,29.7885339009016,10.));
#11080=CARTESIAN_POINT('Ctrl Pts',(-22.2132995517749,29.7311105819026,10.));
#11081=CARTESIAN_POINT('Ctrl Pts',(-22.4010901711881,29.6998634189367,10.));
#11082=CARTESIAN_POINT('',(-22.4010901711881,29.6998634189367,11.));
#11083=CARTESIAN_POINT('Ctrl Pts',(-22.4010901711881,29.6998634189367,11.));
#11084=CARTESIAN_POINT('Ctrl Pts',(-22.2132995517749,29.7311105819026,11.));
#11085=CARTESIAN_POINT('Ctrl Pts',(-21.8681942807661,29.7885339009016,11.));
#11086=CARTESIAN_POINT('Ctrl Pts',(-21.5988873531386,30.0096912772388,11.));
#11087=CARTESIAN_POINT('Ctrl Pts',(-21.4761250279844,30.1105048507452,11.));
#11088=CARTESIAN_POINT('',(-22.4010901711881,29.6998634189367,10.));
#11089=CARTESIAN_POINT('Ctrl Pts',(-22.1036820672452,29.326057061553,10.));
#11090=CARTESIAN_POINT('Ctrl Pts',(-22.1036820672452,29.326057061553,11.));
#11091=CARTESIAN_POINT('Ctrl Pts',(-22.1490518410072,29.397954588099,10.));
#11092=CARTESIAN_POINT('Ctrl Pts',(-22.1490518410072,29.397954588099,11.));
#11093=CARTESIAN_POINT('Ctrl Pts',(-22.2345773626711,29.5334869691167,10.));
#11094=CARTESIAN_POINT('Ctrl Pts',(-22.2345773626711,29.5334869691167,11.));
#11095=CARTESIAN_POINT('Ctrl Pts',(-22.3478885574206,29.6467053724046,10.));
#11096=CARTESIAN_POINT('Ctrl Pts',(-22.3478885574206,29.6467053724046,11.));
#11097=CARTESIAN_POINT('Ctrl Pts',(-22.4010901711881,29.6998634189367,10.));
#11098=CARTESIAN_POINT('Ctrl Pts',(-22.4010901711881,29.6998634189367,11.));
#11099=CARTESIAN_POINT('',(-22.1036820672452,29.326057061553,10.));
#11100=CARTESIAN_POINT('Ctrl Pts',(-22.4010901711881,29.6998634189367,10.));
#11101=CARTESIAN_POINT('Ctrl Pts',(-22.3478885574206,29.6467053724046,10.));
#11102=CARTESIAN_POINT('Ctrl Pts',(-22.2345773626711,29.5334869691167,10.));
#11103=CARTESIAN_POINT('Ctrl Pts',(-22.1490518410072,29.397954588099,10.));
#11104=CARTESIAN_POINT('Ctrl Pts',(-22.1036820672452,29.326057061553,10.));
#11105=CARTESIAN_POINT('',(-22.1036820672452,29.326057061553,11.));
#11106=CARTESIAN_POINT('Ctrl Pts',(-22.1036820672452,29.326057061553,11.));
#11107=CARTESIAN_POINT('Ctrl Pts',(-22.1490518410072,29.397954588099,11.));
#11108=CARTESIAN_POINT('Ctrl Pts',(-22.2345773626711,29.5334869691167,11.));
#11109=CARTESIAN_POINT('Ctrl Pts',(-22.3478885574206,29.6467053724046,11.));
#11110=CARTESIAN_POINT('Ctrl Pts',(-22.4010901711881,29.6998634189367,11.));
#11111=CARTESIAN_POINT('',(-22.1036820672452,29.326057061553,10.));
#11112=CARTESIAN_POINT('Ctrl Pts',(-21.4897673390806,27.9999997466803,10.));
#11113=CARTESIAN_POINT('Ctrl Pts',(-21.4897673390806,27.9999997466803,11.));
#11114=CARTESIAN_POINT('Ctrl Pts',(-21.5921389332546,28.2557235795674,10.));
#11115=CARTESIAN_POINT('Ctrl Pts',(-21.5921389332546,28.2557235795674,11.));
#11116=CARTESIAN_POINT('Ctrl Pts',(-21.7734632875478,28.7086710915187,10.));
#11117=CARTESIAN_POINT('Ctrl Pts',(-21.7734632875478,28.7086710915187,11.));
#11118=CARTESIAN_POINT('Ctrl Pts',(-22.0035131216998,29.1387784892395,10.));
#11119=CARTESIAN_POINT('Ctrl Pts',(-22.0035131216998,29.1387784892395,11.));
#11120=CARTESIAN_POINT('Ctrl Pts',(-22.1036820672452,29.326057061553,10.));
#11121=CARTESIAN_POINT('Ctrl Pts',(-22.1036820672452,29.326057061553,11.));
#11122=CARTESIAN_POINT('',(-21.4897673390806,27.9999997466803,10.));
#11123=CARTESIAN_POINT('Ctrl Pts',(-22.1036820672452,29.326057061553,10.));
#11124=CARTESIAN_POINT('Ctrl Pts',(-22.0035131216998,29.1387784892395,10.));
#11125=CARTESIAN_POINT('Ctrl Pts',(-21.7734632875478,28.7086710915187,10.));
#11126=CARTESIAN_POINT('Ctrl Pts',(-21.5921389332546,28.2557235795674,10.));
#11127=CARTESIAN_POINT('Ctrl Pts',(-21.4897673390806,27.9999997466803,10.));
#11128=CARTESIAN_POINT('',(-21.4897673390806,27.9999997466803,11.));
#11129=CARTESIAN_POINT('Ctrl Pts',(-21.4897673390806,27.9999997466803,11.));
#11130=CARTESIAN_POINT('Ctrl Pts',(-21.5921389332546,28.2557235795674,11.));
#11131=CARTESIAN_POINT('Ctrl Pts',(-21.7734632875478,28.7086710915187,11.));
#11132=CARTESIAN_POINT('Ctrl Pts',(-22.0035131216998,29.1387784892395,11.));
#11133=CARTESIAN_POINT('Ctrl Pts',(-22.1036820672452,29.326057061553,11.));
#11134=CARTESIAN_POINT('',(-21.4897673390806,27.9999997466803,10.));
#11135=CARTESIAN_POINT('Origin',(-22.3738055489957,27.9999997466803,10.));
#11136=CARTESIAN_POINT('',(-22.3738055489957,27.9999997466803,10.));
#11137=CARTESIAN_POINT('',(-11.1869027744979,27.9999997466803,10.));
#11138=CARTESIAN_POINT('',(-22.3738055489957,27.9999997466803,11.));
#11139=CARTESIAN_POINT('',(-21.4897673390806,27.9999997466803,11.));
#11140=CARTESIAN_POINT('',(-22.3738055489957,27.9999997466803,10.));
#11141=CARTESIAN_POINT('Ctrl Pts',(-22.7912681363523,29.055934175849,10.));
#11142=CARTESIAN_POINT('Ctrl Pts',(-22.7912681363523,29.055934175849,11.));
#11143=CARTESIAN_POINT('Ctrl Pts',(-22.7017473039191,28.8494681602564,10.));
#11144=CARTESIAN_POINT('Ctrl Pts',(-22.7017473039191,28.8494681602564,11.));
#11145=CARTESIAN_POINT('Ctrl Pts',(-22.5510823593325,28.5019826649505,10.));
#11146=CARTESIAN_POINT('Ctrl Pts',(-22.5510823593325,28.5019826649505,11.));
#11147=CARTESIAN_POINT('Ctrl Pts',(-22.4249810432841,28.1449099801056,10.));
#11148=CARTESIAN_POINT('Ctrl Pts',(-22.4249810432841,28.1449099801056,11.));
#11149=CARTESIAN_POINT('Ctrl Pts',(-22.3738055489957,27.9999997466803,10.));
#11150=CARTESIAN_POINT('Ctrl Pts',(-22.3738055489957,27.9999997466803,11.));
#11151=CARTESIAN_POINT('',(-22.7912681363523,29.055934175849,10.));
#11152=CARTESIAN_POINT('Ctrl Pts',(-22.3738055489957,27.9999997466803,10.));
#11153=CARTESIAN_POINT('Ctrl Pts',(-22.4249810432841,28.1449099801056,10.));
#11154=CARTESIAN_POINT('Ctrl Pts',(-22.5510823593325,28.5019826649505,10.));
#11155=CARTESIAN_POINT('Ctrl Pts',(-22.7017473039191,28.8494681602564,10.));
#11156=CARTESIAN_POINT('Ctrl Pts',(-22.7912681363523,29.055934175849,10.));
#11157=CARTESIAN_POINT('',(-22.7912681363523,29.055934175849,11.));
#11158=CARTESIAN_POINT('Ctrl Pts',(-22.7912681363523,29.055934175849,11.));
#11159=CARTESIAN_POINT('Ctrl Pts',(-22.7017473039191,28.8494681602564,11.));
#11160=CARTESIAN_POINT('Ctrl Pts',(-22.5510823593325,28.5019826649505,11.));
#11161=CARTESIAN_POINT('Ctrl Pts',(-22.4249810432841,28.1449099801056,11.));
#11162=CARTESIAN_POINT('Ctrl Pts',(-22.3738055489957,27.9999997466803,11.));
#11163=CARTESIAN_POINT('',(-22.7912681363523,29.055934175849,10.));
#11164=CARTESIAN_POINT('Ctrl Pts',(-23.1514315865934,29.5770802348852,10.));
#11165=CARTESIAN_POINT('Ctrl Pts',(-23.1514315865934,29.5770802348852,11.));
#11166=CARTESIAN_POINT('Ctrl Pts',(-23.0855520828296,29.5142769076719,10.));
#11167=CARTESIAN_POINT('Ctrl Pts',(-23.0855520828296,29.5142769076719,11.));
#11168=CARTESIAN_POINT('Ctrl Pts',(-22.9301007879757,29.366084253224,10.));
#11169=CARTESIAN_POINT('Ctrl Pts',(-22.9301007879757,29.366084253224,11.));
#11170=CARTESIAN_POINT('Ctrl Pts',(-22.8420204530974,29.1693140960724,10.));
#11171=CARTESIAN_POINT('Ctrl Pts',(-22.8420204530974,29.1693140960724,11.));
#11172=CARTESIAN_POINT('Ctrl Pts',(-22.7912681363523,29.055934175849,10.));
#11173=CARTESIAN_POINT('Ctrl Pts',(-22.7912681363523,29.055934175849,11.));
#11174=CARTESIAN_POINT('',(-23.1514315865934,29.5770802348852,10.));
#11175=CARTESIAN_POINT('Ctrl Pts',(-22.7912681363523,29.055934175849,10.));
#11176=CARTESIAN_POINT('Ctrl Pts',(-22.8420204530974,29.1693140960724,10.));
#11177=CARTESIAN_POINT('Ctrl Pts',(-22.9301007879757,29.366084253224,10.));
#11178=CARTESIAN_POINT('Ctrl Pts',(-23.0855520828296,29.5142769076719,10.));
#11179=CARTESIAN_POINT('Ctrl Pts',(-23.1514315865934,29.5770802348852,10.));
#11180=CARTESIAN_POINT('',(-23.1514315865934,29.5770802348852,11.));
#11181=CARTESIAN_POINT('Ctrl Pts',(-23.1514315865934,29.5770802348852,11.));
#11182=CARTESIAN_POINT('Ctrl Pts',(-23.0855520828296,29.5142769076719,11.));
#11183=CARTESIAN_POINT('Ctrl Pts',(-22.9301007879757,29.366084253224,11.));
#11184=CARTESIAN_POINT('Ctrl Pts',(-22.8420204530974,29.1693140960724,11.));
#11185=CARTESIAN_POINT('Ctrl Pts',(-22.7912681363523,29.055934175849,11.));
#11186=CARTESIAN_POINT('',(-23.1514315865934,29.5770802348852,10.));
#11187=CARTESIAN_POINT('Ctrl Pts',(-23.5607080720365,29.6562071889639,10.));
#11188=CARTESIAN_POINT('Ctrl Pts',(-23.5607080720365,29.6562071889639,11.));
#11189=CARTESIAN_POINT('Ctrl Pts',(-23.4765038131787,29.6561635324365,10.));
#11190=CARTESIAN_POINT('Ctrl Pts',(-23.4765038131787,29.6561635324365,11.));
#11191=CARTESIAN_POINT('Ctrl Pts',(-23.3342975653485,29.6560898042066,10.));
#11192=CARTESIAN_POINT('Ctrl Pts',(-23.3342975653485,29.6560898042066,11.));
#11193=CARTESIAN_POINT('Ctrl Pts',(-23.2044093793784,29.5999699633084,10.));
#11194=CARTESIAN_POINT('Ctrl Pts',(-23.2044093793784,29.5999699633084,11.));
#11195=CARTESIAN_POINT('Ctrl Pts',(-23.1514315865934,29.5770802348852,10.));
#11196=CARTESIAN_POINT('Ctrl Pts',(-23.1514315865934,29.5770802348852,11.));
#11197=CARTESIAN_POINT('',(-23.5607080720365,29.6562071889639,10.));
#11198=CARTESIAN_POINT('Ctrl Pts',(-23.1514315865934,29.5770802348852,10.));
#11199=CARTESIAN_POINT('Ctrl Pts',(-23.2044093793784,29.5999699633084,10.));
#11200=CARTESIAN_POINT('Ctrl Pts',(-23.3342975653485,29.6560898042066,10.));
#11201=CARTESIAN_POINT('Ctrl Pts',(-23.4765038131787,29.6561635324365,10.));
#11202=CARTESIAN_POINT('Ctrl Pts',(-23.5607080720365,29.6562071889639,10.));
#11203=CARTESIAN_POINT('',(-23.5607080720365,29.6562071889639,11.));
#11204=CARTESIAN_POINT('Ctrl Pts',(-23.5607080720365,29.6562071889639,11.));
#11205=CARTESIAN_POINT('Ctrl Pts',(-23.4765038131787,29.6561635324365,11.));
#11206=CARTESIAN_POINT('Ctrl Pts',(-23.3342975653485,29.6560898042066,11.));
#11207=CARTESIAN_POINT('Ctrl Pts',(-23.2044093793784,29.5999699633084,11.));
#11208=CARTESIAN_POINT('Ctrl Pts',(-23.1514315865934,29.5770802348852,11.));
#11209=CARTESIAN_POINT('',(-23.5607080720365,29.6562071889639,10.));
#11210=CARTESIAN_POINT('Origin',(-23.896315600723,29.6562071889639,10.));
#11211=CARTESIAN_POINT('',(-23.896315600723,29.6562071889639,10.));
#11212=CARTESIAN_POINT('',(-11.9481578003615,29.6562071889639,10.));
#11213=CARTESIAN_POINT('',(-23.896315600723,29.6562071889639,11.));
#11214=CARTESIAN_POINT('',(-23.5607080720365,29.6562071889639,11.));
#11215=CARTESIAN_POINT('',(-23.896315600723,29.6562071889639,10.));
#11216=CARTESIAN_POINT('Origin',(-24.2428367398679,27.9999997466803,10.));
#11217=CARTESIAN_POINT('',(-26.5407830428861,17.0169013463389,10.));
#11218=CARTESIAN_POINT('',(-23.896315600723,29.6562071889639,11.));
#11219=CARTESIAN_POINT('Origin',(1.28522515296936E-6,29.9986354261637,11.));
#11220=CARTESIAN_POINT('Origin',(0.,0.,10.));
#11221=CARTESIAN_POINT('Origin',(-41.9,34.,0.));
#11222=CARTESIAN_POINT('',(-46.9,34.,10.));
#11223=CARTESIAN_POINT('',(-41.9,39.,10.));
#11224=CARTESIAN_POINT('Origin',(-41.9,34.,10.));
#11225=CARTESIAN_POINT('',(-41.9,39.,5.));
#11226=CARTESIAN_POINT('',(-41.9,39.,0.));
#11227=CARTESIAN_POINT('',(-46.9,34.,5.));
#11228=CARTESIAN_POINT('Origin',(-41.9,34.,5.));
#11229=CARTESIAN_POINT('',(-46.9,34.,0.));
#11230=CARTESIAN_POINT('Origin',(46.9,39.,0.));
#11231=CARTESIAN_POINT('',(41.9,39.,10.));
#11232=CARTESIAN_POINT('',(46.9,39.,10.));
#11233=CARTESIAN_POINT('',(41.9,39.,5.));
#11234=CARTESIAN_POINT('',(41.9,39.,0.));
#11235=CARTESIAN_POINT('',(23.45,39.,5.));
#11236=CARTESIAN_POINT('Origin',(0.,0.,10.));
#11237=CARTESIAN_POINT('',(-46.9,-34.,10.));
#11238=CARTESIAN_POINT('',(-46.9,39.,10.));
#11239=CARTESIAN_POINT('',(-41.9,-39.,10.));
#11240=CARTESIAN_POINT('Origin',(-41.9,-34.,10.));
#11241=CARTESIAN_POINT('',(41.9,-39.,10.));
#11242=CARTESIAN_POINT('',(-46.9,-39.,10.));
#11243=CARTESIAN_POINT('',(46.9,-34.,10.));
#11244=CARTESIAN_POINT('Origin',(41.9,-34.,10.));
#11245=CARTESIAN_POINT('',(46.9,34.,10.));
#11246=CARTESIAN_POINT('',(46.9,-39.,10.));
#11247=CARTESIAN_POINT('Origin',(41.9,34.,10.));
#11248=CARTESIAN_POINT('',(26.,-21.95,10.));
#11249=CARTESIAN_POINT('',(26.,21.95,10.));
#11250=CARTESIAN_POINT('',(26.,8.475,10.));
#11251=CARTESIAN_POINT('',(-26.,-21.95,10.));
#11252=CARTESIAN_POINT('',(10.5,-21.95,10.));
#11253=CARTESIAN_POINT('',(-26.,21.95,10.));
#11254=CARTESIAN_POINT('',(-26.,-8.475,10.));
#11255=CARTESIAN_POINT('',(-10.5,21.95,10.));
#11256=CARTESIAN_POINT('',(-38.9466991411009,33.6966991411009,10.));
#11257=CARTESIAN_POINT('Origin',(-41.5966991411009,33.6966991411009,10.));
#11258=CARTESIAN_POINT('',(-38.9466991411009,-33.6966991411009,10.));
#11259=CARTESIAN_POINT('Origin',(-41.5966991411009,-33.6966991411009,10.));
#11260=CARTESIAN_POINT('',(44.2466991411009,33.6966991411009,10.));
#11261=CARTESIAN_POINT('Origin',(41.5966991411009,33.6966991411009,10.));
#11262=CARTESIAN_POINT('',(44.2466991411009,-33.6966991411009,10.));
#11263=CARTESIAN_POINT('Origin',(41.5966991411009,-33.6966991411009,10.));
#11264=CARTESIAN_POINT('Origin',(-41.9,-34.,0.));
#11265=CARTESIAN_POINT('',(-46.9,-34.,5.));
#11266=CARTESIAN_POINT('',(-46.9,-34.,0.));
#11267=CARTESIAN_POINT('',(-41.9,-39.,5.));
#11268=CARTESIAN_POINT('Origin',(-41.9,-34.,5.));
#11269=CARTESIAN_POINT('',(-41.9,-39.,0.));
#11270=CARTESIAN_POINT('Origin',(-46.9,-39.,0.));
#11271=CARTESIAN_POINT('',(41.9,-39.,5.));
#11272=CARTESIAN_POINT('',(-23.45,-39.,5.));
#11273=CARTESIAN_POINT('',(41.9,-39.,0.));
#11274=CARTESIAN_POINT('Origin',(41.9,-34.,0.));
#11275=CARTESIAN_POINT('',(46.9,-34.,5.));
#11276=CARTESIAN_POINT('Origin',(41.9,-34.,5.));
#11277=CARTESIAN_POINT('',(46.9,-34.,0.));
#11278=CARTESIAN_POINT('Origin',(41.9,34.,0.));
#11279=CARTESIAN_POINT('',(46.9,34.,5.));
#11280=CARTESIAN_POINT('',(46.9,34.,0.));
#11281=CARTESIAN_POINT('Origin',(41.9,34.,5.));
#11282=CARTESIAN_POINT('Origin',(0.,0.,5.));
#11283=CARTESIAN_POINT('',(46.9,-19.5,5.));
#11284=CARTESIAN_POINT('',(-46.9,19.5,5.));
#11285=CARTESIAN_POINT('',(43.0966991411009,-33.6966991411009,5.));
#11286=CARTESIAN_POINT('Origin',(41.5966991411009,-33.6966991411009,5.));
#11287=CARTESIAN_POINT('',(-40.0966991411009,33.6966991411009,5.));
#11288=CARTESIAN_POINT('Origin',(-41.5966991411009,33.6966991411009,5.));
#11289=CARTESIAN_POINT('',(-40.0966991411009,-33.6966991411009,5.));
#11290=CARTESIAN_POINT('Origin',(-41.5966991411009,-33.6966991411009,5.));
#11291=CARTESIAN_POINT('',(43.0966991411009,33.6966991411009,5.));
#11292=CARTESIAN_POINT('Origin',(41.5966991411009,33.6966991411009,5.));
#11293=CARTESIAN_POINT('',(21.,-16.95,5.));
#11294=CARTESIAN_POINT('',(-21.,-16.95,5.));
#11295=CARTESIAN_POINT('',(10.5,-16.95,5.));
#11296=CARTESIAN_POINT('',(21.,16.95,5.));
#11297=CARTESIAN_POINT('',(21.,8.475,5.));
#11298=CARTESIAN_POINT('',(-21.,16.95,5.));
#11299=CARTESIAN_POINT('',(-10.5,16.95,5.));
#11300=CARTESIAN_POINT('',(-21.,-8.475,5.));
#11301=CARTESIAN_POINT('Origin',(41.5966991411009,-33.6966991411009,10.));
#11302=CARTESIAN_POINT('',(44.2466991411009,-33.6966991411009,7.2));
#11303=CARTESIAN_POINT('',(44.2466991411009,-33.6966991411009,10.));
#11304=CARTESIAN_POINT('Origin',(41.5966991411009,-33.6966991411009,7.2));
#11305=CARTESIAN_POINT('Origin',(41.5966991411009,-33.6966991411009,7.2));
#11306=CARTESIAN_POINT('',(43.0966991411009,-33.6966991411009,7.2));
#11307=CARTESIAN_POINT('Origin',(41.5966991411009,-33.6966991411009,7.2));
#11308=CARTESIAN_POINT('Origin',(41.5966991411009,33.6966991411009,10.));
#11309=CARTESIAN_POINT('',(44.2466991411009,33.6966991411009,7.2));
#11310=CARTESIAN_POINT('',(44.2466991411009,33.6966991411009,10.));
#11311=CARTESIAN_POINT('Origin',(41.5966991411009,33.6966991411009,7.2));
#11312=CARTESIAN_POINT('Origin',(41.5966991411009,33.6966991411009,7.2));
#11313=CARTESIAN_POINT('',(43.0966991411009,33.6966991411009,7.2));
#11314=CARTESIAN_POINT('Origin',(41.5966991411009,33.6966991411009,7.2));
#11315=CARTESIAN_POINT('Origin',(-41.5966991411009,-33.6966991411009,10.));
#11316=CARTESIAN_POINT('',(-38.9466991411009,-33.6966991411009,7.2));
#11317=CARTESIAN_POINT('',(-38.9466991411009,-33.6966991411009,10.));
#11318=CARTESIAN_POINT('Origin',(-41.5966991411009,-33.6966991411009,7.2));
#11319=CARTESIAN_POINT('Origin',(-41.5966991411009,-33.6966991411009,7.2));
#11320=CARTESIAN_POINT('',(-40.0966991411009,-33.6966991411009,7.2));
#11321=CARTESIAN_POINT('Origin',(-41.5966991411009,-33.6966991411009,7.2));
#11322=CARTESIAN_POINT('Origin',(-41.5966991411009,33.6966991411009,10.));
#11323=CARTESIAN_POINT('',(-38.9466991411009,33.6966991411009,7.2));
#11324=CARTESIAN_POINT('',(-38.9466991411009,33.6966991411009,10.));
#11325=CARTESIAN_POINT('Origin',(-41.5966991411009,33.6966991411009,7.2));
#11326=CARTESIAN_POINT('Origin',(-41.5966991411009,33.6966991411009,7.2));
#11327=CARTESIAN_POINT('',(-40.0966991411009,33.6966991411009,7.2));
#11328=CARTESIAN_POINT('Origin',(-41.5966991411009,33.6966991411009,7.2));
#11329=CARTESIAN_POINT('Origin',(41.5966991411009,-33.6966991411009,10.));
#11330=CARTESIAN_POINT('',(43.0966991411009,-33.6966991411009,10.));
#11331=CARTESIAN_POINT('Origin',(-41.5966991411009,33.6966991411009,10.));
#11332=CARTESIAN_POINT('',(-40.0966991411009,33.6966991411009,10.));
#11333=CARTESIAN_POINT('Origin',(-41.5966991411009,-33.6966991411009,10.));
#11334=CARTESIAN_POINT('',(-40.0966991411009,-33.6966991411009,10.));
#11335=CARTESIAN_POINT('Origin',(41.5966991411009,33.6966991411009,10.));
#11336=CARTESIAN_POINT('',(43.0966991411009,33.6966991411009,10.));
#11337=CARTESIAN_POINT('Origin',(26.,8.475,5.));
#11338=CARTESIAN_POINT('Origin',(26.,21.95,5.));
#11339=CARTESIAN_POINT('Origin',(26.,-21.95,5.));
#11340=CARTESIAN_POINT('Origin',(-10.5,21.95,5.));
#11341=CARTESIAN_POINT('Origin',(-26.,21.95,5.));
#11342=CARTESIAN_POINT('Origin',(-26.,-8.475,5.));
#11343=CARTESIAN_POINT('Origin',(-26.,-21.95,5.));
#11344=CARTESIAN_POINT('Origin',(10.5,-21.95,5.));
#11345=CARTESIAN_POINT('Origin',(-46.9,39.,0.));
#11346=CARTESIAN_POINT('Origin',(46.9,-39.,0.));
#11347=UNCERTAINTY_MEASURE_WITH_UNIT(LENGTH_MEASURE(0.01),#11351,
'DISTANCE_ACCURACY_VALUE',
'Maximum model space distance between geometric entities at asserted c
onnectivities');
#11348=UNCERTAINTY_MEASURE_WITH_UNIT(LENGTH_MEASURE(0.01),#11351,
'DISTANCE_ACCURACY_VALUE',
'Maximum model space distance between geometric entities at asserted c
onnectivities');
#11349=(
GEOMETRIC_REPRESENTATION_CONTEXT(3)
GLOBAL_UNCERTAINTY_ASSIGNED_CONTEXT((#11347))
GLOBAL_UNIT_ASSIGNED_CONTEXT((#11351,#11353,#11354))
REPRESENTATION_CONTEXT('','3D')
);
#11350=(
GEOMETRIC_REPRESENTATION_CONTEXT(3)
GLOBAL_UNCERTAINTY_ASSIGNED_CONTEXT((#11348))
GLOBAL_UNIT_ASSIGNED_CONTEXT((#11351,#11353,#11354))
REPRESENTATION_CONTEXT('','3D')
);
#11351=(
LENGTH_UNIT()
NAMED_UNIT(*)
SI_UNIT(.MILLI.,.METRE.)
);
#11352=(
LENGTH_UNIT()
NAMED_UNIT(*)
SI_UNIT($,.METRE.)
);
#11353=(
NAMED_UNIT(*)
PLANE_ANGLE_UNIT()
SI_UNIT($,.RADIAN.)
);
#11354=(
NAMED_UNIT(*)
SI_UNIT($,.STERADIAN.)
SOLID_ANGLE_UNIT()
);
#11355=SHAPE_DEFINITION_REPRESENTATION(#11356,#11357);
#11356=PRODUCT_DEFINITION_SHAPE('',$,#11359);
#11357=SHAPE_REPRESENTATION('',(#5899),#11349);
#11358=PRODUCT_DEFINITION_CONTEXT('part definition',#11363,'design');
#11359=PRODUCT_DEFINITION('Dropsense Mark-2 reciever part-2',
'Dropsense Mark-2 reciever part-2 v8',#11360,#11358);
#11360=PRODUCT_DEFINITION_FORMATION('',$,#11365);
#11361=PRODUCT_RELATED_PRODUCT_CATEGORY(
'Dropsense Mark-2 reciever part-2 v8',
'Dropsense Mark-2 reciever part-2 v8',(#11365));
#11362=APPLICATION_PROTOCOL_DEFINITION('international standard',
'automotive_design',2009,#11363);
#11363=APPLICATION_CONTEXT(
'Core Data for Automotive Mechanical Design Process');
#11364=PRODUCT_CONTEXT('part definition',#11363,'mechanical');
#11365=PRODUCT('Dropsense Mark-2 reciever part-2',
'Dropsense Mark-2 reciever part-2 v8',$,(#11364));
#11366=PRESENTATION_STYLE_ASSIGNMENT((#11367));
#11367=SURFACE_STYLE_USAGE(.BOTH.,#11368);
#11368=SURFACE_SIDE_STYLE('',(#11369));
#11369=SURFACE_STYLE_FILL_AREA(#11370);
#11370=FILL_AREA_STYLE('Plastic - Matte (White)',(#11371));
#11371=FILL_AREA_STYLE_COLOUR('Plastic - Matte (White)',#11372);
#11372=COLOUR_RGB('Plastic - Matte (White)',0.964705882352941,0.964705882352941,
0.952941176470588);
ENDSEC;
END-ISO-10303-21;
